id,restaurant_name,district,cuisine,price,occasion,must_try,url,shortCode,imageUrl,caption
Dd6Da9ZBHu9,三原 (Cubus),銅鑼灣,割烹鐵板燒,$2200 - $2500,慶祝紀念日、拍拖約會、商務聚餐,鐵板瀨尿蝦、鐵板香煎魚翅、A5高森醉和牛,https://www.instagram.com/reel/Dd6Da9ZBHu9/?stkn=NzhxejkyemtvdGI2,Dd6Da9ZBHu9,https://www.instagram.com/p/Dd6Da9ZBHu9/media/?size=l,"只設14席！米芝蓮推介の割烹鐵板燒
地區分類：#fca_銅鑼灣
30秒你就知佢哋點解可以係香港少數拎米芝蓮嘅鐵板燒！
自2025年獲選入米芝蓮指南由三原先生主理，所有師傅都係日本人！菜式行新派路線，融入割烹料理於鐵板燒之中冠極少數做到每道菜都充滿驚喜~
0全新秋季套餐（$2280/位）
-
•低溫慢煮和牛舌|九條蔥醬|山藥泥
•刺身二種盛（池魚•吞拿魚）
•基爾帕特里克生蠔
•鐵板香煎魚翅
•香煎花膠配濃白雞湯
•鐵板瀨尿蝦配醬油牛油汁
•香煎甘鯛配青苔醬
•清蒸蝦夷鮑魚配烤茄子醬
•A4 熊本和牛沙朗| A5高森""醉""和牛菲力
•蒲燒秋刀魚土鍋飯
•赤味噌湯|漬物
•橘子果凍
/
•布丁阿拉莫多
一共12品，重點係每道菜都咁有水準！Highlight位：
鐵板香煎魚翅：魚翅煎至帶微脆，內裏保持軟糯帶膠質感～鐵板瀨尿蝦：全晚MVP！！每一隻都係爆哂膏而且好厚肉，與招牌醬油牛油汁很Match~
主食試匀A4熊本和牛+A5高森""醉""和牛，油香明顯A4和牛會
更特出，但兩者都做到入口即化嘅效果
艹 秘季限定-蒲燒秋刀魚土鍋飯，最近當造的秋刀魚，配上松茸以及山椒，係好Earthy嘅味道。
三原 （Cubus）（銅鑼灣）
銅鑼灣開平道1號Cubus 3樓C號舖
foodcafealcoholic"
,180° Modern Fire Grill,中環,西式,400-600,拍拖約會,煙燻烤雞、酸種麵包配焦香牛油、白味噌焦香巴斯克芝士蛋糕,https://www.instagram.com/p/Dd1Nw1_B6sv/,Dd1Nw1_B6sv,,"🔥煙燻熟成三黄雞! 中環全新炭火燒烤餐廳🍴
-
地區分類：#fca_中環 
-
繼法式小餐館Babette及Chouchou，Chef Cédric Tsia再係中環開設直火燒烤餐廳，大玩備長炭火煙熏風味🔥 如果大家都試過之前嗰兩間，都知道質素喺信心保證🤭✨ 所以今次可以大膽去試～
-
•酸種麵包·焦香牛油 ($48)
•炭火法式黃酒青口 ($168)
•香脆麻辣炸雞粒 ($138)
•中拖羅吞拿魚·法式布里歐吐司 ($58/pc)

超想試嘅就係青口，食到係新鮮，但係偏細粒，所以作為前菜都啱嘅🤭 隱約會有啲煙燻香味～ 唔好意思酸種麵包都要介紹，因為個焦香牛油係超級香‼️ 記住要留返返嚟點青口個醬～ 
*
•煙燻烤雞｜濃醬油｜炭烤馬鈴薯 ($328/半隻)
•本地鮮魷魚｜烤椒堅果醬 ($208)
•炭烤牛骨髓鑄鐵鍋飯 ($128)

招牌煙燻烤雞，用自家濃醬油醃製，經過三日時間乾式熟成+車厘子木煙燻，外皮超香而且肉質嫩滑多汁😍 就算雞胸位置都食到！但係食到最後可能偏重味～ 本地鮮魷魚🦑 一食就知係超新鮮，QQ嫩嫩的，幾鍾意個醬加咗刁草🌿
炭烤牛骨隨鑄鐵鍋飯，充滿牛油香，最重要係下面全部都係飯焦 ！
*
•白味噌焦香巴斯克芝士蛋糕 ($108)
•75%朱古力熔岩蛋糕 ($138)

甜品有驚喜!!! 白味噌+焦香Basque Burnt Cheesecake，好似海鹽焦糖咁，鹹甜感好 balance😳 每人一半都唔會膩～
-
180° Modern Fire Grill (中環)
中環雲咸街43-45號余悅禮行地下F-J號舖"
,Homeland,旺角,西式,100-200,打卡必到,芝加哥煙腩薯仔酥皮薄餅、干邑醬漬赤蝦意粉、無花果伯爵茶奶蓋巴斯克蛋糕,https://www.instagram.com/p/Dd30XYMhAGu/,Dd30XYMhAGu,,"✨年度最有意義聚會! 超強畫碟為浪浪發聲💕
-
地區分類：#fca_旺角
-
依間餐廳喺旺角區出晒名畫碟夠勁，而家連畫碟都為流浪動物發聲，今次冇理由唔去朝聖一下吧～🤭 
-
🍕 Pizza薄餅2人餐 ($398/2位)
•黑松露牛肝菌蘑菇湯
•法式龍蝦海鮮濃湯
•無花果帶子花束沙律 (+$18)
•芝加哥煙腩薯仔酥皮薄餅
•酥脆雞翼拼盤9隻

食足4道菜都係人均$199😳 自選餐湯以及沙律！鐘意打卡嘅一定要點無花果帶子花束沙律💐 薄餅推薦芝加哥煙腩薯仔酥皮薄餅，自家製酥皮批底好酥化，面層有薄薄一層薯蓉，加上香脆煙腩，整體口感好正✨ 跟餐所有飲品7折優惠，包括酒精飲品喔～
*
•干邑醬漬赤蝦意粉 ($168) 
依個意粉係so Far Favourite 🤭 赤蝦夠鮮而且帶干邑嘅香甜味～ 意粉亦落左蝦油去煮！
*
•無花果伯爵茶奶蓋巴斯克蛋糕 ($118)
一定要朝聖嘅神級畫碟🥳 教教大家，登記成為會員可以優先預約畫碟+附送4R精美相片和相框！仲可以用優惠價$88水晶鍍膜，將精美畫碟帶走做紀念💕🌹
-
Homeland (彌敦道) (旺角)
旺角彌敦道726號19樓"
,饗 A Joy,,自助餐,,打卡必到,青花剝皮椒烏骨雞湯、月見手工蝦籽麵車海老、鐵板龍蝦、姿燒抱卵香魚、蟹黃小籠湯包,https://www.instagram.com/p/Ddi4LezhMmP/,Ddi4LezhMmP,,"✨人生必訪! 50秒開箱全台最高BUFFET✨
-
地區分類：fca_台灣 
-
留言「BUFFET」DM你全台最高Buffet訂位連結 

完全刷新我對Buffet嘅認知😭❤️ 直接打入人生Buffet的TOP 1! 位於台北101 86層，係都用餐就已經可以沉浸式體驗台灣高空景致！
在這裏不只是 Buffet，這是台灣寫給世界最美味的一封情書～ 
今年饗 A Joy邀請到國際名廚江振誠，共同打造《四季交饗曲》的聯名菜單，為每一季研發三道料理，更在Buffet 餐廳中推出「Selective Dining」的概念，比大家跟著主廚的風味路徑，遊逛饗A Joy🥂 整個Buffet結合台灣在地食材打造成8大餐區，提供300多道料理，真係大到要拎住個地圖揾食🤣
-
< 秋季聯名餐點 >
•月見手工蝦籽麵車海老
•青花剝皮椒烏骨雞湯
•馬賽海鮮湯玄米最中
江振誠聯名三道秋季料理✨ 個人最愛竟然係青花剝皮椒烏骨雞湯，清甜帶剝皮椒+青花椒+藤椒的香味以及辛麻感～ 
Taco 手工蝦籽麵車海老，蝦籽麵包住炸過香脆嘅車海老，配上松露蛋黃醬、明太子以及白蘿蔔泥🔥 咬落係爆哂汁超誇張！
*
< 江振誠主廚風味路徑 >
江主廚識煮就當然試食，係同一個Buffet區打造超神創新料理！現做蟹黃小籠湯包真係做到皮薄兼一口爆汁，但配上現切法國拜雍火腿，個鮮味係出晒嚟🩷
甜品雪糕有近12款口味，江主廚建議的70%巧克力配Espresso很match，但加上蜂蜜🍯，中和了甘苦味，很像更正了！
-
< Buffet區重點推介 >
•鐵板龍蝦
•酥皮花膠佛跳牆
•炙燒A5和牛
•姿燒抱卵香魚
•燒帝王蟹腳
•現開生蠔
•橙酒火焰片皮鴨
龍蝦、鮑魚、帝王蟹腳、日本和牛、生蠔、海膽、拖羅等一應俱全🔥 最估唔到有姿燒原條抱卵香魚!!! 裏面嘅卵多到超誇張😍 
甜品區除左有14款口味雪糕，仲有多款小甜品以及充滿台灣特色嘅現製甜品，包括101造型的女王蜂龍眼蜜雞蛋糕、「嫣紅」紅心芭樂慕斯、蜂蜜檸檬愛玉等～ 甜品控一定超滿意🤓❤️
-
饗 A Joy (信義區)
信義區110台灣台北市信義區信義路五段7號 86樓
@ajoy_tw @andrechiang_sg
#饗ajoy #國際名廚江振誠 #四季交饗曲 #饗用台灣美好之最 #給世界的一封情書"
,Yappari Steak (The ONE),尖沙咀,日本料理,78-168,打卡必到,和牛牛肩胛、Double漢堡扒、肉眼,https://www.instagram.com/p/Dd3d_WKhThW/,Dd3d_WKhThW,,"🇯🇵尖沙咀平民扒房! $78嘆沖繩NO.1石燒牛扒🔥
-
地區分類：#fca_尖沙咀 
-
尖沙咀平民扒房首選！沖繩 No.1 石燒牛扒進駐尖沙咀🇯🇵 石燒牛扒最平$78就食到‼️ 價錢免加一之餘，仲包含無限追加湯+沙律+白飯～ 成個自助區一啲都唔馬虎 牛扒嘅醬汁超齊全，連沙律醬都有兩款！
-
•和牛牛肩胛 ($168)
•肉眼 ($108)
•Double漢堡扒 ($88)
•麻辣蒟蒻肉醬飯 ($58)
•牛肉生菜包 ($58)

用上招牌230°C「富士山熔岩石板」，熱足20分鐘，更能鎖住肉汁💦 但如果鍾意食牛扒生少少嘅朋友仔，就記住快啲從石板上拎走啦～ 牛板腱夠抵玩，個人最鍾意配山葵+蒜香味噌，惹味兼解膩✨
依家仲有新店優惠，用一塊嘅價錢嘆兩塊漢堡扒，double享受🤭‼️ 100%用上純牛肉，所以肉味會濃啲，食得出係真材實料！(優惠至2026年10月4日)
-
Yappari Steak (The ONE) (尖沙咀)
尖沙咀彌敦道100號The ONE 4樓L409號舖"
,Tailor,尖沙咀,Cafe,100-200,打卡必到,壽喜燒慢煮牛小排定食、大舊多士配雪糕,https://www.instagram.com/p/DdvueRsh-ak/,DdvueRsh-ak,,"✨西日風定食! 尖沙咀全新寬敞慢活Cafe🪴
-
地區分類：#fca_尖沙咀 
-
尖沙咀新店速報‼️ 全新3000尺的西日風咖啡店，超強空間感✨ 有唔少咖啡以及手沖咖啡選擇之外，仲有定食、輕食、甜品等選擇。午市定食最平都係$78起～ 終於多個喺商場裏面工作Friendly嘅Cafe😍
-
•壽喜燒慢煮牛小排定食 ($158)
•西京燒三文魚定食 ($158)
•蟹黃明太子蜆肉意粉 ($118)

晚市定食全部都配上豆腐沙律+白麵豉湯+珍珠米飯/冷烏冬🥢 整體調味唔會過重，行返輕盈無負擔路線～ 個人比較推介壽喜燒慢煮牛小排，牛肉份量幾多，醬汁亦不會過甜。其他單點菜式見到仲有Pasta、Risotto 、漢堡包、椰菜花飯等。
*
•烤燕麥片配乳酪 ($68)
•大舊多士配雪糕 ($128)

尖沙咀店新甜品- 大舊多士配雪糕🍞🍨 雙層鬆軟多士加上焦糖面以及唔同配料，好邪惡！
-
Tailor (尖沙咀)
尖沙咀河內道18號K11購物藝術館B1樓B105-B106號舖"
,PICI,中環,西式,,打卡必到,栗子Tiramisu、紅酒燴羊肉波浪闊意粉,https://www.instagram.com/p/DaKlepSBmcb/,DaKlepSBmcb,,"🌰還原栗子Tiramisu! 拿坡里美味黑手黨襲港🍴
-
地區分類：#fca_中環 
-
繼上次料理狂人，今次竟然到黑白大廚人氣冠軍- 拿坡里美味黑手黨，登陸香港親自️整意粉‼🔥 今次聯乘手工意粉店PICI，推出一系列新Pasta!!! 限定Menu仲試到黑白大廚成名作- 栗子Tiramisu～ 快啲趁七月一齊去朝聖吓啦！
-
✨ 𝟏𝟎𝐭𝐡 𝐘𝐞𝐚𝐫 𝐀𝐧𝐧𝐢𝐯𝐞𝐫𝐬𝐚𝐫𝐲 𝐃𝐢𝐧𝐧𝐞𝐫 𝐌𝐞𝐧𝐮
*由即日起至31/7供應
*包括2款前菜+2款意粉+2款甜品
-
< 𝗦𝗧𝗔𝗥𝗧𝗘𝗥𝗦 >
•和牛骨髓他他
•意式冷肉拼盤
*
< 𝗣𝗔𝗦𝗧𝗔 >
•西西里紅蝦他他烏魚子幼麵
•松露白酒肉醬手工圓麵
•韓式燉牛小排意大利雲吞
•鮮刨黑松露細麵

今期一共四款新pasta🍴試咗三款，估唔到MVP竟然係紅酒燴羊肉波浪闊意粉🤭 醬汁濃厚，但係唔會太重味，最重要嘅係份量多，而且波浪闊意粉完美掛滿晒醬汁!!! 
期待已久嘅伏特加通心粉，行酸爽路線，係幾開胃，但唔係個人鍾意嘅style 🍅
地中海風味嘅海鮮粗管麵！集齊八爪魚、龍蝦、青口以及蜆肉，以烏魚子作點綴，入口充滿海鮮嘅鮮味！
*
< 𝗗𝗘𝗦𝗦𝗘𝗥𝗧 >
•栗子提拉米蘇
-
PICI各分店有售"
,The Lasagna Factory,上環,西式,168-228,大班聚會,牛扒配任食意粉、意大利千層麵,https://www.instagram.com/p/DaaWMatBRQI/,DaaWMatBRQI,,"🇮🇹意大利千層麵店! $168食牛扒+任食意粉🍴
-
地區分類：#fca_上環
-
全店超E人嘅意大利千層麵專門店🔥 夜晚有意大利樂手風琴表演+婆婆助興，氣氛超好的!!! 

最重要係極少人知道逢星期三的𝐏𝐚𝐬𝐭𝐚𝐒𝐥𝐱𝐭 𝐖𝐞𝐝𝐧𝐞𝐬𝐝𝐚𝐲𝐬！午市$168, 晚市$228 就可以食牛扒+ Free Flow 多款Pasta 🍝😍 當晚有黑松露白汁卷卷粉、蕃茄長通粉、香辣蒜片意粉、羅勒醬螺絲粉 以及Mac & Cheese 🧀 當steak+任食Pasta始祖Pasteako $398 嘅時候，依到絕對係平平平替！
-
The Lasagna Factory (上環)
上環荷李活道208號地舖"
,KFC,,西式,23-32,打卡必到,蛋沙律貝果、雞肉炒蛋貝果、芝士家鄉雞扒貝果,https://www.instagram.com/p/DdlcdTKhYE8/,DdlcdTKhYE8,,"🥯30秒實測! KFC全新Q彈燙種貝果早餐✨
-
依家KFC早餐時段竟然搵到Bagel嘅身影?! 😍 作為Bagel控立即衝去試～ 
-
KFC Bagel 用上日式燙種工藝製作，以 100°C 熱水揉合麵團，所以鎖水力特別強，打造Q彈口感✨ 食落真係唔會口乾，但感覺煙靭感可以再強啲！幾鍾意裏面有唔少黑芝麻粒，食落都幾香～
🥚蛋沙律貝果
🍳雞肉炒蛋貝果
🐓芝士家鄉雞扒貝果

-
KFC Bagel系列早上11時前供應
套餐配搭香脆薯餅同熱美式咖啡由$32起，單點$25起
平日一至五仲有肯抵deal優惠，蛋沙律Bagel配熱飲都係 $23，輕食啱啱好！
-
📍KFC分店有售
@KFCHK #KFCHK #早餐必食 #bagel"
,安平燒肉,旺角,日本料理,388,大班聚會,澳洲M8和牛、極．厚切檸檬牛舌、日本和牛漢堡、炙烤生蠔,https://www.instagram.com/p/DdoBzFlhx8T/,DdoBzFlhx8T,,"🐂實現牛舌自由! 澳洲M8和牛燒肉放題🔥
-
地區分類：#fca_旺角
-
今年中秋一於同朋友「圍爐」聚餐！
🐂 L3 澳洲M8和牛宴 ($388起/位)*
* 9/14-30（不適用於9/25-27）期間，直接升級無限時‼️ (旺角店：星期一至四)
-
直接鎖定呢幾款回本必叫：

1️⃣ 澳洲M8和牛系列（牛肩胛、牛板腱）：完全睇得出同其他肉嘅分別！油花超平均，入口油香突出同時牛味濃郁，幾Balance喎😍

2️⃣ 極．厚切檸檬牛舌：原條燒牛舌超爽🤭 咁先做到厚切爽脆感，配埋檸檬，完美平衡咗燒肉嘅油膩感‼️ 跟餐仲附送專屬小沙漏，每邊燒2分鐘就啱啱好，完全0失敗！⏳

3️⃣ 日本和牛漢堡：新推介，最重要細細個容易Handle🤣 燒到外層微焦，再用筷子輕輕一撳，肉眼可見的澎湃肉汁！

4️⃣ 海鮮大滿足：任食炙烤生蠔🦪 (鹽蔥/鹽蒜口味)、烤虎蝦🦐、黃油蒜烤帆立貝，威士忌釀鮑魚等～ 
-
安平燒肉 (旺角)
旺角彌敦道601號創興廣場9樓"
,Sushi N,銅鑼灣,日本料理,500-600,拍拖約會,原盒魚子醬配北海道産板雲丹、無限追加拖羅及蝦夷鮑魚壽司,https://www.instagram.com/p/Dd05y4-hNRm/,Dd05y4-hNRm,,"✨任食拖羅/鮑魚壽司! 13品海膽魚子醬0makase🥢
-
地區分類：#fca_銅鑼灣
-
人均$5xx食足十三品祝賀Omakase‼️ 免費慶祝佈置，兼嘆原板海膽 X 頂級魚子醬雙重高奢享受🌹 絕對係入門價體驗Omakase 約會天花板～
-
🎈 お祝い会席 ($1080/二人前)*
*升級無限追加蝦夷鮑魚壽司/拖羅壽司 (+$138/位) 
-
•先付三品
•原盒魚子醬｜北海道産板雲丹
•旬の料理
•旬の寿司五貫
•醬油醃蛋黃｜烤和牛三文魚籽蓋飯
•吸物
•お祝い甘物

MVP一定係每人一盒魚子醬，再配上北海道海膽😍 食得超爽的！旬の料理為燒吞拿魚下顎，主要食返吞拿魚嘅油脂感～ 
五貫廚師發辦壽司，當晚食匀石垣鯛、左口魚裙邊、秋刀魚、平貝以及拖羅壽司🍣 唔夠喉仲可以升級無限追加蝦夷鮑魚壽司/拖羅壽司 (+$138/位) 以Omakase質素而言，食三件起已經輕鬆回本🤭✨
最後當然唔少得儀式感滿滿嘅甜品環節🪅 
-
Sushi N (銅鑼灣)
銅鑼灣恩平道42號亨利中心12樓"
,超級食得開心,灣仔,泰國菜,68,深夜食堂,泰式乾炒河、泰式沙嗲串燒、豬肉船麵,https://www.instagram.com/p/DdYllDQh-Tb/,DdYllDQh-Tb,,"🇹🇭街坊先識路! 灣仔24小時正宗泰菜🥢
-
地區分類：#fca_灣仔
-
自從搬咗嚟灣仔，其中一間食得最多嘅一定係依間，由泰國人開嘅泰菜店，最重要係開24小時，喺附近飲完酒食勁正‼️ 更癲係無論係朝早定夜晚經過都係同一個泰國姐姐，簡直係可以參加三項鐵人賽🥲🤣 Menu基本所有經典泰國菜式都有，價錢水準都正常，凌晨夜麻麻都食到呢啲完全冇投訴啦～

•泰式乾炒河
•泰式沙嗲串燒
•豬肉船麵 ($68)
-
超級食得開心 (灣仔)
灣仔軒尼詩道87號地下AB號舖"
,家賀屋,銅鑼灣,日本料理,200-400,打卡必到,海膽三色脆塔、岩燒辣味雞柳、清酒牛油煮蜆、伊勢龍蝦刺身、開心果巴斯克蛋糕,https://www.instagram.com/p/DdWANS9B0Mj/,DdWANS9B0Mj,,"🏮低成本的頂級儀式感! 二訪銅鑼灣寶藏居酒屋✨
-
地區分類：#fca_銅鑼灣
-
呢間開業咗10幾年嘅居酒屋，如何係逆使開分店+平日晚照樣爆場?! 餐廳主打產地直送日料，經常有半價活動！最正係咁靚嘅Chiikawa畫碟竟然係免費 🎨  打造低成本生日浪漫感💕

‼️私人半價優惠攻略‼️
1️⃣生啤價 $68➛$34/500ml
2️⃣北海道 活白象拔蚌刺身 $680➛$338
3️⃣燒本鮪下顎 $195 ➛$98
4️⃣活伊勢龍蝦刺身 6折 $668➛$398
-
•海膽三色脆塔 ($98)
•辛辣吞拿魚脆塔 ($55)
•炙燒鵝肝和牛他他脆塔 ($85)

新出的Tacos系列‼️ 海膽+三文魚子+吞拿魚蓉三色Taco，這個組合出錯率= 0🤣👍🏻 
*
•岩燒辣味雞柳 ($98)
•鹽燒仙台熟成牛舌芯 ($128)
•清酒牛油煮蜆 ($58)
•伊勢龍蝦刺身 ($398)

居酒屋點都要叫啲佐酒小食😎 大推岩燒辣味雞柳，石燒上台夠哂熱辣辣，食落帶辣同焦脆感好過口癮～ 另外必點清酒牛油煮蜆，蜆肉鮮甜，而且湯汁好香牛油味🧈
三百幾食活龍蝦刺身🦞 即撈即切，肉質好爽甜，完勝今日所有刺身⭐️ WIN
*
•市場刺身丼定食 ($198)
•煙燻月見左口魚邊鐵鍋飯 ($208)

Menu上一系列定食，最平$125就食到丼飯+味噌湯+沙律+蒸蛋！
*
•開心果巴斯克蛋糕 ($55)
另一焦點一定係生日免費畫碟服務🍰✨ $55有咁嘅服務完全冇投訴～ 而且蛋糕係好食的！（需要兩日前WhatsApp預訂畫碟服務）
-
家賀屋 (銅鑼灣)
銅鑼灣渣甸街66號亨環2樓"
,板神鉄板燒日本料理,銅鑼灣,日本料理,190,打卡必到,岩鹽板金箔A5和牛厚燒及薄燒、火焰龍蝦、南非鮑魚配百香果忌廉脆筒,https://www.instagram.com/p/DdLIZ3YBC6E/,DdLIZ3YBC6E,,"🇯🇵火焰龍蝦! 劈價五折嘆鐵板燒🔥
-
地區分類：#fca_銅鑼灣
-
留言「GOD」 DM你4大優惠詳情 + 訂位資訊

乜依家鐵板燒都玩到半價咁誇張?! 午市低至$190/位食足十品，仲要比埋個海景你😎✨ 適逢餐廳七周年，推出四大優惠，仲可以化身鐵板燒大廚+ DIY水果燒酌！
-
🪭 鐵板金選 • 極上海鮮盛宴*
1️⃣ 午市+晚市5折
2️⃣ 甜品車- 凡享用晚餐，即可挑選一份甜品
3️⃣ 火焰龍蝦 減＄77優惠
4️⃣ $7 海膽吞拿魚壽司
(以下為晚市菜單)
-
•神之盒子
•南非鮑魚
•龍蝦伴天使麵
•季節蔬菜五點
•岩鹽板金箔A5和牛厚燒及薄燒
•炒飯｜湯｜漬物｜甜品

套餐一共10品🔥 其實加上火焰龍蝦優惠+ $7 海膽吞拿魚壽司，都食成12品～ 今次個南非鮑魚Upgrade左，配上百香果忌廉脆筒，又幾正喎✨
MVP 岩鹽板金箔A5和牛🐂  成塊金箔車上去超奢華！用岩鹽烘住keep住温度，和牛入口係油脂感MAX!!! 油香十足～ 薄燒環節仲可以親身上陣落手整🤣 師傅係隔離磅住唔洗驚，就算有乜事比你個Frd食就搞掂😂
甜品環節係儀式感爆燈嘅甜品車，當晚包括白桃烏龍茶啫喱
-
板神鉄板燒日本料理 (信和廣場) (銅鑼灣)
銅鑼灣告士打道255-257號信和廣場1樓103號舖"
,方叔叔重慶老火鍋,中環,火鍋,,打卡必到,Smile是貓奴二人套餐、武隆苕粉、貓貓造型手打蝦滑+墨魚滑,https://www.instagram.com/p/DdqnIUiB-JC/,DdqnIUiB-JC,,"🐱貓奴召集! 10週年聯乘貓貓主題麻辣火鍋🐾
-
地區分類：#fca_中環 
-
貓奴們注意⚠️ 方叔叔重慶老火鍋 10週年盛典，專為貓奴打造的「Smile是貓奴」系列二人套餐限時登場！今次仲聯乘人氣插畫家 Curly Sai，將創辦人招牌的「露齒笑」與貓咪結合，打造了超療癒角色「滾滾」🤍 
只要惠顧週年限定二人套餐，即附送「滾滾」盲包一款😍✨ 全套5款，包含1款神秘隱藏版！食完帶隻貓貓返屋企，人人化身做貓奴！
-
🐱10週年”Smile是貓奴”系列2人套餐*
*套餐包含方叔叔 10 週年「滾滾」 盲包一款
* 供應期：即日起至 2026年10月31日

•麻辣湯底+黑魚湯鴛鴦鍋
•重慶炸酥肉
•西班牙黑豚腩肉
•美國安格斯肥牛
•紐西蘭精品羊肉卷
•手打蝦滑+墨魚滑
•鮮鵝腸
•小郡肝
•有機活體豌豆苗
•湯圓冰豆花
•田園菜籃
•主食 (武隆苕粉/日本稻庭烏冬/出前一丁)
•方叔叔特飲2杯 

每個Item都有貓貓元素✨😍 首先麻辣湯底裏面係可愛嘅貓貓造型牛油，靚到唔捨得開火～
仲有貓貓肉球造型嘅手打蝦滑+墨魚滑；感覺好像貓草一樣的有機活體豌豆苗🌱 食落超Fresh！
最正係可以食齊三款肉：西班牙黑豚腩肉+美國安格斯肥牛+紐西蘭精品羊肉卷，係滿滿嘅Protein啊‼️‼️
主菜建議點武隆苕粉，煙韌Q彈而且掛滿辣油！
特飲都有小Surprise💕 水仙烏龍檸檬茶或洛神花鮮橙特飲都有貓咪掛杯冰塊🧊 打卡一流！
-
方叔叔重慶老火鍋 銅鑼灣 渣甸街50號渣甸中心1樓 全層  電話：37039318
中環 皇后大道中139號The L. Place 14樓  電話：23381788
尖沙咀 北京道12A號太子集團中心19樓  電話：36210893
沙田 沙田正街18號新城市廣場一期7樓709號舖  電話：28912812
荃灣 楊屋道8號如心廣場一期3樓305號舖  電話：29601588
觀塘 觀塘道創紀之城五期apm5樓L5-2號舖  電話：28961669

#unclefonghotpothk #方叔叔重慶老火鍋
@unclefonghotpothk"
,城中鴨子,尖沙咀,中菜,300-500,打卡必到,烤北京填鴨（可配魚子醬）、芝士紅梅蝦球,https://www.instagram.com/p/DdbJObjhztj/,DdbJObjhztj,,"🔥解鎖最潮食法! 尖沙咀最「Chill」烤鴨店🦆
-
地區分類：#fca_尖沙咀 
-
冇諗過依家食片皮鴨都可以咁「Chill」，有個維港海景之餘，食法仲可以咁潮!!!✨
-
•烤北京填鴨($448/1隻)
•芝士紅梅蝦球 ($198)
•羊肚菌炒四色菜蔬 ($168)
•流沙芝麻球 ($68)

依到嘅烤北京填鴨係會顛覆你嘅想像🦆✨ 外層比一般嘅偏厚身，咬落金黃酥脆之餘，油香係大爆發!!! 

嶄新食法：除左搭配一般嘅青瓜 & 大蔥絲，竟然仲有酸甜解膩嘅新鮮菠蘿🍍、潮汕三寶之首- 老香黃 以及鹹鮮奢華嘅魚子醬 (+$108/10g) 魚子醬建議就咁放上片皮鴨一齊食，個鮮味會更加出😍❤️ 
另外都幾鍾意佢哋芝士紅梅蝦球，食落啖啖都係爽彈嘅蝦肉；流沙芝麻球外層煙靭，裏面係香濃嘅芝麻餡～
-
城中鴨子
尖沙咀廣東道3-27號海港城港威商場3樓3319號舖

 @maximschinese #尖沙咀美食 #必食京淮美饌 #親子好去處 #親子美食"
,美心中秋限定店,旺角,甜品,38,打卡必到,月映滋味新配搭 (月餅配特調飲品),https://www.instagram.com/p/DdGj_pwhAHL/,DdGj_pwhAHL,,"🥮驚見林峯?! 打卡全新中秋月餅限定店✨
-
地區分類：#fca_旺角
-
做乜事朗豪坊會迫爆晒人？原來係林峯嚟左打卡美心全新中秋月餅限定店😍‼️ 今年以「香港味道 美心製造」為主題，有多個打卡位之餘，仲有唔同體驗區！以下幫大家總結四大重點位：
-
✨月餅解密研究室
只要係現場影相打卡並分享到社交平台，再Follow美心月餅官方IG，就可以免費獲贈限量「可愛美心月餅造型洗碗海綿」一個！濕咗水脹卜卜超可愛😍
*
🥢月映滋味新配搭
除咗買返盒月餅，即場仲可以食月餅😎  五款口味月餅選一 + 配上玥派特調飲品 1 杯 (椰子凍美式/白茉幽蘭/雙萃冰檸檬茶) 都只係$38‼️
*
🌙月圓 Key Cap DIY
買完月餅，仲可憑以優惠價HK$18體驗製作
「解壓按鈕鑰匙扣」！連埋月餅送俾朋友夠晒有心思～
*
🧸月餅夾夾樂
於店内購買月餅禮盒滿 HK$388 可以去挑戰夾公仔！除左有唔同造型嘅美心月餅公仔吊飾，仲有可能夾走限量版毛毯！
-
📍美心中秋限定店 @ Langham Place
 活動日期：即日至24/9/2026
 活動地點：旺角朗豪坊（Langham Place）L4 通天廣場

@Maximsproducts
#美心月餅中秋限定店
#香港味道美心製造
#中秋月餅"
,迷你毛,深水埗,Cafe,100-200,打卡必到,日式庭園•喬麥茶雪糕、原隻蘋果配酥盒、全日早餐,https://www.instagram.com/p/DdTa0Rlh2i4/,DdTa0Rlh2i4,,"✨前文華甜品師主理! 深水埗最強反差Cafe✨
-
地區分類：#fca_深水埗
-
一直book mark想試，但等到開埋葵芳分店，依家先有機會去到🤧 一直喺IG上爆紅，因為100蚊唔使就可以嘆到酒店級水準嘅甜品!!! 認真成個presentation放喺高級西餐廳度都起碼過百至二百🙂‍↕️ 仲要全日免加一～ 果然深水埗成日有啲臥虎藏龍嘅好地方! 
-
•全日早餐 ($161)
•香煎北海道帶子羅勒青醬貓耳朵 ($138)
•火炙香蔥左口魚三文魚籽湯燉飯 ($168)

判定一間Cafe好唔好，通常就係all day Breakfast度睇到😎 依度嘅feel到每個item都有心機去做！黑松露滑蛋係超滑溜；最正係竟然有麻糬Croffle，淋上楓糖漿，好邪惡，但係都好上癮😂
*
•日式庭園•喬麥茶雪糕 ($95)
•原隻蘋果配酥盒 ($97)
•非傳統提拉米蘇 ($91)

當晚嘅quota全部留返俾甜品😗‼️ 試咗三款全部都冇令我失望～ 個人就最鍾意日式庭園•喬麥茶雪糕🎍 成個擺盤好似日式庭園，黑芝麻慕絲蛋糕，芝麻味夠香濃，配上喬麥茶雪糕成件事好Light~
原隻蘋果配酥盒🍎 原個煮蘋果，散發陣陣嘅肉桂香！原來酥脆嘅酥盒內隱藏蘋果粒以及吉士醬，整體層次好豐富，最重要都係唔會過甜👍🏻
非傳統提拉米蘇，面層係泡沫Foam狀嘅Mascarpone Cheese，口感輕盈但對於個人嚟講偏甜咗啲🤏🏼 但叫做有咖啡嘅甘苦Balance返
-
迷你毛 (深水埗)
深水埗鴨寮街121-123號地舖"
,漢城美食,尖沙咀,韓國菜,99-198,大班聚會,蒜香辣炸雞、醬油蟹＋紫菜飯團、辣豬肋骨鍋,https://www.instagram.com/p/DdBZTyFhc9x/,DdBZTyFhc9x,,"🇰🇷夠地道! 尖沙咀隱藏版「小韓國」🔥
-
地區分類：#fca_尖沙咀 
-
下次去韓國街唔好再走漏眼！依間係尖沙咀20年嘅正宗地道韓國菜，由韓國人主理！除咗Menu菜式夠齊全，諗得出嘅國民美食都有，仲主打CP值夠高😍 如果想飲返兩杯，依度嘅下酒菜一定滿足到你～
-
•蒜香辣炸雞 ($99/半隻)
•醬油蟹＋紫菜飯團 ($190/1 pc)
•韓式豬手 ($168/半隻)
•辣豬肋骨鍋 ($198)

一共七款口味炸雞，全隻仲會送薯條🔥 推薦蒜香口味，鐘意面層放上青陽辣椒，加上香脆外皮很過癮🧄🐓
本身冇乜期望，但依到嘅醬蟹意外地正!!! 食得蟹肉夠鮮而且蟹油味自然，白飯小偷無誤！🥰
一班朋友嚟可以點辣豬肋骨鍋，幾香紫蘇葉味，靈魂薯仔亦煮至入味🥢 有埋菜乾就更Perfect嘞～
-
漢城美食 (尖沙咀)
尖沙咀金巴利道74-76號地舖"
,廣藏市場,尖沙咀,韓國菜,200-400,打卡必到,韓式生拌韓牛、醬油蟹、綠豆煎餅,https://www.instagram.com/p/DdOkyOoBm2D/,DdOkyOoBm2D,,"🇰🇷全新登場! 香港迷你版廣藏市場🔥
-
地區分類：#fca_尖沙咀 
-
🚨尖沙咀新店速報! 居然把韓國廣藏市場搬到嚟香港？！韓國人主理，一次過試匀阿豬媽招牌綠豆餅、神還原生牛肉、正宗糯米血腸、煙靭辣炒年糕等多款街頭小食‼️😍 韓式前菜仲係自助式無限添加～ 慳返張機票✈️ 幫大家由尖沙咀直達首爾！
-
•韓式生拌韓牛 ($280)
•醬油蟹 ($250/1PC, $460/2PC)
•綠豆煎餅 ($120)
•辣炒無骨雞腳 ($180)
•焗香酥雞配蜂蜜牛油 ($120)
•血腸拼盤 ($180)

終於搵到之前喺廣藏市場食生牛肉嘅味道😭❤️ 用上肉質特別軟嫩！加上靈魂雪梨+蛋黃，超鮮甜～
醬油蟹亦係冇得輸，多膏夠鮮，醬油唔會死鹹嗰隻，完勝整條韓國街✨ 
廣藏市場必食綠豆煎餅🫓 
-
廣藏市場 (尖沙咀)
尖沙咀金巴利道35號金巴利中心地下A號舖"
,Popinjays,中環,西式,1488,拍拖約會,傳統布包鵝肝、肉眼扒、無花果雲呢拿芝士蛋糕,https://www.instagram.com/p/Dc6EtEsE8WB/,Dc6EtEsE8WB,,"🥂酒店頂層! 兩日限定四手聯乘意x法菜單🍴
-
地區分類：#fca_中環 
-
只限兩日?! Murray 酒店頂層意大利酒吧餐廳，最近與Jean May主廚Tiff Lo打造四手聯乘6道菜意x法晚宴✨ 加上環迴露台浪漫城市夜景，絕對不能錯過～
-
ᴄʜᴇꜰ ᴛɪꜰꜰ ʟᴏ x ᴄʜᴇꜰ ɴᴀᴛᴇ ɢʀᴇᴇɴ
🥂 𝗦𝗘𝗔𝗦𝗢𝗡𝗔𝗟 𝗗𝗘𝗚𝗨𝗦𝗧𝗔𝗧𝗜𝗢𝗡 𝗠𝗘𝗡𝗨 ($1488/pp)*
*9 & 10 September 限定供應
-
Quail Egg Mimosa, Smoked Eel
Chicken Liver Parfait, Onion Jam
Fine de Claire Oyster, Pickled Cucumber, Dill
*
JAPANESE SABA MACKEREL TARTARE
*
FOIE GRAS TORCHON
*
WHITE CRAB SALAD
*
BEEF RIBEYE
*
VANILLA CHEESE CAKE

限定四手聯乘Menu一共6道菜，以煙燻鰻魚魔鬼蛋、雞肝醬芭菲以及法國生蠔打頭陣！
傳統布包鵝肝有驚喜✨ 裏面加入了叉燒醬，以梅子醬作點綴，入口綿滑帶鹹香！
主菜可以選擇羊鞍/肉眼扒/蒸海鱸魚🍴 牛扒冇失望，粉嫩夠Juicy，配上田螺又幾特別😍
最後以無花果雲呢拿芝士蛋糕作結，搭配意大利黑醋以及橄欖油，增添了清新感！
 -
Popinjays (中環)
中環紅棉路22號尼依格羅香港美利酒店酒店26樓"
,達摩堂,旺角,日本料理,250-400,打卡必到,達摩壽喜燒二人前定食、蘭王蛋宮崎A5和牛丼、豆腐花巴斯克蛋糕,https://www.instagram.com/p/DdMG1ZZhsep/,DdMG1ZZhsep,,"🇯🇵許願必靈?! 被達摩包圍的生日壽喜燒🥢
-
地區分類：#fca_旺角
-
聽說喺度慶祝生日特別靈?! 原來旺角鬧市中的收埋左個達摩神社⛩️ 比你係大量達摩守護下嘆壽喜燒兼慶祝生日！食完飯仲可以寫上願望掛上許願樹，生日願望達成率UP!!!
-
🏮 達摩壽喜燒二人前定食 ($498)*
*指定飲品/酒精飲品買一送一
*附送蜆肉味噌湯+鮮蔬盛盒+漬物
* 逢星期五、六21:00點後有全單79折、星期一至四及日 12:30-16:00全單79折、20:30-22:00全單88折
-
< 小食 >
•唐揚炸雞 
•甲羅燒三味 ($238)
*
< 鍋物 >
•壽喜燒
牛肉拼盤已包含頂級安格斯牛板腱、頂級安格斯牛五花、宮崎A4和牛友三角 (+$98升級宮崎A5黑毛和牛西冷)
*
< 主食 >
•蘭王蛋宮崎A5和牛丼
鍾意食牛嘅建議點埋依一個，好似食多咗轉壽喜燒咁🤣🤣 
*
< 甜品 >
•豆腐花巴斯克蛋糕 ($138)
邊個估到連食壽喜燒都會有畫碟?! (+$88,需要提前預訂) 仲係要用靚靚粉紅寶箱裝住，打開夠哂有儀式感🌹 裏面係唔同配料俾你配個蛋糕食，最正係有杜拜開心果朱古力 & 麻糬😍😍 即刻升晒Level！
-
達摩堂 (旺角)
旺角彌敦道726號17樓"
,一石二料,灣仔,日本料理,,拍拖約會,宮城縣牙揀翅釀阿波尾雞手羽先、剁椒花膠鍋燶土飯、島根県黑鮑魚天婦羅,https://www.instagram.com/p/DcLUlfMB8Xz/,DcLUlfMB8Xz,,"🥢全港最貴雞翼! 被低估的中日割烹店✨
-
地區分類：#fca_灣仔
-
留言「KAPPO」 DM你原整Menu + 訂位資訊

完全冇諗過食緊日式Omakase，可以望住裏面廚房嘅廚師大火爆炒? 😱 依間融合中日元素嘅個割料理店，「一石料理」以日式割烹為本，再巧妙滲入中式技藝，完全係依一年嚴重被低估嘅餐廳！一晚食足16品，試哂兩個Dinner Menu，基本上中菜講得出嘅鮑、參、翅、元貝、花膠、燕窩食匀哂😎 日本食材唔少得北海道毛蟹、青森大間野生拖羅、海膽等，一句講哂比一般嘅割烹滿足十倍‼️
*
以下係個人精選最愛菜式：
🔺 島根県黑鮑魚天婦羅｜北海道干貝及桜海老細雪
(煮至軟糯嘅黑鮑魚，外層沾上北海道干貝及櫻花蝦乾，海鮮嘅鹹鮮味出哂嚟～ )

🔺 野生黑虎掌菌炒日本聖子皇
(見住廚師係廚房內大火爆炒，食落係滿滿嘅鑊氣🔥 聖子皇亦非常爽脆)

🔺 宮城縣牙揀翅 釀阿波尾雞手羽先
(雞翼起碼過左2-3次油，做到外皮係玻璃咁脆🥹 裏面爆汁之餘，仲係釀入超多魚翅，真係好似唔洗錢咁…)

🔺 剁椒花膠鍋燶土飯
重點係個土鍋飯，帶陣陣茅台香外，仲係有卜卜脆嘅飯焦～ 之後淋上剁椒花膠，下飯呈度100分!!! 
-
一石二料 (灣仔)"
,壽兵衛 - 壽喜燒專門店,銅鑼灣,日本料理,,打卡必到,日本和牛壽喜燒、筋子釜飯、燒厚切牛舌,https://www.instagram.com/p/DcYLYtLTmag/,DcYLYtLTmag,,"🥢食到蝕本! 無限任食和牛の席前壽喜燒🐂
-
地區分類：#fca_銅鑼灣
-
留言「WAGYU」 DM你原整Menu + 訂位資訊

銅鑼灣樓上竟然收埋左壽喜燒控的天堂! 可以無限時任食和牛，加上濃郁蛋汁一口入魂🔥 另外仲可以滿到瀉嘅筋子釜飯，不限量筋子任加，挑戰痛風極限🤣🤣 
俾個攻略俾大家，只要Order Supreme & Deluxe Menu就可以一次過享受以上無限追加，兼嘆匀刺身、海膽、茶碗蒸、燒厚切牛舌、日本和牛壽喜燒等一共16品‼️ 大家有跳唔挑戰到食100塊日本和牛呢？😎
-
壽兵衛 - 壽喜燒專門店 (銅鑼灣)
銅鑼灣銅鑼灣駱克道487-489號駱克駅12樓"
,白鮨 (大館),中環,日本料理,,打卡必到,銀鱈魚西京燒、綠茶意大利芝士餅,https://www.instagram.com/p/Dcax-PaBEW_/,Dcax-PaBEW_,,"✨新派日系菜! 百年槍房隱藏NO.1西京燒🥢
-
地區分類：#fca_中環 
-
留言「FCA」 立刻DM係優惠訂位資訊+完整菜單!

邊個會估到，依幢建於1925年嘅槍房內，竟然收埋全港最正嘅銀鱈魚西京燒?!?! 餐廳仲要勁隱蔽要上一層先見到，店內仲保留返之前遺留落嚟嘅警章✨ 望落去係檢閱廣場風景，係唔少人happy hour嘅地方🍹 大家嚟到一定要試鱈魚西京燒就對了，完全係今次二訪嘅原因！
-
🥢 𝐃𝐈𝐍𝐍𝐄𝐑 𝐓𝐀𝐒𝐓𝐈𝐍𝐆 𝐌𝐄𝐍𝐔
 *OpenRice 訂座預付套餐91折
-
•深海池魚薄切伴日本海草及三文魚子
•牡丹蝦•帆立貝•油甘魚刺身
•碎蔥吞拿魚腩配黑魚籽壽司｜松葉蟹肉伴蟹膏三文魚籽壽司｜燒帶子配明太子醬壽司
•海膽茶碗蒸
•銀鱈魚西京燒 或 鍋燒和牛肉眼伴日式甜醬油 (+$108)
/
•甜品拼盤 或 綠茶意大利芝士餅 (+$58)

一共6道菜，由刺身、壽司以至主菜以及甜品✨ 佢哋嘅刺身水準一直在線上，牡丹蝦係超鮮甜；油甘魚亦夠肥美！海膽茶碗蒸滑溜到一個點❤️
主菜就係衝住佢哋嘅銀鱈魚西京燒，比出面的更厚身，完全係啖啖肉，嫩滑得嚟帶豐富油香！配上辣味蛋黃醬剛好balance返❤️
鍋燒和牛肉眼🐂 油脂豐富，幾欣賞下面有嚿熱石keep住和牛嘅溫度 (大家都知凍咗油膩感會上升)
甜品推薦佢哋嘅綠茶Tiramisu杯，質感軟滑而且綠茶香味都幾出🍵
-
白鮨 (大館) (中環)
中環荷李活道10號大館02座槍房地舖"
,A LUX,中環,西式,288,拍拖約會,海膽焦糖燉蛋、鵝肝二食、日本北寄貝馬賽魚湯、慢煮波士頓龍蝦,https://www.instagram.com/p/Dc0ihrVBqLp/,Dc0ihrVBqLp,,"🍴180度浪漫海景! 中環天台全新日法餐廳🥂
-
地區分類：#fca_中環 
-
只係新開左4日嘅全新日法餐廳!!! 奉勸大家bookmark定因為之後一定好多人🤫 又煤氣燈街搬遷至IFC頂層，浪漫氛圍照舊，仲多咗個180度海景，榮登香港約會餐廳天花板之一✨
Lunch Set 低$288/位食三道菜，晚餐就食足10道菜，菜式以日法fusion為主，仲有唔少日式刺身！
-
•北海道帶子
•醬油醃吞拿魚紫菜卷
•牛肉他他
*
•北海道仙鳳趾蠔
*
•牡丹蝦刺身｜香炸蝦頭
•池魚｜百香果柑橘醬
•輕炙吞拿魚｜芥末醬
*
•海膽焦糖燉蛋
*
•鵝肝醬｜布莉歐多士｜砵酒果凍
•香煎鵝肝|蘋果醬｜榛子
*
•日本北寄貝馬賽魚湯
*
•慢煮波士頓龍蝦
*
•A4和牛｜燒汁｜醃紅菜頭
*
•鮑魚意大利麵｜烏魚子
*
•白桃雪葩

🔸大推海膽焦糖燉蛋，蒸蛋界嘅Crème Brûlée✨ 質感軟滑，加左海膽好似焦糖咁甜～ 
🔸幾鐘意鵝肝二食，一邊係煎香過嘅鵝肝，搭配蘋果醬；另一邊係鵝肝醬x砵酒果凍terrine，充分發揮鵝肝嘅多面性，味道亦balance得剛好，一啲都唔會膩🥰
🔸招牌日本北寄貝馬賽魚湯，同之前一樣都係咁正!!! 北寄貝用上牛油日式高湯煮過，做到非常爽嫩，配上自家製香濃馬賽魚湯，冇得輸！
🔸臨近主菜環節嘅慢煮波士頓龍蝦🦞 入口細嫩而且非常欣賞一旁嘅海蘆筍，自然地帶出龍蝦嘅鮮味！主菜A4和牛粉嫩，而且唔係往死裏嘅油膩感，配Pinot Noir很Match呢～
🔸甜品符合港人標準不太甜🙂‍↕️ 而且仲係非常清爽解膩～ 上層的白桃雪葩，配上白桃白酒啫哩、烏龍白朱古力忌廉、紅桑子果醬以及薄脆🍑🌿 很Light~
-
A LUX (中環)
中環金融街8號國際金融中心商場4樓4009號舖"
,GREEN,尖沙咀,西式,600-700,拍拖約會,南澳哥芬灣太平洋生蠔、琴酒青瓜生蠔Shooter、榴槤卷蛋,https://www.instagram.com/p/DcqivVcBte-/,DcqivVcBte-,,"🥂氣泡酒暢飲! 任食生蠔海陸晚餐🥩
-
地區分類：#fca_尖沙咀 
-
留言「OYSTER」 DM你原整Menu + 訂位資訊

@hoteliconhk 自助餐出哂名食榴槤就係人都知，但原來下層嘅西餐廳有抵玩嘅任食生蠔你又知唔知？😏 人均$6xx食4道菜，已經包括任食新鮮澳洲Coffin Bay生蠔+ 六款生蠔Shooter🦪 + 無限暢飲一系列酒精 (氣泡酒、紅白酒、清酒等)🩷 最重要係有得揀榴槤甜品，真心冇得輸！
-
 𝐆𝐥𝐨𝐛𝐚𝐥 𝐒𝐮𝐫𝐟 & 𝐓𝐮𝐫𝐟
🍷 「環球海陸珍饈」四道菜晚餐*
* 1 頭盤＋1 湯＋1主菜＋1甜品＋ 無限添飲指定餐飲
-
< 𝗦𝗧𝗔𝗥𝗧𝗘𝗥 >
•南澳哥芬灣太平洋生蠔
•龍蝦薄片

只要加$58就可以任食澳洲Coffin Bay生蠔+ 六款生蠔Shooter🦪😱 (每輪只出每人一隻喔) 濃郁海水味+爽脆口感，完勝自助餐水準!!! Shooter包括血腥瑪麗、藍色瑪格麗特、大都會、芫茜波蘿、橘子香蕉、琴酒青瓜🥒 個人感覺琴酒青瓜最正，清新帶酒香～
*
< 𝗦𝗢𝗨𝗣 >
•經典法式龍蝦湯 (+$88)
*
< 𝗠𝗔𝗜𝗡 𝗖𝗢𝗨𝗥𝗦𝗘 >
•炭烤加拿大龍蝦尾伴草飼羊架
•炭烤加拿大龍蝦尾伴草飼牛柳

另外唔洗加錢都可以食到澳洲黑安格斯 M4+ 肉眼扒 (二人用) 以及1.2KG阿根廷草飼牛斧頭扒(四人用) 🐂 
*
< 𝗗𝗘𝗦𝗦𝗘𝗥𝗧 >
•是日精選蛋糕 (+$48)

hotel Icon嘅榴槤甜品點可以錯過🤫 超推榴槤卷蛋，裏面係滿滿嘅榴槤蓉，加上鬆軟嘅斑斕蛋糕，很好吃!!! 當然免費已經包含了Tiramisu~
-
GREEN (尖沙咀)
尖沙咀科學館道17號唯港薈地舖"
,Grand Majestic Sichuan,中環,中菜,588-988,拍拖約會,辣子豆腐、燒椒鮮魷魚、椒鹽三黃雞、麻婆豆腐、四川涼麵,https://www.instagram.com/p/DcnFRa2hcwJ/,DcnFRa2hcwJ,,"🍾 周末夠火辣! 任食+ 香檳暢飲川味燒烤早午餐🥢
-
地區分類：#fca_中環 
-
最有儀式感的中式Brunch‼️ 兩個人食足16道菜，其中6道菜，包括平時賣二百幾嘅麻婆豆腐，都係無限追加😍 本身個Brunch可以選擇兩小時暢飲Champagne，但私人醒大家，其實會去轉廁所都可以免費斟杯香檳🥂🤫 冇實質限你飲幾多杯，但盡力而為吧～
-
🥢 MAJESTIC WEEKEND BRUNCH
周末川味燒烤早午餐 ($588/pp)*
* 連兩小時無限暢飲香檳/紅/白/啤酒 ($988/pp)
-
< 涼拌小菜& 開胃熱食 >
•凉拌花椒萵筍絲
•麻辣土豆絲
•口水手撕雞
•四川泡菜
•椒麻海蜇
•辣子豆腐
•紅油抄手
•酸辣皮蛋豆花

一共8款開胃小菜✨ 花椒萵筍絲 & 麻辣土豆絲係會令人食唔停口!!! 個人最愛一定係辣子豆腐，以辣子雞做法佈滿乾辣椒🌶️ 但意外地辣度剛好，豆腐做到外脆內水嫩。
*
< 主菜 >
•川香鱈魚鮫
•烤香辣大蝦
•燒椒鮮魷魚
•椒鹽三黃雞
•孜然辣羊扒 (+$88)

主菜七選一，每人可以揀一款主菜🤓 與之前招牌菜式完全唔一樣，全部以川味燒烤為主題🍖  大推燒椒鮮魷魚🦑 食得出魷魚新鮮，入口超Q嫩，面層鋪滿焦香辣椒韭蔥+辣椒粉，好惹味；另外椒鹽三黃雞，外皮焦脆帶麻香，肉質亦嫩嫩的！
*
< 任食時菜及飯麵 >
•炒時令蔬菜｜四川辣椒花椒蒜
•煙燻竹笙西蘭花苗
•魚香茄子
•麻婆豆腐
•蛋炒飯
•四川涼麵

6款炒菜+飯麵都無限追加🤭 今次由以往的席前擔擔麵轉為夏日必備四川涼麵!!! 麵條Q彈，完美掛滿香濃辣麻醬！麻婆豆腐配蛋炒飯都係冇得輸～
-
Grand Majestic Sichuan (中環)
中環遮打道16-18號歷山大廈3樓301號舖"
,Circle K (OK便利店),,Cafe,10,打卡必到,Panda Friends 生日限定即磨咖啡,https://www.instagram.com/p/DcQfUZgBLVm/,DcQfUZgBLVm,,"🐼 全港班萌熊貓杯咖啡☕️
-
海洋公園大熊貓「加加、得得」2歲生日喇🎁
佢哋真係越嚟越可愛!!! Circle K為了慶祝特意推出“Let’s celebrate with 即磨咖啡”✨ 

獨家聯乘 Panda Friends™️ ，推出生日限定咖啡杯！凍飲杯係安安x樂樂；熱飲杯則係人見人愛嘅加加x得得❤️ 咖啡用上100% 哥倫比亞 Arabica 咖啡豆，獲雨林聯盟認證，奶泡做到綿滑感～ 最正嘅係逢星期五只係$10/ 杯😱 

期間限定! 咁多位熊貓迷 & 咖啡控快啲去嘆杯靚咖啡之餘，記住打下卡啦🥰
-
📍 OK便利店有售

圖片只供參考，一切以實物為準"
,N+ BURGER,沙田,西式,80-150,打卡必到,鰻魚安格斯漢堡、酥脆炸魚薯條,https://www.instagram.com/p/DcQywAJBT1b/,DcQywAJBT1b,,"🪐未來漢堡實驗室! 全新蒲燒鰻魚漢堡🍔
-
地區分類：#fca_沙田
-
靚到唔似香港!!! 依度竟然收埋首間以 Cyberpunk 為主題的「未來漢堡實驗室」，店內充滿未來設計元素，望出去唔係平時嘅高樓大廈，而係清幽嘅河流✨最正嘅係首次引入咗咖啡機械人，全自動調配咖啡並可以製作多款精美拉花，更加獨家採用了By Carman 冠軍咖啡豆，真係想買返部喺屋企🤣☕️
-
🍔 蒲燒鰻魚漢堡 ($80)
🍔 鰻魚安格斯漢堡 ($95)

今次首度推出「海洋祭系列」，把海鮮結合Burger!
估唔到蒲燒鰻魚夠Q彈喎🤩 醬汁係日式甜甜嘅蒲燒風味，就咁配青瓜同蛋絲都非常唔錯～ 但個人當然最愛鰻魚安格斯漢堡，本身都幾鍾意佢哋嘅經典漢堡，但加埋鰻魚雙重口感冇得輸‼️ 偷偷話俾大家知，漢堡仲係用上Bakehouse 酸種麵包，大家都知係信心保證，回彈力MAX!!!

🐟 酥脆炸魚薯條 ($49/3件, $69/6件)
Combo 係可以免費升級魚手指3件!!! 外層薄而酥脆，但MVP一定係自家製他他醬🥹❤️ 啲醬係比到超多，但係六舊炸魚薯條竟然俾我點晒!!!
-
N+ BURGER (科學園第二期) (沙田)
沙田科技大道西19號香港科學園第二期8W地下S032號舖"
,山奧燒肉,銅鑼灣,日本料理,480,拍拖約會,熟成牛里脊涮涮鍋、稻草燒7天熟成夏多布里昂牛柳、海膽三文魚子和牛土鍋飯,https://www.instagram.com/p/DcD8AZXh1mC/,DcD8AZXh1mC,,"🪭只限12位! 新開の板前燒肉割烹極致體驗🔥
-
地區分類：#fca_銅鑼灣
-
新開已經夜晚差不多日日爆場，除咗由日廚主理，最吸引人嘅應該係結合咗日式燒肉以及割烹元素，一餐飯享受雙重體驗😎 午市最平$480起，已經可以食足12品！晚市當然豐富啲，食到和牛涮涮鍋、不足1%極罕有夏多布里昂牛柳以及和牛土鍋飯等，整個Menu冇冷場，建議可以入手！
-
🪭 𝐘𝐀𝐊𝐈𝐍𝐈𝐊𝐔 𝐎𝐌𝐀𝐊𝐀𝐒𝐄- 𝐒𝐔𝐈
-
生拌牛臀尖、煙燻牛面頰配日式醬汁 及昆布漬和牛左口魚海苔卷
*
熟成牛舌配檸檬麴及沙拉
*
燒特選部位 配鹽漬昆布(牛臀肉)
*
熟成牛里脊涮涮鍋｜72小時肴製牛骨秘製湯底
*
稻草燒7天熟成夏多布里昂牛柳
*
酢橘冰沙盛岡冷麵
*
招牌和牛山奧燒
*
百年醬油品牌山高特製醬油燒特選部位 (牛臀肉蓋)
*
海膽三文魚子和牛土鍋飯
*
是日甜品- 清酒酒糟乳酪｜奶凍｜白桃啫喱｜鮮白桃

一共十品，差唔多試勻所有招牌菜式，牛肉當晚為牛舌、牛里脊、夏多布里昂牛柳、牛肋肉以及兩款廚師發辦部位 (牛臀肉 & 牛臀肉蓋)

個人最愛熟成牛里脊涮涮鍋🥢 湯底用上牛骨與牛尾慢火細煮超過72小時，配上14日乾式熟食牛西冷，食得出湯底嘅鮮味，襯托牛肉嘅肉香，真係不得了🥹❤️ 個湯仲係可以Refill的！

另外有「牛排界勞斯萊斯」之稱嘅夏多布里昂牛柳，取自Fillet最中心嘅位置，佔整頭牛不足0.1%‼️ 最嫩最亦係最貴，口感柔軟細膩，同平時食嘅肉完全另一種口感！

主食- 海膽三文魚子和牛土鍋飯✨ 用上日本傳統長谷園伊賀燒士鍋現煮，米粒特別煙靭又咬口，上面鋪上油香十足嘅和牛、鮮甜海膽以及三文魚子，整個組合就是冇得輸🤣
-
山奧燒肉 (銅鑼灣)
銅鑼灣開平道1號Cubus 3樓"
,鳳園椰子雞,旺角,火鍋,200-400,打卡必到,招牌椰漿雞煲、原隻椰皇椰子凍、原粒椰子蛋,https://www.instagram.com/p/Db-d1h7BizO/,Db-d1h7BizO,,"🥥Gym L雞煲! 全港最濃三重椰子湯底🐓
- 
地區分類：#fca_旺角 
- 
留言「FY」DM 你搶限定50份原粒椰子蛋連結🌴

每次想打吓邊爐又唔想太Heavy嘅話，依度真係啱晒，連做Gym嘅朋友都成日去！雞肉+椰青湯底，完全冇負擔感✨ 最近鍋底個升級左，全部雞煲嘅湯底再加原粒椰子蛋‼️ 所以上次就好犯規咁試左椰漿湯底，兩隻椰青+鮮榨椰漿+原粒椰子蛋，打造三重椰子湯底！飲落係清甜濃厚，好正！
-
•招牌椰漿雞煲（$378）
•安格斯牛板腱拼白豚片 ($168)
•海鮮雙拼- 鮑魚拼扇貝 ($98)
•蔬菜拼盤 ($78)
•爽脆鹿茸菇 ($49)
•紫菜海鮮炒飯 ($88)
•原隻椰皇椰子凍 ($48)
•凍檸茶 ($38)

之前已經覺得依度嘅椰子湯底唔錯，用上完個椰青加手刮椰肉入鍋，個湯係好清甜，配雞肉係完全0負擔✨ 但今次叫嘅椰漿湯，仲要加埋最近新出嘅完粒椰子蛋，即場剪開啲椰子爆晒出嚟🥥 (教大家個湯煮耐少少啲椰香味更加出)
教吓大家「一椰兩食」，加椰皇椰子凍係底，再放粒椰子蛋，輕鬆整個超輕盈低糖嘅椰子特飲🥰❤️ 女士們啱晒呀！

而家開始唔該大家飲咗個湯先，因為係超香椰味!!! 雞肉亦完美吸收椰香，雞肉加椰子汁，大家都知卡路里唔會高得去邊😎 椰漿湯同肉類意外地好夾～ 飯後拜託大家一定要叫原隻椰皇椰子凍，完全符合返香港人嘅標準「唔係太甜」🤣
-
鳳園椰子雞 (旺角)
旺角豉油街36-42號榮高大廈地下至2樓

@fungyuen_chickenpot
#鳳園椰子雞 #旺角美食 #椰子蛋"
,Hemma,西營盤,Cafe,100-200,打卡必到,Tiramisu Burnt Cheesecake,https://www.instagram.com/p/DcGJ219hsDr/,DcGJ219hsDr,,"✨最後朝聖! 世一巴斯克蛋糕店結業🍴
-
地區分類：#fca_西營盤
-
聽到Hemma今年Last Day感到有點可惜，真係唔明咁多人排隊都會結業🥹 希望之後快啲搵到第二個舖位再開啦～ 見到之前影咗啲片仲未出，依家就當做一個記錄吧✨

Tiramisu芝士蛋糕仲係個人top 1，但期間限定冇辦法成日食到就對了，質地超幼滑，而且咖啡同酒香一樣咁出😭 估唔到仲有手工意粉，仲幾好食添，蛋糕同意粉一樣咁好食得唔得㗎。

Earl Grey Burnt Cheesecake ($68)
Tiramisu Burnt Cheesecake ($68)
Aglio e Olio with Shrimp ($148)
Cream Mushroom Tubettini in White Wine Sauce ($128)
-
Hemma (西環)
西環西營盤第二街2號地下A號舖"
,大龍鳳,灣仔,酒吧,40-60,打卡必到,Draft Beer,https://www.instagram.com/p/DbqK30MhNJ_/,DbqK30MhNJ_,,"🐱可愛貓店長! 香港懷舊街坊酒吧🍸
-
地區分類：#fca_灣仔
-
搬咗去灣仔，呢間一定係其中一間最鍾意嘅酒吧！位置喺藍屋附近，主要做街坊生意～ 店內成個vibe充滿香港60年代懷舊感✨ 加埋霓虹燈夜晚真係超好feel！Happy hour 4-9PM指定酒精買一送一，即係40幾蚊就有一杯，Draft Beer就50幾蚊杯超抵玩😏🍻 最正係有BB貓店長陪飲，搞到完全唔專心飲嘢🤣
-
大龍鳳 (灣仔)
灣仔慶雲街5號地舖"
,Lounge Hakuba,銅鑼灣,日本料理,268,打卡必到,阿根廷紅蝦海鮮飯、蔥吞拿魚蓉脆米飯,https://www.instagram.com/p/Db5TA0qh5sZ/,Db5TA0qh5sZ,,"🍸户外大花園! 日本白馬村の居酒屋🇯🇵
-
地區分類：#fca_銅鑼灣
-
如果唔係朋友喺附近返工，都唔會知原來呢度有間咁正嘅居酒屋‼️每日𝐇𝐚𝐩𝐩𝐲 𝐇𝐨𝐮𝐫 5-7:30啤酒以及指定highball $58起；逢星期二𝐋𝐚𝐝𝐢𝐞𝐬’ 𝐍𝐢𝐠𝐡𝐭女士們免費飲一杯💋 星期四仲有$250 𝐅𝐫𝐞𝐞 𝐅𝐥𝐨𝐰 2小時！啱哂放工嚟飲返杯！加上户外Outdoor草地，飲嘢Shisha都Chill到爆！
-
🍴𝗦𝗘𝗧 𝗗𝗜𝗡𝗡𝗘𝗥* ($268/位, $526/2位)
*𝗦𝗢𝗨𝗣 + 𝗦𝗧𝗔𝗥𝗧𝗘𝗥 + 𝗠𝗔𝗜𝗡 + 𝗗𝗘𝗦𝗦𝗘𝗥𝗧
-
< 𝗦𝗧𝗔𝗥𝗧𝗘𝗥 >
•蔥吞拿魚蓉脆米飯
•柚子胡椒醬唐揚炸雞
*
< 𝗠𝗔𝗜𝗡 >
•紅酒牛面肉配薯蓉
•阿根廷紅蝦海鮮飯 (+$88)
*
< 𝗗𝗘𝗦𝗦𝗘𝗥𝗧 >
•提拉米蘇

前菜蔥吞拿魚蓉脆米飯，加埋半熟温泉蛋，撈勻一齊食又幾正😛 主菜紅酒牛面肉慢煮至軟腍入味，但個人就更推阿根廷紅蝦海鮮飯🥘 有唔同嘅海鮮包括紅蝦、魷魚、蜆、帶子以及左口魚，大家都知左口魚撈埋飯一齊食，啲油香係爆晒出嚟😭❤️ 加埋紅蝦嘅蝦膏登幾正喎！
甜品Tiramisu咖啡香都足夠，mascarpone cheese係偏厚身嗰隻，最重要甜度剛好，兩個人分享一杯剛剛好！
-
Lounge Hakuba (銅鑼灣)
銅鑼灣謝斐道535號Tower 535 3樓302號舖"
,淘米漁 · 米湯脆鯇魚火鍋,將軍澳,火鍋,200-400,打卡必到,脆鯇節節高、冰鎮魚腩尖、鮮骨五指毛桃鍋底,https://www.instagram.com/p/DcTC851h79p/,DcTC851h79p,,"🐟超爽0魚骨! 全城最脆鯇魚火鍋🥢
-
地區分類：#fca_將軍澳 
-
‼️ 留言「FISH」 請你食三丸拼盤 (牛肉丸｜手工現製魚丸｜黑虎蝦滑)
-
作為一個喺日本食鰻魚飯都會卡骨嘅我，依家盡量有魚都唔會食 (很弱雞)🤣 但阿媽好似前世同魚有仇咁超愛食魚… 所以上網搵到依間主打食無骨脆肉鯇，亦係全港首間脆鯇魚粥底火鍋店，簡直係Win Win✨ 
脆鯇魚主打新鮮現切現撈🐟 自家漁場養殖，真正體驗終於脆肉鯇嘅脆字係點樣嚟!!! 仲要一魚多食，試匀蒸、炒、煎、炸、涼拌、撈起等多款煮法，即係總有一款你會鍾意啦～
-
•鮮骨五指毛桃鍋底 ($98)
•脆鯇節節高 ($228)
•三丸拼盤 ($68)
•精品肥牛 ($118)
•冰鎮魚腩尖($168)
•薑蔥炒魚腩 ($128)
•酥炸魚排 ($64)
•淘米香檸檬茶 ($28)

冰鎮魚腩尖，更能品嚐魚肉的鮮味以及爽彈口感，點咗芥末豉油更加似刺身！
1M長嘅脆鯇節節高😱 席前即剪，落鍋煮 20s-30s 左右，完美打造爽脆感!!! 配五指毛桃湯更加突顯鮮味～ 煮魚脆鯇，就可以食肥牛以及三丸 (手工現製魚丸爽彈，富魚味‼️)
-
淘米漁 · 米湯脆鯇魚火鍋 (將軍澳)
將軍澳坑口重華路8號東港城1樓160號舖"
,鮨燐,尖沙咀,日本料理,468-1880,拍拖約會,原個紫針海膽配吞拿魚蓉及三文魚子,https://www.instagram.com/p/DbscNK-ha0J/,DbscNK-ha0J,,"🇯🇵嘆足18品! 爽食原個海膽三重奏🥢
-
地區分類：#fca_尖沙咀
-
之前喺上環介紹過原個海膽Omakase，今次竟然喺尖沙咀見到升級版😍‼️ 同樣係即開原個紫針海膽，依度俾埋吞拿魚蓉+三文魚子，食落就更鮮甜～ (想再甜啲就叫隔籬嗰個人餵你啦🤣) 午市Omakase低至$468，今次晚市食足18品 ($1880/位)，幾鍾意刺身同壽司份量比較平均! 整體氣氛會比上環店chill啲，感覺同朋友喺度慶祝生日都唔錯！
-
< 先付 >
•醬油漬馬友｜枝豆｜水雲長芋
*
< 7種刺身 >
•平目魚｜火炙魚鰭
•北海道産紫雲丹
•鹿兒島縣 章紅魚上腹｜下腹
•兵庫縣 善漁生蠔
•炙燒銀鱈魚｜醋麵豉醬
•中拖羅
•北海道產蝦夷鮑魚
*
< 2種和食 >
•燒香魚｜香魚肝醬
•佐賀和牛
*
< 6種寿司 >
•北寄貝
•牡丹蝦
•縞鰺魚腩
•赤鯥
•北海道海膽
•赤身
•吞拿魚蓉手卷
*
< お椀 >
*
< デザート >
•抹茶奶凍
-
鮨燐 (尖沙咀)
尖沙咀中間道15號H Zentre UG樓1號舖"
,中川,銅鑼灣,日本料理,1380,拍拖約會,A5近江牛及A5大分和牛日本涮涮鍋、海膽三文魚籽粥,https://www.instagram.com/p/DdgnZsJhvSG/,DdgnZsJhvSG,,"🔥海膽三文魚籽和牛粥! 人氣壽喜燒化身和牛涮涮鍋🇯🇵
-
地區分類：#fca_銅鑼灣
-
全港其中一間最愛嘅關西風席前壽喜燒！每個季節都有不同的全新菜式，但今次竟然可以由壽喜燒化身為日式涮涮鍋😍 同樣食足三大日本和牛，完全係另一種體驗！
-
🥢 至 𝐈𝐓𝐀𝐑𝐔 ($1380/pp)
-
•蒸鮑魚、北海道白粟米、四季豆配鮑魚肝海苔醬
•和風茶碗蒸蛋
•炙焼時令刺身配日本煎酒泡沫
•烤鰻魚涼拌黃瓜、魚翅配金絲瓜、海苔、紫蘇花穗及酢橘
•兩款傳統日式最中壽司
•時令日本水果雪葩
•A5近江牛及A5大分和牛日本涮涮鍋
•海膽三文魚籽粥
•秋田冷稻庭烏冬
•味噌湯及漬物
•日本時令水果

🌟 必食亮點推介：
1️⃣ A5近江牛 & A5大分和牛日本涮涮鍋 🍲
極致誘人的油花！試匀罕有日本A5 近江牛+大分和牛，肉質豐腴細嫩！係昆布清湯中輕輕一涮，入口即融，而且鮮味大大提升！

2️⃣ 海膽三文魚籽粥 🍚
同壽喜燒套餐另一不同，就係A4薩摩和牛海膽蓋飯，轉為海膽三文魚籽粥！粥底煮至綿滑，加入和牛，加上鮮甜海膽+爆汁三文籽，冬天食一定勁暖胃🔥
-
中川 (銅鑼灣)
銅鑼灣開平道1號Cubus 3樓B號舖"
,甜入心,灣仔,甜品,50以下,打卡必到,芒果糯米糍、杜拜朱古力麻糬、芒果卷,https://www.instagram.com/p/DbzlbTHBPQb/,DbzlbTHBPQb,,"🔥皮薄餡靚？！實測人氣巨型芒果糯米糍🧡
-
地區分類：#fca_灣仔
-
自從搬咗灣仔咁耐，就見住佢排隊排咗咁耐🤣 今次趁週末終於有啲時間可以試吓，其實條人龍散得幾快，所以冇想像中排得咁耐～
-
芒果糯米糍 ($23)
斑斕椰汁千層糕 ($13)
櫻花紅豆大福 ($23)
芋頭糯米糍 ($15)
開心果糯米糍 ($23)
紅豆糯米糍 ($13)
杜拜朱古力麻糬 ($33)
杜拜朱古力 ($130)
橙朱古力 ($50/85G)
芒果卷 ($50)

傳說中的芒果糯米糍，個皮真係做到透薄煙韌帶彈性，裏面差不多有成半個芒果，香甜爆晒汁🥭💦 可以入手多幾個！
杜拜朱古力麻糬，爆哂餡超犯規😭❤️ 裏面嘅開心果碎碎都夠香！杜拜朱古力的外層朱古力會偏甘苦，剛好balance返個甜味～
另外芒果卷有幾好Jap😛 用上100%純芒果汁，所以夜晚當零食都唔會太邪惡！
-
甜入心 (灣仔)
灣仔皇后大道東162號地舖"
,麥當勞,,西式,48-60,打卡必到,魚柳蝦堡（加蟹餅自創魚蝦蟹堡）、櫻花蝦味Shake Shake薯條、白提子椰果梳打,https://www.instagram.com/p/Db74ZisBQuw/,Db74ZisBQuw,,"🌊雙重海洋暴擊! 魚柳蝦堡強勢回歸🔥
-
終於等到「蝦堡系列」返嚟喇🥹❤️ 最正係今次有返魚柳蝦堡 ($48起) 香脆炸蝦餅加上深海狹鱈魚製成嘅魚柳，雙重脆口感!!! 教大家+$12加埋蟹餅，自創「魚蝦蟹堡」🐟🦐🦀 一口入魂の三重享受，套餐只係加$12就有咁犯規嘅組合!!! 

今期升級套餐($57.5) 仲可以轉配櫻花蝦味Shake Shake薯條及白提子椰果梳打，櫻花蝦味Shake Shake粉又幾香蝦嘅鹹鮮味喎😎 幾鐘意白提子椰果梳打，有唔少粒粒椰果肉，配返魚柳蝦堡又幾解膩‼️

焦糖燉蛋批 ($11.5)
Double Oreo新地 ($12.5)
-
📍麥當勞分店有售
@mcdonaldshk"
,Yusang,中環,韓國菜,,拍拖約會,白泡菜、泡菜燉五花肉、炙烤牛助骨,https://www.instagram.com/p/DcN5-fRE2F4/,DcN5-fRE2F4,,"🥢韓式靈魂下酒菜! 中環新開精緻韓式酒館✨
-
地區分類：#fca_中環 
-
中環放工又多咗個微醺聚腳好地方🥰 新鮮滾熱辣上兩個星期先開始，星期五晚已經爆場～ 主打精緻的韓式下酒小菜，配上手工馬格利米酒，仲有甜甜的蜂蜜/柚子/荔枝口味，女士們啱哂小酌❤️
-
•白泡菜 
•宫廷生牛肉 
•芝麻葉布拉塔 
•YuSang炸雞
•海膽魚子御卷 
•炙烤牛助骨 
•泡菜燉五花肉 
•黑松露牛肉 

下酒菜最愛一定係白泡菜✨ 醃製將近一周，卷住羽衣甘藍、紅棗、醃蘿蔔及紅蘿蔔，再淋上熟成泡菜湯，味道意外地清爽，食得出食材嘅鮮甜味!
平時食開嘅Burrata cheese，係到配返個芝麻葉青醬，增加唔少韓風味🌿
主菜好欣賞泡菜燉五花肉，選用本地豬五花肉，自家釀製長達 7 天+ 熟成泡菜中慢煮 8 小時，再用經炭火直燒🔥 食嘅時候配上豆腐 以及自家製泡菜，超開胃可以送一碗飯🤣
炙烤牛助骨經過長時間慢煮+備長炭炙烤，肉質做到非常柔軟。搭配韓國青陽辣椒 & 及紫蘇醃蘿蔔有解膩嘅作用。(感覺下層的薯蓉有點失色)
-
Yusang (中環)
中環遮打道10號太子大廈1樓105-109號舖"
,夜蝶,銅鑼灣,日本料理,300-500,打卡必到,左口魚煲仔飯、紅蝦紫菜夾餅,https://www.instagram.com/p/DcvsU_4hU_w/,DcvsU_4hU_w,,"🦋爆紅始祖！一口入魂の左口魚煲仔飯🔥
-
地區分類：#fca_銅鑼灣
-
終於有機會朝聖，因為左口魚煲仔飯而一夜爆紅嘅居酒屋🔥 完全冇諗過隔咗咁耐都係咁難book位🥲 之前係出面已經試過唔同版本嘅左口魚煲仔飯，終於明白點解依到嘅先係世一!!! 暫時仲未搵到間可以完全代替到，奉勸大家乖乖地book位吧😂
-
•炸魩仔魚拌水雲 ($138)
•白朱古力味噌泡沫配火炙伊佐目 ($228)
•芥末八爪魚紫菜夾餅 ($118)
•紅蝦紫菜夾餅 ($118)
•粟米天婦羅 ($88)
•韓式燒牛舌芯 ($178)
•左口魚煲仔飯 ($258)

火炙伊佐目有驚喜✨ 搭配的白朱古力味噌泡沫竟然有點咖哩的味道～ 
必點他們的日式Tacos，但要襯紫菜還脆盡快食就對了🙂‍↕️🩷 推薦紅蝦口味，加了蝦油以及柚子蝦醬油，一口下去超鮮的！
粟米天婦羅有點像吃焦糖爆谷🍿 外層做到非常焦脆，送酒💯 牛舌芯亦做到爽嫩帶油香！
主角- 左口魚煲仔飯‼️ 一打開已經超級香～ 左口魚有焦香，魚油完美滲入飯粒內，最重要係有充分嘅靈魂飯焦！加上三文魚子以及有馬山椒作點綴，完勝!
-
夜蝶 (銅鑼灣)
銅鑼灣登龍街28號永光中心16樓"
,Daap,中環,中西料理,,拍拖約會,三黃雞脾配雞油飯、煙燻花膠配泰式酪乳川味红油醬、香煎脆皮馬友,https://www.instagram.com/p/DcV7MjThEkE/,DcV7MjThEkE,,"🔥1打20! 一人廚房極致中西料理小店🫡
-
地區分類：#fca_中環 
-
‼️ 留言「YUM」 私人DM你完整菜單+訂位資料

一間隱藏在中環內街不太起眼的小店，全晚由一位廚師1打20，連續製作12款菜式😱‼️ 
𝐒𝐞𝐭 𝐃𝐢𝐧𝐧𝐞𝐫一共6道菜，基本每一道菜都有小驚喜，冇乜冷場位✨ 

P.s 環境一般，服務還可，座位比較狹窄
-
四款頭盤中最愛煙燻花膠 配泰式酪乳川味红油醬。大塊到直程係花膠扒，Q彈帶煙燻香味，搭配嘅酪乳川味红油醬有驚喜🫪 酸酸辣辣好開胃！
海鮮主菜建議可以揀香煎脆皮馬友，做到皮脆肉嫩，而且配返下層嘅咸檸檬豆瓣魚汁，好有港式屋企食到嘅味道❤️🐟另一款係剛蒸起嘅陳村粉，配上大閘蟹嘅蟹肉以及蟹膏，再以意大利黑醋珠珠作點綴！
每枱必點- 三黃雞脾🐓 外皮烤至金黃香脆，睇得出超Juicy💦 唔少得雞油飯，依度特別啲用上印度長米，配上咸蛋黄白蘭地汁。作為食過幾次香港四大名雞嘅過來人，呢度嘅三黃雞絕對唔輸蝕高級餐廳～
-
Daap (中環)
中環永吉街20號地舖"
,Flair Up,,酒吧,200-400,拍拖約會,"Mushroom Head, Chicken Momo, Matcha & Backshot",https://www.instagram.com/p/Db0eAtNBEin/,Db0eAtNBEin,,"🐱貓貓陪飲! 會員預約制隱藏酒吧🍸
-
只行預約制的Hidden Bar! 仲要等左一個月先有位🔥🔥🔥 每晚只限6-8位～ 星期三至日都有唔同主題，例如會有Night Show表演、雞尾酒Masterclass、星期五特價夜 以及好似今次星期三嘅Omakase夜，自己帶平日剩餘嘅食材比調酒師，當晚度身訂造一杯Cocktail (仲會Free一杯比你)✨ 成個Concept幾有心思！當日帶左食淨嘅Pesto Pasta，整出嚟又幾得意🤣

整體成個Vibe幾Cozy & intimate嘅感覺，不時會派下Shots‼️但就會有返啲規矩，例如每人最少Order 2杯，但不能超過4杯🍸 Book位差不多等了一個月，仲要比Deposit~ 雖然係咁，仍然冇影響到佢哋嘅吸引力。

推薦
🍄‍🟫 Mushroom Head ($95)
🐓 Chicken Momo ($95)
🍵 Matcha & Backshot ($145)

(五月到訪，以上資料可能會有改變)
-
📍Flair Up
(詳細地址Book位後就會知🙂‍↕️)"
,Marrow,灣仔,西式,200-400,拍拖約會,避風塘烤牛骨髓、四川風味牛肉他他、炭燒牛扒、花雕醉鵪鶉,https://www.instagram.com/p/Da68G9OTsH-/,Da68G9OTsH-,,"✨快閃2個月! 麵包店隱藏炭火扒房🍴
-
地區分類：#fca_灣仔
-
極少人知原來麵包店上面，收埋咗間新派炭火扒房?!?! 最正係二百幾就食到炭火牛扒🥩 以港島價錢幾抵玩～ 仲有一系列創意菜式，例如招牌避風塘烤牛骨髓、花雕醉鵪鶉等，比一般嘅傳統扒房更有驚喜！餐廳Pop Up 至8月31日，要試真係快手啦！
-
•水牛芝士 ($98)
•法式雞肝凍批 ($128)
•四川風味牛肉他他 ($128)
•鰤魚刺身 ($128)
•花雕醉鵪鶉 ($148)
•避風塘烤牛骨髓 ($188)

前菜大推四川風味牛肉他他，牛肉食落有咬口之餘，仲帶陣陣椒麻香✨ 
花雕醉鵪鶉，用上花雕酒甚至入味，之後再煎香。食落肉質軟嫩，而且肉味香濃，散發住酒香嘅後韻。
招牌避風塘烤牛骨髓，面層鋪滿辣椒脆蒜酥，食落帶油香，配返香脆嘅佛卡夏麵包一齊食，竟然冇平時嘅咁膩😍😍 必點！
*
•澳洲和牛上肩胛肉牛扒 ($688)
•紐西蘭Lumina高地和羊柳 ($208)
•香脆鱗黃花魚 ($218)
•燒新鮮魷魚 配黑色咖喱汁
•蟹肉粗管麵 ($228)

炭燒牛扒AUS M4+ RUMP CAP最平$228有交易，以港島加上炭燒而言真係抵玩！肉質粉嫩，同埋竟然做到有點爽彈嘅口感❤️
黃花魚外層淋上滾燙熱油，令外皮金黃酥脆，魚肉鮮嫩，最重要係無骨啖啖肉🐟
每日市場直送新鮮魷魚，搭配黑色加入了龍蝦汁的紅咖喱醬，竟然有種東南亞嘅風味！
*
•朱古力曲奇提拉米蘇 ($88)
•牛角包西多士 ($88)
-
Marrow (灣仔)
灣仔皇后大道東200號利東街1樓"
,吟坐 炉端居酒屋,中環,日本料理,85-248,打卡必到,吞拿魚蓉爆丼壽司、和牛山芋芥末煲仔飯,https://www.instagram.com/p/Dbf3q5Ah7Tj/,Dbf3q5Ah7Tj,,"🏮日本職人精神! 地道の爐端燒居酒屋🍶
-
地區分類：#fca_中環 
-
依家講起中環居酒屋，最近我淨係去慣依一間🙂‍↕️ 在港日本人夜晚聚腳點，主打爐端燒、關東煮等佐酒菜式。由雙日本主廚主理，依排轉左新Menu之餘，佢哋嘅吞拿魚蓉爆丼壽司都竟然嚟左個大Upgrade，儀式感MAX‼️
-
•月見和牛生牛肉他他($95)
•高湯鰻魚玉子燒($85)
•吞拿魚蓉爆丼壽司 ($128)
•煙燻牛舌 ($98)
•和牛山芋芥末煲仔飯 ($248)

之前試過關東煮好正宗🍢 但夏天都係食返啲涼涼地嘅前菜🤣 和牛生牛肉他他幾鐘意有咬口；煙燻牛舌幾粉嫩爽彈，調味還好～
招牌人氣菜式，必點成座山嘅吞拿魚蓉爆丼壽司🤩 最近仲升級多左三文魚子瀑布，用嚟慶祝生日一流！
新出嘅和牛山芋芥末煲仔飯🐂 同樣好有排場！和牛軟嫩，估唔到夾埋爽脆帶鮮嘅子持昆布，很好下飯😍
-
吟坐 炉端居酒屋 (中環)
中環士丹利街11號Stanley 11 23樓"
,Ramen Ginza Onodera,尖沙咀,日本料理,108-188,打卡必到,至高醬油拉麵、特製松露雲吞,https://www.instagram.com/p/DbnRdpFBI9K/,DbnRdpFBI9K,,"🥢松露雲吞! 銀座人氣拉麵店快閃香港🍜
-
地區分類：#fca_尖沙咀
-
東京過江龍銀座拉麵店快閃香港‼️ 登陸九龍香格里拉內嘅日本餐廳，位置勁隱蔽!!! 拉麵店由連續多年獲得米芝蓮一星主廚- 寺田惠一打造，而香港店都有日本師傅坐鎮～ 今次帶嚟三款拉麵:醬油、鹽味 & 旨辛湯，入門Ver. HK$108起就可以入手🙂‍↕️✨
-
•至高醬油拉麵 ($188)
•至高鹽味拉麵 ($188)
•至高旨辛拉麵 ($188)

一家三口去一次過試晒三款至高拉麵！全部包含2片豚肉叉燒+4片鴨肉叉燒+2粒特製松露雲吞+1隻溏心蛋✨ 個人最愛都係醬油湯底，清澈雞湯底，加上醬油的鹹鮮，成件事飲落好舒服～ 建議可以飲咗啖原味嘅湯底，再加香草牛油🧈🌿 
麵條好順滑，有返適當嘅咬口；燒鴨叉燒有驚喜，鴨肉香幾出；至高拉麵先有嘅特製松露雲吞，餃子皮好滑，帶剛好嘅松露味～ 
-
Ramen Ginza Onodera
尖沙咀麼地道64號九龍香格里拉地下2層"
,Bourke’s,中環,酒吧,200-400,拍拖約會,Dirty Martini、三文魚子鱈魚醬配薯片、肝醬多士、和牛腹脅牛排配雞油烤薯仔,https://www.instagram.com/p/DbnmCuYhisq/,DbnmCuYhisq,,"🇦🇺最強Bar Snacks! 墨爾本風情餐酒館🍸
-
地區分類：#fca_中環 
-
依間靈感源自澳洲墨爾本Bourke Street 熱鬧氛圍嘅澳洲餐酒館，自從去咗一次試過佢哋嘅Dirty Martini 就返唔到轉頭🤣 但每次去淨係話飲一杯，最後都會叫到成枱都係嘢食!!! 大家未去過好難想像原來Bar Snacks 可以咁高質，所以唔講太多，大家自己過嚟試啦～
-
< 𝗙𝗢𝗢𝗗 >
•Whipped Cod Roe Dip, Ikura, Ruffles ($130)
•Liver Parfait Toast, Blueberry ($95/2pc)
•Steak Tartare ($185)
•Ox Tongue, Pickled Chilli, Sauce Gribiche ($100)
•WAGYU Bavette Steak, Chicken Fat Potatoes, Madeira ($420)

我係超鍾意食Bar Leone個Smoked Mascarpone chips，但依家咁多人唔係成日去到，想食就會嚟依到止癮🤣 佢哋嘅三文魚子鱈魚醬配薯片係超級正!!!

每次必點的肝醬多士！用上本地三黃雞，肝醬質感綿滑，搭配自家製藍莓醬，香濃不太膩🐓

最近澳洲黑松露當造，如果星期一嚟叫和牛腹脅牛排，免費幫你刨黑松露😍❤️ 牛扒亦係超粉嫩，一旁嘅雞油烤薯仔好食到暈！完全做到外脆內綿密嘅口感～
-
Bourke’s (中環)
中環卑利街46號地舖"
,蠔酒吧,尖沙咀,西式,,拍拖約會,Westholme和牛拼盤、慢燉和牛尾長通粉,https://www.instagram.com/p/DbX1XvOT389/,DbX1XvOT389,,"🍴超浪漫維港景! 酒店頂層傳奇蠔酒吧✨
-
地區分類：#fca_尖沙咀
-
留言「STEAK」DM你 8折訂位連結
-
位於香港喜來登酒店頂層18樓嘅海鮮西餐廳，估唔到已經有超過25年歷史🍴牆上貼滿國際及本地名人照片！近窗位置飽覽維多利亞港180度海景，生日慶祝都夠晒浪漫🌹 
-
Westholme澳洲頂級和牛五道菜嚐味套餐
-
•和牛肉薄切
•自家製和牛肉腸 (香脆和牛頬肉)
•慢燉和牛尾長通粉
•Westholme和牛拼盤
•蛋白撻

一共5道菜，之前試嘅Menu包含了前菜- 自家製和牛肉腸，但就同Westholme和牛拼盤內嘅菜式撞左，所以要食兩條牛肉腸+ 熟成牛煙肉係有啲Heavy 🥓 依家轉左香脆和牛頬肉應該會好啲。
慢燉和牛尾長通粉，牛尾夠軟腍而且入哂味！
Westholme和牛拼盤🐂 食匀炭火直烤頂級西冷、低溫慢燉牛臉頰、熟成牛煙肉 & 手工牛肉腸。最正係有7款鹽搭配!!!
最後有酸爽解膩嘅青檬雪葩蛋白餅作結～
-
蠔酒吧 (尖沙咀)
尖沙咀彌敦道20號香港喜來登酒店18樓"
,バカ麵,堅尼地城,日本料理,100-200,打卡必到,濃厚雞白湯拉麵配低加水全麥拉麵,https://www.instagram.com/p/DbDOYaABYfU/,DbDOYaABYfU,,"🐓濃厚自然! 新開の雞白湯拉麵店🍜
-
地區分類：#fca_堅尼地城
-
還在試業中嘅拉麵小店，已經吸引長長人龍🫪 主打雞白湯底，當晚比較夜先到，所以淨返雞白湯，試唔到想試嘅雞清湯醬油拉麵 以及雞清湯貝汁拉麵😮‍💨 唯有交俾大家之後試啦… 
-
•濃厚雞白湯拉麵 ($88)
•濃厚雞白湯松露拉麵 ($108)
•雞皮餃子 ($48)

麵條有2款選擇，有比較有咬口嘅低加水全麥拉麵 & 幼身掛湯力UP嘅多加水熟成麵🥢 前者麥香幾出，感覺比較match 濃厚雞白湯，會冇咁heavy~ 
湯底Feel到真材實料，同埋真係見到放咗好多雞肉雞骨去煲🐓 質感做到綿滑帶空氣感，而且冇個種「忌廉雞湯」味🤣 慢煮豬叉燒同雞叉燒都夠嫩！加咗松露嘅雞白湯略嫌有點蓋過雞味了🙃
-
バカ麵 (西環)
西環堅尼地城厚和街6-18號滿發大廈地下E號舖"
,Truffle Donut,尖沙咀,甜品,32-48,打卡必到,貓山王榴槤冬甩、小山園濃抹茶冬甩、松露冬甩,https://www.instagram.com/p/DblBVFrhilf/,DblBVFrhilf,,"🇯🇵神級蓬鬆感! 日本人氣生冬甩店登港❤️
-
地區分類：#fca_尖沙咀
-
⚠️注意! 有一間超人氣日本過江龍登港!!! 來自日本鳥取縣的超人氣生冬甩品牌，喺8月1號正式登陸尖沙咀，帶嚟10款口味😱❤️
其中仲有三款係香港限定口味：楊枝甘露、開心果、貓山王榴槤！冬甩主打麵糰加入南瓜泥，打造神級蓬鬆柔軟感✨ 甜品控可以衝！
-
•小山園濃抹茶 ($36)
•牛奶吉士 ($32)
•士多啤梨 ($36)
•榴槤 ($48)
•朱古力 ($34)
•開心果 ($42)
•松露 ($32)

個人首推- 香港限定貓山王榴槤口味！內餡好香滑而且見到唔少榴槤蓉，入口係超級香，榴槤粉絲一定冇投訴🙂‍↕️
常規口味，小山園濃抹茶係苦抹Style🍵 茶味突出，整體忌廉比起其他口味會更厚身～ 
松露冬甩係唯一一款咸口味，雖然冇餡但係即叫即炸，第一啖已經食到松露香味，Donut嘅質感亦都非常濕潤充滿空氣感🥰

凡購買生冬甩消費滿$150，讚好/追蹤Truffle Donut Hong Kong FB / IG帳號，即可免費獲贈香港限量版帆布袋一個（價值$78）
-
Truffle Donut (尖沙咀)
尖沙咀廣東道3-37號海港城海運大廈地下G03A號舖"
,茗悅,金鐘,中菜,488-868,拍拖約會,陳年青紅醉花螺、鐵觀音茶香乳鴿、閩式紅糟燻魚、永春老醋海蜇凍,https://www.instagram.com/p/DcBBZSVk4-r/,DcBBZSVk4-r,,"🥂香檳暢飲! 自行組合福建風味Brunch🪴
-
地區分類：#fca_金鐘
-
今次再訪港島香格里拉內嘅福建菜廳，最近想食Fine少少嘅中菜都會諗起呢一度～ 週末點心早午餐轉左菜式，最正照舊都係可以從20道點心+閩南風味菜式中自由組合，兩個人就已經可以試到一半嘅Menu😎❤️ 菜式可以唔夠再Add on，夠哂自由度!!! 
-
🥢 𝐃𝐈𝐌 𝐒𝐔𝐌 𝐁𝐑𝐔𝐍𝐂𝐇 𝐌𝐄𝐍𝐔 點心早午餐
✨6款菜式 (每位$488)*
*另加一款菜式 +$58
🥂 兩小時無限暢飲茗茶、SAICHO有汽茶 (+$180/位)*
🥂 兩小時無限暢飲茗茶、SAICHO有汽茶、餐酒及香檳 (+$380/位)*
-
< 福建家鄉小吃及點心 >
•永春老醋海蜇凍
•陳年青紅醉花螺
•閩式紅糟燻魚
•佛跳牆灌湯餃
•廈門風味潤餅配三文魚
*
< 湯品 >
•霞浦頭水紫菜燕餃湯
*
< 閩南風味精選 >
•鐵觀音茶香乳鴿
•紫蘇炒象拔蚌
*
< 主食 >
•帝王蟹肉海鮮麵線糊
*
< 蔬菜 >
•豬油渣炒通菜

點心最愛一定係醉花螺，真心想點多碟，送口水一流🤣 閩式紅糟燻魚 以及永春老醋海蜇凍都係十分開胃！廈門風味潤餅會係咁大分‼️

一定要點的乳鴿!!! 由內而外都散發住鐵觀音茶葉嘅煙燻香味🍂～ 外皮香脆，肉質亦嫩嫩的，絕對可以一個人食幾隻！
-
茗悅 (金鐘)
金鐘金鐘道88號太古廣場二座港島香格里拉酒店8樓"
,Manteigaria,中環,甜品,15-45,打卡必到,葡撻 (Pastel de Nata)、珍珠奶茶,https://www.instagram.com/p/DbA-LmcBDWb/,DbA-LmcBDWb,,"✨30秒實測！「世界最正葡撻之一」登港✨
-
地區分類：#fca_中環 
-
源自葡萄牙里斯本正宗葡蛋專門店，最近正式加入中環Bakery嘅戰場，帶來被譽為「世界最好吃的葡撻」之一嘅葡撻嚟到香港！每次經過都見到門口有唔少人🫢 教教大家認住里斯本出爐儀式：敲銅鈴，一聽到鈴鈴聲，咁就代表有新一輪葡撻新鮮出爐，保證熱辣辣🔔🔥 唔使諗即刻衝入去買就對了😆
-
PASTEL DE NATA 葡撻 ($15/1 pc) 被譽為神級薄脆酥皮唔係講笑，撻皮堅持每日純手工揉製與摺疊，酥脆而不油膩✨ 流心吉士內餡，因應香港做減糖效果！傳統可以灑上肉桂粉與糖粉，咁就更加香🥰

食葡撻最正當然要配返杯嘢飲😆MANTEIGARIA 仲好貼心咁為香港打造一系列香港限定特飲，其中包括檸檬茶 ($35) & 珍珠奶茶 ($45) 檸檬茶特別加入肉桂糖漿，令甜味更自然之餘添加香料香味；個人推薦珍珠奶茶🧋茶底唔錯，而且珍珠煙靭，最重要係加咗葡撻Custard😆 真係超有心思！
-
Manteigaria (中環)
中環皇后大道中79-83號地舖

 @manteigaria.hk

#manteigaria #manteigariahk #pasteldenata"
,Blue Box Café,銅鑼灣,Cafe,200-400,打卡必到,TIFFANY 漢堡、西班牙紅蝦飯、TIFFANY 招牌榛子海鹽焦糖蛋糕、Tiffany logo 咖啡,https://www.instagram.com/p/DbQa69sBeiZ/,DbQa69sBeiZ,,"✨ Tiffany & Co.全新Café登場! 體驗傳奇貴婦早餐🍴
-
地區分類：#fca_銅鑼灣
-
終於可以體驗breakfast at Tiffany’s嘅感覺，係咪因為知香港人瞓得晏呢，早餐竟然可以供應至夜晚九點🤣😍 

Tiffany & Co. 內的Blue Box Café 於6月登場，其中一個亮點一定係與香港米芝蓮一星餐廳 Andō主廚Agustin Balbi攜手打造菜單，名正言順又靚又好食嘅Café✨ 一杯印有Tiffany logo嘅咖啡都係$68一杯；雞尾酒$118杯，價錢比想像中親民☕️ 簡單的話就咁單點招牌TIFFANY 漢堡 ($188) / TIFFANY 公司三文治 ($228)，配一杯咖啡，再打吓卡已經好滿足❤️ 

多幾位朋友嚟建議可以試西班牙紅蝦飯（$388/二人份）  超濃海鮮味，而且飯粒有咬口！甜品就當然唔好錯過TIFFANY 招牌榛子、海鹽焦糖蛋糕，Tiffany Blue超Signature的🥰 最重要嘅都唔係好甜～

記住提早book定位先，尤其係夜晚都幾難book～
-
Blue Box Café, Hong Kong (銅鑼灣)
銅鑼灣新寧道1號利園三期地下G01-G10號舖及1樓101-109號舖"
,嘉麟樓,尖沙咀,中菜,,打卡必到,洛神花山楂月餅,https://www.instagram.com/p/DbM9hHbzQUK/,DbM9hHbzQUK,,"‼️中秋MVP! 半島洛神花山楂月餅🥮
-
地區分類：#fca_尖沙咀
-
留言「PEN」DM你半島廚藝學院 + 嘉麟樓 X BAKEHOUSE 限定月餅資訊
-
做咩喺半島酒店見到Greg?!?! 因為係臨近中秋節，佢同半島酒店一星中菜廳嘉麟樓，首推聯乘口味月餅- 洛神花山楂月餅✨ 用上嘉麟樓經典金黃酥皮，結合Grégoire的洛神花x杏仁蓉內餡，食落帶洛神花 & 山楂嘅酸酸甜甜感，裏面有唔少杏仁增加口感🥰 食落比一般嘅月餅冇咁甜膩～
如果大家都想跟嘉麟樓中菜行政主廚林鈺明師傅學下整點心，就可以留意吓半島酒店嘅廚藝學院喇～
-
嘉麟樓 (尖沙咀)
尖沙咀梳士巴利道22號香港半島酒店1樓"
,AERA,上環,西式,1288,拍拖約會,原隻三黃雞腿,https://www.instagram.com/p/DaxMw25BVCO/,DaxMw25BVCO,,"🌊嚴重被低估! 低調席前新派北歐料理🥂
-
地區分類：#fca_上環
-
第一次公開依一間北歐菜餐廳，只能說完全被低估啊!!!🥹❤️ 入到去靚到完全唔似一間餐廳，簡舒適設計冇咗Fine Dining嘅拘束感～ 加上所有table Corner位都望到海景以及近距離廚師即場烹調，用餐體驗加咗唔少分！菜式以亞洲元素融入北歐料理，必試招牌三黃雞腿就對了！而且佢哋嘅酒精Pairing真係贏咗唔少米芝蓮餐廳，全部自家釀製+發酵，心機落到足！
-
🪴 𝐃𝐢𝐧𝐧𝐞𝐫 𝐌𝐞𝐧𝐮 ($1288/pp)
-
< 𝗔𝗺𝘂𝘀𝗲 𝗕𝗼𝘂𝗰𝗵𝗲 >
•Raggmunk 薯仔泡芙
•Äggost 番茄茶碗蒸
*
< 𝗦𝘁𝗮𝗿𝘁𝗲𝗿 >
•Kornynsgröt  蠔仔粥
*
< 𝗕𝗿𝗲𝗮𝗱 >
•Surdegsbröd 自家製酸種麵包
*
< 𝟮𝗻𝗱 𝗦𝘁𝗮𝗿𝘁𝗲𝗿 >
•Fenix - Fötter 原隻三黃雞腿
*
< 𝟯𝗿𝗱 𝗖𝗼𝘂𝗿𝘀𝗲 >
•Stjerneskud 炭燒本地龍蝦
*
< 𝗠𝗮𝗶𝗻 >
•Stegte Duer 荔枝木煙燻本地乳鴿
/
•Marmorerad Entrecôte (+$288) 炭燒A3和牛肉眼
*
< 𝗗𝗲𝘀𝘀𝗲𝗿𝘁 >
•Salaatti 青檸奶凍 伴羅勒雪糕
*
< 𝗣𝗲𝘁𝗶𝘁 𝗙𝗼𝘂𝗿 >

一共8道菜，每一道菜也意外地在水準之上‼️
以港式蠔仔粥為靈感，經過炭烤+低溫油封，鮮味完美滲入壽司米粥底內，加上香茜油、脆米增加口感，連不吃生蠔的二人也大讚好吃🥰

招牌原隻三黃雞腿❤️ 先用麥芽糖浸泡，再進行風乾，最後香烤+煙燻，做到皮脆肉嫩嘅效果！餐廳都係建議用手食，咁先夠爽🤭

主菜和牛一定冇得輸，但係乳鴿要整得好食都唔容易✨ 本地乳鴿用上荔枝木煙燻，配上冬菇泡沫、松子仁、風乾車厘子以及雞血醬汁，整個味道很Earthy。
-
AERA (上環)
上環干諾道西48號干諾中心30樓"
,Cafe Aobi,中環,Cafe,,打卡必到,Breakfast Combo (北海道紅豆麻糬燒餅、熱咖啡),https://www.instagram.com/p/DaEz2OABPR0/,DaEz2OABPR0,,"🥯手工麵包早餐! 中環烘焙咖啡店☕️
地區分類：#fca_中環 
估唔到中環隱藏咗間好 Chill 嘅咖啡店，除咗室內座位，仲有啲半露天嘅座位，坐低飲杯咖啡 Hea 一陣都幾舒服。仲有一系列自家製麵包，最正嘅係大家最愛嘅 Bagel 都有唔少口味🥰 亦有唔少輕食選擇～ 早餐食個手工麵包加杯咖啡，簡單方便又滿足！

🥖 𝐁𝐫𝐞𝐚𝐤𝐟𝐚𝐬𝐭 𝐂𝐨𝐦𝐛𝐨
任選一杯 375ml 熱咖啡＋一個日式燒餅 / 軟包 (吞拿魚蟹柳燒餅/北海道紅豆麻糬燒餅/南瓜軟包)  個人幾鐘意佢哋嘅麵包夠鬆軟，上枱時候仲係熱辣辣！唔好睇少佢個紅豆麻糬燒餅，裏面嘅麻糬做到煙韌拉絲嘅效果😍

用榮獲紐西蘭嘅 ALLPRESS 冠軍咖啡豆，咖啡款式亦有唔少選擇，最正嘅係用上 NUTTY 風味嘅中深烘焙咖啡豆，帶黑朱古力、焦糖、烤堅果香，飲落味道 Balance 又提神，大大杯好抵飲😎☕，夏天仲有好多特色凍飲㗎！

Cafe Aobi @cafe_aobi 
(中環) #中環閣麟街48號地鋪"
,雅谷餐廳,跑馬地,西式,980,拍拖約會,雅谷黑魚子醬、招牌咖哩水魚湯、法式蛋派,https://www.instagram.com/p/DaIAdWRzQ_w/,DaIAdWRzQ_w,,"🌹坐時光機! 穿越半世紀傳奇法國餐廳🇫🇷
-
地區分類：#fca_跑馬地
-
香港少有超過半世紀嘅法國餐廳，已經漸漸成為跑馬地其中一個地標～裏面嘅經典的設計、古董傢俬擺設、銀器餐具等都帶大家去返60年代咁🥂 連服務生都係效力超過50載嘅元組級別!!! 有機會可以參觀一下佢哋嘅酒窖，識酒嘅人就知有唔少靚嘢收埋😎
-
🥂 𝐂𝐚𝐯𝐢𝐚𝐫 𝐈𝐧𝐝𝐮𝐥𝐠𝐞𝐧𝐜𝐞 𝐌𝐞𝐧𝐮 ($980/pp)*
* 週一至週四供應，必須提前預訂
*供應至31/07/2026
-
•雅谷黑魚子醬｜法式煎餅
•白蘆筍濃湯｜夏日松露
/
•咖哩水魚湯
•智利海鱸｜西蘭花苗｜香檳汁｜黑魚子醬
/
•剌身級帶子｜黑魚子醬｜香草雲吞｜南瓜蓉
•西柚雪葩
•澳洲和牛臉肉｜黑麥啤｜薯蓉
/
•雞胸肉｜鮮鴨肝｜芥末｜胡蔥忌廉
•咸甜點｜法式蛋派
•茉莉慕斯｜草莓啫哩｜月桂糖醬
•咖啡或茶

一共七道菜，有唔少菜式都以魚子醬作點綴✨ 一開始以原盒自家品牌黑魚子醬打開序幕！選用黑龍江鱘龍魚魚子，鹹鮮到位，而且儀式感十足🤭❤️

Menu當然唔少得招牌咖哩水魚湯🥄 熬製超過七小時，充滿咖哩嘅香味以及帶點骨膠原嘅感覺～

兩款海鮮菜式都配上 Amigo 魚子醬作主題🍴 個人更愛海鱸魚，搭配嘅香檳汁，加上黑魚子醬，有提鮮嘅作用！

主菜鮮鴨肝雞胸卷絕對係心機菜🔥用雞皮包裹鴨肝雞胸肉，再淋上配芥末胡蔥忌廉。慢燉澳洲和牛臉肉做到入味軟腍，Keep到水準！

甜品之前竟然有法式蛋派食，而且仲係超好食😭外層撻皮充滿牛油香，中間餡料帶海鮮鮮味，就算食完主菜食多幾件都冇問題😆
甜品係比較輕盈嘅茉莉慕斯奶凍 配草莓醬，月桂糖醬增添不少清新嘅花香，亦做到香港人嘅要求「唔會太甜」～🍓🥰
-
雅谷餐廳 (跑馬地)
跑馬地黃泥涌道79A號雅谷大廈地舖"
,Café Kool,尖沙咀,自助餐,249-439,大班聚會,蒜蓉蒸龍蝦、鐵板燒鮑魚、宮崎和牛扒、鵝肝釀百花炸蟹鉗,https://www.instagram.com/p/Daff4O0h-lM/,Daff4O0h-lM,,"🇯🇵買一送一! $4xx嘆九龍香格里拉自助餐🇯🇵
-
地區分類：#fca_尖沙咀
-
Click入以下連結/Profile連結獲取買一送一優惠！

https://boutique.shangri-la.com/event.php?region=hk&eid=1678

平日午市買一送一後$249/位起！
-
🪭 「夏日東瀛」自助餐**
🔸平日午市買一送一後$249/位
🔸平日晚市買一送一後$409/位
🔹週末午市買一送一 $279/位
🔹週末晚市買一送一 $439/位

*即日起至2026年7月31日供應
*所有價目需另收以原價計算之加一服務費
-
< 東瀛主題菜式 >
•宮崎和牛扒配味噌汁 (週未供應)
•魚子醬宮崎和牛他他 (週未供應)
•鐵板燒鮑魚
•極上軟殼蟹丼
•銀鱈魚西京燒
•白酒忌廉芝士焗蠔
•甲羅燒
•和牛壽司
•大蔥雞肉串

超人氣鐵板宮崎和牛扒 + 鮑魚😍 一開始可能要排吓隊，但之後就供應充足！鮑魚大大隻夠爽彈，日本和牛煎至焦香，但咁啱個位有筋🫪 炸到超香脆嘅軟殼蟹，其實唔使配飯都好好食！
*
< 重點熱葷 >
•蒜蓉蒸龍蝦
•鵝肝釀百花炸蟹鉗
•金湯蟹鉗蒸蛋白
•姬松茸螺頭燉雞湯
•海鮮荷葉飯
•花膠扒伴蠔皇鵝掌

一定首先攞返隻蒜蓉粉絲蒸龍蝦🦞✨ 一盤盤新鮮出爐，比一般嘅凍龍蝦更加鮮！今次有驚喜係多左鵝肝釀百花炸蟹鉗，酒樓嘅昇華足料蟹肉版！海鮮荷葉飯係超級足料，屋企人食左幾碗！花膠扒鵝掌嘅花膠係大大塊QQ的。
*
< 甜品 >
甜品同之前一樣正常發揮🤭 之前嘅即製車輪餅變咗雞蛋仔，仲多咗自製棉花糖！小朋友最開心嘅朱古力噴泉照舊喺度❤️ 當然仲有一系列咖啡/茶/果汁自助暢飲～
-
Café Kool (尖沙咀)
尖沙咀麼地道64號九龍香格里拉閣樓"
,大富蠔音樂餐廳,尖沙咀,日本料理,250-400,大班聚會,火焰啦啦煲、4小時清酒放題、日本時令生蠔、燒珍寶蠔,https://www.instagram.com/p/DaAS1xUhoqK/,DaAS1xUhoqK,,"🐓$1蜆煲! 清酒放題x三黃雞燒鳥店🔥
-
地區分類：#fca_尖沙咀
-
搞乜我以為時光倒退10年?! 依家一蚊喺香港連報紙都睇唔到，但喺度竟然可以食到一大煲火焰卜卜蜆😱‼️ $10食埋超厚肉日本生蠔；雖然一向做緊生啤買一送一，但成塊面咁大杯嘅好Hoegaarden Rose都只係$28，真心唔飲會對唔住自己🤣🍺 
-
‼️18:00-22:00期間入座，設有最低消費$225/位 以及設特色小菜收費 $25/位，惠顧滿最低消費即可享用以下優惠！
-
🔥 1蚊雞「火焰啦啦煲」 ($1)
基本只要有一枱叫，其他都跟住Order🤭 偷偷地話俾大家知其實有18+版火焰啦啦煲 (+20)!!! 加上大量辣椒醬以及辣椒粉落去炒，真係一路煮一路聞到攻鼻嘅味道🥵 食落係刺激嘅辣，好彩唔係話好long lasting~ 蜆肉都比想像中新鮮，完全冇將貨就價！
*
🍶 4小時無限暢飲清酒 (男$268  女 $188)
食串燒聽Live Band最正就係飲返兩杯😎 基本上每枱都會Free Flow Sake，價錢抵玩，最重要係Sake質素唔會Hea你！每日供應4款特色Sake，辛口甘口都有，揀啱鍾意自己嘅味道就可以瘋狂飲🤣🤣
Join左Sake Free Flow仲可以
⭕️ 無限追加$10日本時令生蠔
⭕️ 無限追加香蔥蒜蓉燒珍寶蠔 & 明太子醬燒珍寶蠔 ($20/隻)
*
🍻生啤買一送一 + $28 超大杯Hoegaarden Rose
-
大富蠔音樂餐廳 (尖沙咀)
尖沙咀彌敦道176號The Nate 2樓B號舖
(WhatsApp 訂座：6189-9910)"
,鮨燐,上環,日本料理,,拍拖約會,原個北海道紫針海膽、長崎産吞拿魚卷、北海道產哈夷鮑魚天婦羅配鮑肝醬,https://www.instagram.com/p/DbVkfH3hPHH/,DbVkfH3hPHH,,"🌸豪食20品! 嘆原個即開紫針海膽🥢
-
地區分類：#fca_上環
-
留言「RIN」DM你 79折優惠Menu + 訂位資訊

又捱過咗疫情，又捱過咗之後嘅淡季嘅Omakase強者，仲要係上環蘇杭街，真心唔容易🤫 春季限定頂級套餐食足20品，仲有限時79折優惠!!! 食齊5款刺身+ 6貫手握壽司，最正仲有一系列日本料理～ 
-
刺身重點一定係原個北海道紫針海膽😍 新鮮到好似即刻喺海到撈出嚟咁，口感好似奶油咁順滑！另外唔少得招牌長崎産吞拿魚卷🥪 成個三文治咁，夾住赤身+中拖羅+大拖羅，一咬三重享受😭❤️

6貫壽司包括：富山灣白蝦、希靈魚、象拔蚌、喜之次、白昆布鯖魚 & 北海道海膽。食得出食材新鮮，將夏季當造嘅白身魚以及貝類完美呈現😎 海膽壽司嘅海膽亦係誇張到滿瀉！

日本料理有驚喜🇯🇵 除左有熱辣辣嘅海螺壺焼，北海道產哈夷鮑魚天婦羅 配鮑肝醬，比平時就咁蒸鮑魚更香口！最後仲有個鹿児島産月日貝土鍋飯，個飯好香蝦乾味，元貝亦係大粒兼厚身！
-
鮨燐 (上環)
上環蘇杭街126-128號地下D號舖"
,露台餐廳,尖沙咀,自助餐,637.5-1265,打卡必到,北海道松葉蟹、日式醬油鮑魚、上湯牛脷、龍蝦威靈頓、手工朱古力,https://www.instagram.com/p/DbFzrBKhpdw/,DbFzrBKhpdw,,"🥂全港最貴?! 40秒睇香港元祖級自助餐🍴
-
地區分類：#fca_尖沙咀
-
留言「PEN」DM你買三送一訂位攻略‼️

自1933年嘅香港元祖級自助餐，更被被喻為全港最貴!!! 終於撞正優惠扚起心肝去試吓😂 整體係食物、環境、服務質素都俾到足你！海鮮區對比咁多間自助餐真係最正，熱葷菜式可以做到每樣都好食真係唔容易～ 人生一定要體驗吓就對🙂‍↕️🙂‍↕️
-
🥂 露台餐廳- 海鮮主題自助餐*
*供應日期至8月31號
*快閃買三送一：自助晚餐 (折後人均 HK$977.5)
*快閃買三送一：自助午餐 (折後人均 HK$637.5)
*星期一至四自助晚餐·送半島氣泡茶 (86折後HK$1,265)
*星期一至四自助午餐·送半島氣泡茶 (8折後HK$825)
-
< 凍海鮮 x 刺身 >
•北海道松葉蟹
•阿拉斯加帝王蟹
•日式醬油鮑魚/龍蝦尾/醉蝦/琵琶蝦/帶子
•北海道帶子/油甘魚/甜蝦/吞拿魚/三文魚/馬刀貝

之前喺其他自助餐見到有韓國松葉蟹，但又唔食北海道松葉蟹真係第一次見🫪 癲到呢… 另外蟹腳好厚肉，日式醬油鮑魚係招牌啦！
*
< 焦點熱葷 >
•檸檬酒橄欖燉雞
•西班牙蒜片蝦
•上湯牛脷
•龍蝦威靈頓
•燒肉骨肉眼扒
•炙燒吞拿魚拖羅蓉配米餅及三文魚子
•沙參玉竹雞湯
•蟲草花雲耳蒸班塊

相傳半島嘅熱葷係世一，終於證實名不虛傳🫢 上湯牛脷由朝早就開始慢煮，就算厚切都做到非常軟腍，就咁用上湯啲鮮味出晒嚟❤️ 心機菜仲有煲足全日嘅沙參玉竹雞湯，濃到！龍蝦威靈頓又係夠特別；西班牙蒜片蝦啲蝦大隻到呢😭
*
< 甜品區 > 
•手工朱古力
•自家製雪糕
•茉莉花茶荔枝慕絲
•檸檬芝士蛋糕
•芒果金柚布甸

最近去Regent，所以真係冇對比冇傷害😂 雖然冇咁多原個蛋糕，但係依度嘅手工朱古力係非常出色!!!! 少有地特設朱古力團隊製作，真係半島先做得出‼️ 有成六款選擇，一致認為四川麻辣朱古力好出色～ 
-
露台餐廳 (尖沙咀)
尖沙咀梳士巴利道22號香港半島酒店1樓"
,磯野水產,銅鑼灣,日本料理,200-300,大班聚會,海鮮浜燒（即燒鮑魚、生蠔、帆立貝、赤蝦）、120分鐘肉類任食火鍋套餐、蒲燒鰻魚,https://www.instagram.com/p/DacnCclh_sk/,DacnCclh_sk,,"🇯🇵$98任食海鮮浜燒! $1xx兩小時火鍋放題🥢
-
地區分類：#fca_銅鑼灣
-
$1xx 就可以嘆2小時任食壽喜燒火鍋😱🥢 +$98/位更可升級海鮮浜燒放題，任食即燒生蠔、鲍魚、帆立貝、阿根廷赤蝦等！加多少少錢仲可以任食黑毛和牛、刺身以及多款佐酒和食🔥 價錢完全係豐儉由人，最重要係平時食水產浜燒一啲都唔平，依度$98任食真係抵到爛😆🌊 而且鮑魚仲係識郁!!!
-
🍲 120分鐘肉類任食火鍋套餐 ($198/位)*
* 每位附送一份：野菜盛合+雞蛋+烏冬/白飯
* 任食美國牛板腱+美國肩胛豬梅肉+新潟縣雞髀肉
*清酒+啤酒放題 (+$68/位), 無酒精飲品放題 (+$48/位)
-
最Basic套餐任食三款肉已經好夠飽，但對肉要求嘅可以+$100/位Upgrade做黑毛和牛任食🐂 亦可另加$48/位任食牛舌！
但個人最推介+$98/位Upgrade加配任食餐廳招牌海鮮浜燒‼️ 簡單食兩隻鮑魚就已經回本 (原價$88/隻㗎!!!) 當中仲包括生蠔、帆立貝、阿根廷赤蝦 以及清酒煮白蜆～ 

另外，+$98/位任食海膽等刺身 / 一系列超啱送酒嘅和食！食唔到咁多嘅朋友仔亦都可以選擇追加優惠，例如今次用$48就食到手臂咁長嘅蒲燒鰻魚😆
-
磯野水產 (銅鑼灣)
銅鑼灣軒尼詩道525號澳門逸園中心19樓"
,寿し雲隠,中環,日本料理,2500,拍拖約會,煙燻焦糖鮟鱇魚肝、招牌鮟鱇魚肝泡芙、牡蠣天婦羅,https://www.instagram.com/p/DaXxa5Xh3Os/,DaXxa5Xh3Os,,"🥢必試廚師發辦! 鮟鱇魚肝の大師🇯🇵
-
地區分類：#fca_中環 
-
香港Omakase嘅穩陣高質擔當‼️ 平時有返啲人氣嘅Omakase唔使兩個月以上到book唔到，而健師傅依間夜晚雖然難少少book到，但想食晏晝嘅話係算容易嘅🙂‍↕️ 而且水準穩定，所以每次有人叫我推介都會考慮呢一間~ 鮟鱇魚肝更係做到出神入化，除左招牌鮟鱇魚肝泡芙，今次嘅煙燻焦糖鮟鱇魚肝又驚喜到我🥹 (影片為Dinner Omakase Menu)
-
🥢 晚市Omakase ($2500/位)
-
•粒貝｜蓴菜酢 
•真鯛｜赤海膽刺身
•酒蒸赤鮑魚
•沙甸魚磯邊卷
•毛蟹茶碗蒸
•目一鯛
•墨魚 
•赤貝 
•煙燻鮟鱇魚肝
•牡蠣天婦羅
•中拖羅
•蛇腹 (大拖羅)
•池魚
•塩烤太刀魚
•煮大蜆
•燒海鰻
•海膽
•玉子燒
•牛奶布丁

壽司以梅花間竹形式夠抵讚❤️ 
🔸 Omakase常客：鮑魚，這裹用酒蒸方式帶出鮑魚鮮味，再配上鮑肝醬，Creamy甘香。
🔸 認真雲隠嘅鱇魚肝真係做得好出色😭 雖然今次冇招牌鮟鱇魚肝泡芙，但煙燻過鮟鱇魚肝，再配上山椒+焦糖，又係Another Level!!! 入口即化嘅綿密口感，加上焦糖嘅甜味，一點膩嘅感覺都冇～
🔸 牡蠣天婦羅用上第一次見嘅姫路Cutie生蠔，細細粒但卻非常飽滿，口感清爽帶礦物味，用天婦羅形式做到外脆內爆汁感🦪💦
🔸燒物全用炭燒，塩烤太刀魚 & 穴子都非常出色！後者完全係外焦香內軟嫩。
🔸 手握壽司方面，大拖羅嘅蛇腹位置通常怕有筋，但今次食到係冇嘅，仲要油香豐富；大蜆壽司係超級鮮甜🥰 夏天嘅池魚冇得輸，肉質緊致帶點油香！
-
寿し雲隠 (中環)
中環砵典乍街45號The Steps ‧ H Code 8樓"
,竜 Ryu Shabu Shabu by ATUM,大嶼山,火鍋,100-200,打卡必到,豆乳雞白湯、關東壽喜燒湯、奶油明太子蛋黃烏冬麵,https://www.instagram.com/p/DauohPGh1bp/,DauohPGh1bp,,"🥢上機前實測! 機場首間日式火鍋Giveaway🇯🇵
-
地區分類：#fca_大嶼山 
-
依家竟然搭飛機前/落機後可以打邊爐?!?! 機場首間一人Shabu Shabu店全新登場🔥 牛五花套餐最平都係$138起，完全刷新T1機場食嘢唔抵嘅印像～ 
一共10款Shabu Shabu套餐選擇，最平$118起，湯底都有6款揀❤️ 推薦超香豆味嘅豆乳雞白湯以及關東壽喜燒湯，配牛肉真心一流！套餐仲包前菜、足料季節野菜盛盒 以及自選主食 (日本米飯/稻庭烏冬/三色素麵) 食完一定夠飽🤭
唔夠時間打邊爐嘅話，仲有一系列烏冬 & 丼飯‼️超愛奶油明太子蛋黃烏冬麵 ($108)，食落Creamy帶明太子嘅鹹香，而且烏冬麵超級煙靭！
———————————————————————
📅遊戲日期：13-19/7/2026
 -
🥇頭獎x3: 熊本縣天沢- A5和王牛西冷關東壽喜燒套餐(可帶朋友一同享用)
-
📍換領地點
竜 Ryu Shabu Shabu by ATUM (大嶼山)
大嶼山暢達路1號
香港國際機場一號客運大樓5樓5T053號舖 (非禁區近A接機大堂)
營業時間: 7:00-24:00(L.O 23:00)
-
參加方法:
1.Follow 
@ryu.hongkong
@foodcafealcoholic 
2.Like依張相❤️
3.留言tag一位朋友仔👫
-
‼️依家cap埋個post上自己story並tag埋我哋2個嘅IG page 即增加10次中獎機率！🍔會mark低你哋個名再入機抽‼️
-
留言次數不限，越留得多中獎機會就越大😍 截止後會係IG story公佈結果！若中獎者必需顯示已follow 以上IG, 係通知後一日內未有回覆，將會重新抽過🙇🏽‍♂️ 
中獎名單記錄請查看IG story Highlights！
-
Foodcafealcoholic  及 @ryu.hongkong 保留最終決定權"
,鐘路餐廳,佐敦,韓國菜,200-400,大班聚會,鐘路韓式豬手、薯仔豬骨湯、海鮮炸醬麵,https://www.instagram.com/p/DakVb3QhYhe/,DakVb3QhYhe,,"🇰🇷阿珠媽姊妹花店! 超巨份量正宗韓國菜🔥
-
地區分類：#fca_佐敦
-
由兩位韓國阿豬媽打理嘅韓國菜小店🥹 今次帶埋朋友再訪，尋找返韓國媽媽煮嘅家庭味道!! 一如既往未食已經有一系列免費韓式小菜 (自家製+份量亦超慷慨的)❤️ 上次試左食燒牛腸超好食的，原來其他比較家庭菜一樣正宗～ 而且份量超大，建議大家帶多幾個朋友嚟😆
-
•鐘路韓式豬手($358)
招牌豬手做到外皮Q彈而且肉質嫩嫩的🐖❤️ 幾好嘅係唔似出面醃得重味，依到嘅比較淡味，配上香辣醃蘿蔔、泡菜、豆瓣醬就剛剛好！
*
•薯仔豬骨湯 ($338)
完全就係韓國嘅質素，可以話啲料仲足過韓國🤣好鐘意除左薯仔，仲放左蘿蔔，加上菜乾、紫蘇葉、娃娃菜以及大量紫蘇籽粉，令個湯越煮越香濃！豬骨大大舊，起碼有6-7舊，建議煮耐啲令佢吸收湯底嘅精華😎 
*
•海鮮炸醬麵($188)
面盆咁大盤嘅炸醬麵都係第一次見‼️ 麵條夠Q彈，完美掛滿濃厚炸醬！最正嘅係料超多，除咗有大量蔬菜以及豬肉粒，仲加咗QQ八爪魚🐙 
-
鐘路餐廳 (佐敦)
佐敦柯士甸道19-23號永發大廈地下5號舖"
,Quiero Más,中環,西班牙菜,488,拍拖約會,墨魚汁海鮮飯配八爪魚及蒜香蛋黃醬、伊比利亞火腿配流心蛋、脆皮乳豬,https://www.instagram.com/p/DZm2T13BKzR/,DZm2T13BKzR,,"🇪🇸頂層城市夜景! 爆鮮墨汁海鮮飯🍹
-
地區分類：#fca_中環 
-
感覺已經喺中環開咗好耐嘅西班牙菜，可以立足咁耐一定有佢嘅原因～ 位於最頂樓所以望到中環城市夜景🌃 好鍾意佢哋有好多Tapas揀，一直以來質素都唔錯！幾欣賞佢哋嘅食材都挑選自菜西班牙及地中海，Paella就當然用返西班牙Bomba米✨ 6道菜Tasting Menu $488起，喺中環嚟講咁嘅質素絕對抵玩！
-
< 𝗔𝗣𝗣𝗘𝗧𝗜𝗦𝗘𝗥 & 𝗧𝗔𝗣𝗔𝗦 >
•蟹肉青瓜卷 ($178)
•兩日馬鈴薯千層酥 ($78)
•脆皮乳豬 ($188)
•伊比利亞火腿配流心蛋 ($138)

一共4款Tapas✨ 個人最愛流心蛋，薯條炸得超香脆，配上鹹香嘅伊比利亞火腿，再沾上香滑嘅蛋汁，係會越食越上癮 (很佩服薯條放咗一陣都係咁脆)!!! 另外西班牙烤乳豬外皮帶焦脆感，肉質亦嫩嫩的！
*
< 𝗣𝗔𝗥𝗧𝗡𝗘𝗥 𝗣𝗟𝗔𝗧𝗘𝗦 >
•乾式熟成M5和牛腹肉 ($268)
•墨魚汁海鮮飯配八爪魚及蒜香蛋黃醬（$368）

嚟到點可以唔食Paella😎 之前試過原味，今次墨魚汁版本都唔錯！飯粒煙韌有口感，最重要底下仲有飯焦❤️🥘 蒜蓉蛋黃醬絕對係Highlight位！
*
<Dessert>
•西班牙油條配朱古力醬及雲呢拿雪糕 ($98)
•巴斯克焦糖芝士蛋糕配雜莓雪葩 ($108)

兩款經典西班牙甜品都做得好出色😇 Churros充滿玉桂香，剛好炸出嚟非常香脆，配上一旁雲呢拿雪糕，冰火交融🍨 巴斯克焦糖芝士蛋糕亦做到非常香滑，搭配雜莓雪葩非常解膩～
-
Quiero Más (中環)
中環威靈頓街2-8號威靈頓廣場M88 20樓"
,燐寿司,荃灣,日本料理,198-448,拍拖約會,茶碗蒸、炙燒右口魚群邊、中拖羅、海膽杯,https://www.instagram.com/p/DZXE-prBmsi/,DZXE-prBmsi,,"🥢糧尾照食! 低至$198嘆抵食OMAKASE✨
-
地區分類：#fca_荃灣
-
唔使再等大時大節先去食Omakase，因為係到食隨時平過食回轉壽司😱🔥 最重要係食材質素+服務水準比足你!!! 午市食足11品Omakase都只係$198；晚市$4xx食夠18品！當晚食匀深海池魚、伊左目、拖羅、三文魚子等。當然亦可以遂件單點，食晒自己最鍾意食嘅壽司🤣
-
晚市廚師發辦*
*原價$688–> 65折後$448/位
-
•前菜
•茶碗蒸
•13貫壽司
•手卷
•味噌湯
•甜品

唔係講笑，佢哋嘅茶碗蒸勁大兜超好食！
一共13件壽司，鍾意食壽司嘅人應該好開心🤣
當日包括間八、深海池魚、伊左目、左口魚 配左口魚群邊、帶子、中拖羅、赤貝、池魚、梭子魚、銀雪魚、文甲魷魚、右口魚群邊 以及三文魚子！ 整體以白身魚為主，鍾意油脂感重嘅一定大愛炙燒過嘅右口魚群邊 以及銀雪魚🤤❤️ 中拖羅質素好唔錯，油脂感剛好！

只要惠顧任何套餐，可以追加海膽杯 (+$158)，教大家加埋三文魚子落去一齊食，又係正到爆嘅組合!!!!

最後食返個自家製椰子雪糕作結尾！
-
燐寿司 (荃灣)
荃灣大河道100號海之戀商場3樓3016號舖"
,Cardinal Point,中環,酒吧,200-400,打卡必到,即焗薄餅、牛面頰肉手工闊麵 (Beef cheek pappardelle)、Tiramisu,https://www.instagram.com/p/DZU0y9bhJmN/,DZU0y9bhJmN,,"🌴熱帶雞尾酒! 45層頂樓空中海景酒吧🍹
-
地區分類：#fca_中環 
-
坐擁中環高空黃金海景，集合餐廳+酒吧，唔怪得咁識嘆嘅中環人聚集晒喺呢一度🤣✨ 早少少嚟仲可以睇到日落景！呢度嘅Cocktail走熱帶風情路線，酸甜容易入口！最有驚喜嘅，應該係佢哋嘅嘢食比想像中出色，手工意粉同薄餅都值得一試，係可以食嘢加飲嘢直落嘅地方🤤
-
•Guacamole Chips ($160)
•The Antinori ($220)
•Beef cheek pappardelle ($220)
•Tiramisu ($120)

整個Forty-Five包含上海菜「嘗申𣿬」、米芝蓮二星 Cristal Room、Omakase等，所以依到嘅食物水準都有返咁上下保證😎 推薦佢哋嘅即焗薄餅，批邊做到幾香夠鬆軟，面層放上Chipolata 香腸、Mozzarella、蘑菇、羽衣甘藍以及巴馬臣芝士🍕 鹹鹹香香，送酒一流！
牛面頰肉手工闊麵，肉醬慢煮過夠濃厚，牛肉亦夠軟腍，幾出色！
印有餐廳LOGO嘅Tiramisu，Mascarpone Cheese幾香滑，食落帶咖啡香之餘，不乏Frangelico嘅榛子酒香🥰🥄
-
Cardinal Point (中環)
中環皇后大道中15號置地廣場中庭告羅士打大廈43-45樓Forty-Five內"
,ALMA &,中環,西式,400-600,打卡必到,西班牙蛋餅 (Sobrasada Tortilla)、紅蝦墨汁意大利幼麵、蟹肉糖果意大利餃,https://www.instagram.com/p/DZg0D8lBTp5/,DZg0D8lBTp5,,"🍹超強西班牙蛋餅! 必訪爆紅手工意粉店🍴
-
地區分類：#fca_中環 
-
之前經過見咁多人一值想試，點知發現係幾幾年前已經試過佢哋前身係西營盤嘅手工意粉點🤭❤️ 真係超有緣~ 幾鐘意有Counter table可以同Chef互動下！菜式行Fusion路線，融合西班牙 & 意大利元素，做到1+1大於2嘅效果✨  一定要試西班牙蛋餅，正到喊！
-
•Mushroom Croquettes ($88)
•Scallop Crudo ($118)
•Sobrasada Tortilla ($118)

Tapas試左Daily Special 蘑菇炸西班牙薯波，外層做到薄而酥脆，裏面嘅蘑菇醬很像蘑菇湯呢🍄‍🟫🤭 帶子刺身配上蜜瓜西班牙凍湯，很清爽！
大推佢哋嘅西班牙蛋餅，做到面層非常光滑，裏面有唔少薯塊增加口感，搭配乳酪蒜泥蛋黃醬，好加分😭❤️
*
•Grill Octopus ($228)
•Crab Caramelle ($198)
•Red Prawn Squid Ink Tagliolini ($498)

主菜燒八爪魚夠軟腍，幾佩服佢哋嘅西班牙辣肉腸果醬🐙 人氣蟹肉糖果意大利餃，真係成粒糖咁好靚，配上香濃蝦湯以及阿枝竹，味道Balance帶鮮🍬
鎮店之寶- 紅蝦墨汁意大利幼麵🖤 麵條非常爽彈，沾上香濃嘅蝦湯醬，以海膽提鮮，正到出唔到聲!!! 記住唔好嘥個蝦頭，唧埋啲膏落去撈意粉食😎
*
•Broken Flan ($98)
變奏版焦糖布甸🍮 結合杏仁牛軋糖雪糕、焦糖堅果、布丁以及燕麥脆脆，很Match亦做到不太甜🥰
-
ALMA & (中環)
中環蘇豪卑利街51號地舖"
,炑,尖沙咀,日本料理,688,拍拖約會,北海道厚岸蠔、北海道喜之次、夢池魚、自家製朱古力蛋糕,https://www.instagram.com/p/DZr_9XSBJGQ/,DZr_9XSBJGQ,,"🥢不時不食! 席前の驚喜割烹料理🇯🇵
-
地區分類：#fca_尖沙咀
-
另類席前體驗✨ 可以一件壽司都唔食，但就可以體驗相同Omakase嘅感覺！席前望住師傅炮製，兼好似拆盲盒咁，因為真係會唔知菜式係乜🤭 保證用嘅食材都係最Seasonal~ 7品𝐋𝐮𝐧𝐜𝐡 𝐌𝐞𝐧𝐮 $688/位，14品Dinner Menu食匀刺身+天婦羅+和食夠哂開心！貴少少仲可以食埋壽司以及釜飯✨
-
🇯🇵 𝐃𝐢𝐧𝐧𝐞𝐫 𝐌𝐞𝐧𝐮
-
•先付
•茶碗蒸
•季節刺身二品
•燒物
•季節刺身二品
•揚物
•季節刺身一品
•煮物
•天婦羅二品
•麵食
•甜品

集齊季節刺身、燒物、揚物、天婦羅以及和食🥢 幾鐘意刺身以梅花間竹嘅方式安排。北海道象拔蚌刺身，一款配以青檸皮；另一款邊位炙燒過，展現兩款風味。比較少見嘅夢池魚，油脂感較一般池魚高，口感超柔嫩的😭❤️

燒物以及揚物都好似食緊日法Fine Dining咁✨
北海道喜之次，配帶子脆脆以及椰菜花蓉；肥美嘅北海道厚岸蠔，面層淋上白松露蛋黃醬，以靜岡蕃茄解膩🍅🦪

Overall 天婦羅水準都唔錯🍤 粉漿夠薄，令目光魚做到外脆內綿密嘅口感～ 白粟米一如既往清甜多汁！

甜品以自家製朱古力蛋糕作結🍴 軟心Texture，香滑而且好香朱古力味!!! 大癲🤯
-
炑 (尖沙咀)
尖沙咀中間道15號H Zentre UG樓1-3號舖"
,Pici,中環,西式,298,拍拖約會,紅酒燴羊肉波浪闊意粉,https://www.instagram.com/p/DZpbJEbhFm3/,DZpbJEbhFm3,,"🍴全新手工意粉登場! Pici 伏特加通心粉☀️
-
地區分類：#fca_中環 
-
終於等到Pici出Spicy Vodka Rigatoni🤤 仲有多款之前冇嘅Handmade Pasta!!! 照舊Tasting menu就對了，低至$298/位就可以試到2款前菜+3款意粉+2款甜品，今次新出嘅Pasta都試到！
-
✨ 𝐍𝐞𝐰 𝐏𝐚𝐬𝐭𝐚 𝐒𝐡𝐚𝐩𝐞𝐬 𝐒𝐞𝐫𝐢𝐞𝐬
*由即日起至30/6供應
✨Tasting Menu 自選嚐味菜單 ($298/位)*
*包括2款前菜+3款意粉+2款甜品
-
< 𝗦𝗧𝗔𝗥𝗧𝗘𝗥𝗦 >
•千絲酥皮牛油果吞拿魚他他 (+$15)
•意式冷肉拼盤肉丸(+$20)
*
< 𝗣𝗔𝗦𝗧𝗔 >
•伏特加意式辣肉醬短管通心粉
•紅酒燴羊肉波浪闊意粉(+$10)
•地中海海鮮粗管麵(+$20)

今期一共四款新pasta🍴試咗三款，估唔到MVP竟然係紅酒燴羊肉波浪闊意粉🤭 醬汁濃厚，但係唔會太重味，最重要嘅係份量多，而且波浪闊意粉完美掛滿晒醬汁!!! 
期待已久嘅伏特加通心粉，行酸爽路線，係幾開胃，但唔係個人鍾意嘅style 🍅
地中海風味嘅海鮮粗管麵！集齊八爪魚、龍蝦、青口以及蜆肉，以烏魚子作點綴，入口充滿海鮮嘅鮮味！
*
< 𝗗𝗘𝗦𝗦𝗘𝗥𝗧 >
•意式紅莓醬奶凍
•提拉米蘇
-
PICI各分店有售"
,CITRINO,中環,西式,1660,拍拖約會,烤日本近江和牛、初夏八味旬菜湯、粟米之章、宮崎芒果配沖繩菠蘿,https://www.instagram.com/p/DZxJj05BOVP/,DZxJj05BOVP,,"✨夏日驚喜菜式! 米芝蓮推介意日菜🥂
-
地區分類：#fca_中環 
-
係安蘭街18號依座Building，有唔少臥虎藏龍嘅餐廳以及廚師坐鎮。而其中依間由米芝蓮1星Ryota Kappou Modern幕後團隊與主廚神保佳永合作打造嘅意大利餐廳，可以話係近排去過幾有驚喜的一間🇮🇹✨ 係意大利菜加入日式元素以及食材，比大家係輕鬆悠閒嘅氛圍下嘆米芝蓮水準嘅菜式！
-
🥂 𝐂𝐈𝐓𝐑𝐈𝐍𝐎 薄暑 ($1660/pp)*
-
•粟米之章
•布里沙律
•西葫蘆花
•初夏八味旬菜湯
•北海道鮑魚
•煙燻北海道帶子
•義式黑椒乳鴿
/
•烤日本近江和牛 (+$168)
•宮崎芒果 沖繩菠蘿

用上當季食材的8道菜式✨ 粟米之章集合三款粟米Amuse Bouche：粟米脆餅、粟米鵝肝冬甩 & 粟米清湯🌽  脆餅夾住海膽蛋黃醬；粟米清湯係飲得出嘅清甜～

不一樣的布里沙律🍅 用上發酵日本水果番茄，配上Creamy嘅芝士泡沫，很清新！超愛初夏八味旬菜湯，加入八款時令日本蔬菜煮成嘅濃湯，香滑濃郁🫛🥄 另外北海道鮑魚自家製貓耳朵意粉，咬落煙煙韌韌～煙燻北海道帶子Ravioli，搭配煙燻豬腩肉增加了不少香氣！

主菜黑椒乳鴿，個人更愛烤日本近江和牛🐂 用上日本A4近江和牛西冷，不會過於肥膩，油香與肉香並存，而且做到非常粉嫩！

甜品宮崎芒果配沖繩菠蘿，依個Combination冇得輸，而且充滿夏日感！席前灑上杏仁奶雪糕，中間仲有層牛奶奶凍泡沫🫧 多重Layers，最重要係用上宮崎「太陽之子」芒果🥭 出名就是夠晒甜，而且夠晒貴😂😂
-
CITRINO (中環)
中環安蘭街18號2樓"
,hygge,大角咀,西式,200-400,拍拖約會,拿坡里水煮魚、金畢文烤豬肉卷薄餅,https://www.instagram.com/p/DZhsvqihznq/,DZhsvqihznq,,"🍕瘋狂水煮魚! 小店出品手工PIZZA🍴
-
地區分類：#fca_尖沙咀
-
唔好意思成日話大角咀冇乜嘢食🤣 依間餐廳食過一次之後就絕對會專程再食多一次!!! 本身以為係普通咖啡店，原來係一間誠意爆棚嘅小餐館✨ Pizza Dough自家製，意粉醬汁自己煮，海鮮唔新鮮唔用🔥 當晚食左4道菜，4道菜都好高質～
-
•香煎油蒜大頭蝦 ($188)
好耐冇點過咁多款菜式，咁多款都咁好食!!!😭❤️ 油蒜大頭蝦嘅蒜油已經夠哂香，識食一定唧埋啲蝦頭膏，配麵包一齊食，香到一個點！
*
•海鮮水管麵 ($228)
海鮮水管麵嘅醬汁，不惜成本用上十幾斤龍蝦、藍青口以及蜆長時間熬煮🦞 加上鮮活海鮮配料，意粉完美吸收龍蝦湯精華~
*
•金畢文烤豬肉卷薄餅 ($188)
Pizza嘅Dough亦係有心機到自家製!!! 混合法國及意大利麵粉，用上兩日時間發酵，打造出富空氣感嘅批邊✨ 加上焗至軟滑嘅金畢文芝士以及鹹香烤豬肉卷，Perfect Match🍕
*
•拿坡里水煮魚 ($338)
亦稱「瘋狂水煮魚」🤣 鮮甜嘅鱸魚，加上蜆肉，再搭配蔬菜、番茄、香料等燴煮而成，帶點微辣幾開胃，個湯比我哋飲哂!!! 魚肉同蜆都食得出好新鮮，係意想不到嘅MVP🌟
-
hygge (大角咀)
大角咀博文街28號地舖"
,板神鉄板燒日本料理,銅鑼灣,日本料理,598,打卡必到,南非鮑魚、鵝肝、焦糖多士、美國牛肉薄燒,https://www.instagram.com/p/DZSP7IKBXB9/,DZSP7IKBXB9,,"🇯🇵大癲5折! $5xx嘆無限追加の鐵板燒🔥
-
地區分類：#fca_銅鑼灣
-
乜依家鐵板燒都玩到任食咁誇張?! 仲要玩埋半價，人均$5xx可以無限追加12品，其中包括活鮑魚、鵝肝、虎蝦熱狗、牛肉薄燒 以及招牌焦糖多士!!!😱❤️ 玩到咁盡皆因餐廳踏入六周年，唔怕你食窮佢，只怕你唔夠食🤣 

教吓大家，如果撞正6月19-21日惠顧，11:30m 仲有原條吞拿魚解體Show + 新鮮吞拿魚刺身 (可以追加)🐟 臨近父親節，大家識做啦！
-
🪭 六周年感謝祭套餐 ($598/一人前)*
*星期六、日 及公眾假期午市供應
* 讚好＋追蹤板神IG/FB及上傳一個限時動態，套餐內美國薄燒牛肉免費升級為日本A5薄燒
-
•沙律
•刺身五點
•南非鮑魚
•三文魚
•龍蝦（半隻）
•鵝肝
•虎蝦熱狗
•美國牛肉薄燒 /日本豚肉薄燒
•季節野菜
•炒飯｜湯｜漬物｜甜品

套餐一共12品🔥 基本除左刺身 & 龍蝦，所有ITEMS都可以無限追加!!!! 最高記錄兩個人食足20隻鮑魚，食完就知點解，真係好爽嫩，而且帶海水嘅鹹鮮🤤❤️
三文魚都Encore左三舊，配香草牛油正到喊🧈🐟
鵝肝又係回本位，厚切+外層焦香，超邪惡！
美國牛肉薄燒亦係任食😭‼️ 今次裏面卷住爽脆嘅菇菌，比蒜片冇咁Heavy，戰鬥力即刻UP!
最犯規一定係無限追加佢哋嘅焦糖多士，就算知係面層放左成堆糖，都忍唔住食左三塊🤣🍞 
-
板神鉄板燒日本料理 (信和廣場) (銅鑼灣)
銅鑼灣告士打道255-257號信和廣場1樓103號舖"
,Beans Bakery,,甜品,14,打卡必到,特濃黑芝麻流心湯圓撻、香濃花生流心湯圓撻,https://www.instagram.com/p/DY9pkuTk8hr/,DY9pkuTk8hr,,"🥜大癲組合! Beans Bakery新出流心湯圓撻🖤
*
咁犯規嘅組合究竟係邊個諗出嚟😭!!! 最近Beans Bakery 聯乘灣仔碼頭，將傳統中式甜品湯圓，與大家最愛嘅西式酥皮蛋撻結合✨ 打造酥脆+軟糯雙重享受～ 
個人最愛特濃黑芝麻流心湯圓撻 ($14) 湯圓流沙芝麻餡，加上蛋撻嘅黑芝麻吉士，香濃到一個點🩶 香濃花生流心湯圓撻 ($14) 真係食到唔少香脆花生碎，甜度亦剛好！
-
📍全線Beans Bakery有售

@beans_bakery_hk
@wanchaiferry.hk"
,Bar Anima,中環,酒吧,150-300,拍拖約會,Bamboo、Irish Coffee,https://www.instagram.com/p/DZ432eaBzML/,DZ432eaBzML,,"🍸日式酒吧！No.1手沖愛爾蘭咖啡雞尾酒❤️
-
地區分類：#fca_中環 
-
如果想係中環揾間靜靜哋，就算自己一個女仔去想飲返杯都可以輕鬆駕馭嘅酒吧，我會推介依間日式Cocktail Bar。
開業兩年，經過三個月翻身再以新面貌亮相✨ 深色木質調配以紅絲絨梳化，成個Vibe係好Relax~ 酒吧由獲獎調酒師 Pei Cheung 主理，主打重新演繹嘅經典雞尾酒 & 時令水果Cocktail🥭 酒單簡而精，一共14 款選擇，當中為10 款經典雞尾酒🍸 (認真一杯經典雞尾酒要做得好都係唔容易嘅事) 幾鐘意佢哋嘅Cocktail唔會有多餘嘅garnish，成件事飲得舒服，又睇得舒服～
-
•Bamboo ($150)
•Chrysanthemum ($160)
•Pisco Sour ($160)
•Irish Coffee ($210)
•Seasonal Fruit Cocktail ($180+)
•Twisted Classic Cocktail ($160+)

嚟到一定要試招牌𝐁𝐚𝐦𝐛𝐨𝐨🎋 Base為Fino Sherry + Dry Vermouth，飲落清爽帶微酸，散發葡萄香氣，建議第一杯可以點佢。
第二杯幾出色嘅係𝐈𝐫𝐢𝐬𝐡 𝐂𝐨𝐟𝐟𝐞𝐞☕️ 現場用上精品咖啡豆做手沖咖啡。每一啖都係香滑嘅忌廉，然後係暖暖嘅Irish Whisky + 咖啡 (小心真係超快飲晒!!!)
最後叫咗兩杯特調Cocktail❤️ 一杯係用上自己喜愛Style嘅Gin調製嘅Martini Twist；另一杯時令水果Cocktail揀左用青提子，以兩款Gin做Base，清新帶點花香，幾啱女士們😇
-
Bar Anima
8/F, 11 Stanley street, Central Hong Kong"
,Grissini 意大利餐廳,灣仔,西式,888,拍拖約會,Tiramisu (意大利芝士餅)、自家製麵包Grissini,https://www.instagram.com/p/DY4Mm3_hU5z/,DY4Mm3_hU5z,,"✨最浪漫日落下嘆香港No.1 Tiramisu🇮🇹
-
地區分類：#fca_灣仔 
-
依間係君悅酒店內，1989年開業嘅意大利餐廳，一直有唔少人朝聖佢哋被譽為「人生必試」「香港第一」嘅Tiramisu！今次三訪繼續係衝住佢而來🥹❤️ 咁啱最近推出艾米利亞羅馬涅主題Menu有得食到一系列北意大利菜式之外，當然唔少得招牌Tiramisu!!! 加埋落地大玻璃日落景，配上意大利酒，正到喊！(Btw佢哋自家製麵包Grissini超好吃，而且可以Refill喔)
-
🥂 𝐆𝐚𝐭𝐡𝐞𝐫 & 𝐒𝐚𝐯𝐨𝐮𝐫 𝐨𝐟 𝐄𝐦𝐢𝐥𝐢𝐚 𝐑𝐨𝐦𝐚𝐠𝐧𝐚 ($888/pp)*
*4 Gls Wine Pairing (+$580/pp)
-
< 𝗔𝗡𝗧𝗜𝗣𝗔𝗦𝗧𝗜 >
•洋蔥番茄醬配麵包
•艾米利亞火腿拼盤

一開始食匀Parma Ham / Culatello / Mortadella / Felino Salami 以及唔同月份嘅Parmigiano Reggiano芝士🤤 配返支來自𝐄𝐦𝐢𝐥𝐢𝐚 𝐑𝐨𝐦𝐚𝐠𝐧𝐚嘅La Margherita “Le Baccanti”白酒，帶芒果蜜瓜等熱帶水果香氣，同芝士 & cured meats都好夾！
*
< 𝗣𝗥𝗜𝗠𝗜 𝗣𝗜𝗔𝗧𝗧𝗜 >
•肉醬焗千層菠菜麵
•自家製豬肉火腿意大利雲吞

大家最愛嘅手工意粉❤️ 千層麵加入了菠菜汁，然後逐層鋪上香濃肉醬，搭配香滑奶油醬，整體比出邊食到嘅冇咁Heavy；至於意大利雲吞幾鍾意佢哋嘅豬肉火腿內餡，而且醬汁都好香芝士味🙂‍↕️✨
*
< 𝗦𝗘𝗖𝗢𝗡𝗗 𝗣𝗜𝗔𝗧𝗧𝗜 >
•炸牛仔扒
外層炸至金黃香脆，面層鋪上帕爾馬火腿，再刨上帕瑪森芝士🧀 整體會鹹香感會重啲，配上果香並帶玫瑰花香嘅Villa Venti ‘A’ Rubicone Rosso，令整件事更Balance~
*
< 𝗗𝗢𝗟𝗖𝗜 >
•意大利芝士餅
•沙巴翁榛子酥餅．朱古力醬

依到嘅Tiramisu真係食過數一數二 (如果你鍾意杏仁酒味道的話)🥰 入口mascarpone cheese好軟滑，之後係陣陣杏仁酒嘅香味 (俾我發現到原來係用靚嘢DISARONNO)，酒香比例會輕輕重過咖啡味，個人就好鐘意嘞！
-
Grissini 意大利餐廳 (灣仔)
灣仔港灣道1號君悅酒"
,大安茶冰廳- BaseHall 02,中環,港式,88,打卡必到,蔥油霸王雞扒雙蛋飯,https://www.instagram.com/p/DZFDZYihFeT/,DZFDZYihFeT,,"🍳$88碟頭飯?! 大安茶冰廳進駐中環🔥
-
地區分類：#fca_中環 
-
話說介紹完珍姐係太子大廈重開，Basehall個位就由油麻地嘅大安茶冰廳接手✨ 照樣做碟頭飯，珍姐嘅招牌蔥油煎雙蛋豬扒飯，取而代之變左蔥油霸王雞扒雙蛋飯 ($88) 雞扒煎得幾靚仔嘅；自家製XO忌廉大蝦飯 ($88) 個醬偏Creamy，偏飯有點膩🥲 

可能當日新開關係，飯嘅溫度唔係好Keep到～ 價錢已包檸檬大紅袍/奶香烏龍，有點偏淡，掛住珍姐嘅伯爵薄荷檸檬茶🤤
-
大安茶冰廳- BaseHall 02 (中環)
中環康樂廣場1號怡和大廈LG樓及BF樓LG5 & 7, LG15, B3號舖"
,cafe TOO,金鐘,自助餐,477-825,大班聚會,蒸龍蝦、黃金炸蠔 配鹹蛋黃醬、鐵板和牛及金蠔、艇仔粉,https://www.instagram.com/p/DYzWaUJTCq9/,DYzWaUJTCq9,,"🇭🇰「蠔」得起! 30秒睇流浮山盛宴自助晚餐🐟
-
地區分類：#fca_金鐘 
-
‼️ 由27/5 11AM 限時3天，快閃「買一送一」優惠，午市Buffet低至HK$284/位，訂位連結放係IG Story，聽日一齊準時搶!!! 
-
🌊 流浮山漁鄉珍饈盛宴自助晚餐*
* 即日起至 2026年 6 月 2 日
* 【85折】自助晚餐 | $825起/位

* * 【買一送一】和牛海鮮盛宴自助晚餐 | $477起/位
💥預訂日期：2026年5月27日至5月29日
💥兌換及用餐日期：2026年6月3日至6月30日
-
< 環球海鮮/刺身 >
•蒸龍蝦
•雪蟹腳
•鮑魚
•瀨尿蝦
•麵包蟹
•花蟹
•三文魚子/吞拿魚/油甘魚/鯖魚/三文魚/阿根廷赤蝦
•5克魚子醬（每位一份/週一至週四晚市限定）

一大賣點一定係任食蒸龍蝦🦞 比凍龍蝦更能食到鮮味，所以依家又唔少酒店都轉咗～ 另外，一如既往都係比其他酒店更多海鮮選擇，連鮑魚、瀨尿蝦、麵包蟹 & 花蟹都有!!! 三文魚子任加唔嬲🤭 放係丼飯抑或喺魚生上面都係咁正。平日晚市雖然冇吞拿魚腩，但係阿根廷赤蝦都唔錯🙂‍↕️ 絕對係海鮮控嘅天堂~
*
< 經典大澳菜式 >
•黃金炸蠔 配鹹蛋黃醬
•鐵板和牛及金蠔
•蒜蓉蒸蠔
•蠔豉螺片配蔬菜
•傳統佛跳牆
•大地魚湯浸海鱸 
•羊肚箘花蟹蒸水蛋
•蒜蓉粉絲蒸斑頭腩
•艇仔粉

一系列流浮山風味菜式🤤 主要係好「蠔」~ 推薦鹹蛋黃醬黃金炸蠔 以及鐵板金蠔，好過口癮！連最愛嘅蠔豉都有，食落又幾香！另外花蟹蒸水蛋夠哂鮮。幾特別嘅仲有即製艇仔粉🥢 有得揀銀針粉或者瀨粉，個湯底放咗冬菇同埋蝦米去煲，真係忍唔住食晒成碗🤤
*
cafe TOO (金鐘)
金鐘金鐘道88號太古廣場港島香格里拉7樓"
,Han Dining,旺角,日韓料理,298-418,打卡必到,秘製醬漬鮑魚、醬油生醃蝦及螃蟹、韓式低溫燜牛小排,https://www.instagram.com/p/Dao-sc0ziHr/,Dao-sc0ziHr,,"🇰🇷食足19品! 儀式感UPの新開日韓料理🇯🇵
-
地區分類：#fca_旺角
-
應該係最有排場嘅日韓Casual Dining🤭 晚市低至$298已經可以食足17品!!! 前菜以兩層行李廂去Present儀式感十足，除左日式壽司，仲有一系列韓式料理～ 最正嘅係仲有大家最愛嘅醬油鮑魚+醬油蝦+醬油蟹❤️ 二人Lunch Set $298起，仲可以朝聖一下三文魚麵🥢 當然唔少得一系列丼飯選擇～ 同女仔Frd嚟Chill返日都唔錯！
-
✨ 𝐇𝐀𝐍 𝐒𝐢𝐠𝐧𝐚𝐭𝐮𝐫𝐞 ($298/pp)｜ 𝐇𝐀𝐍 𝐒𝐩𝐞𝐜𝐢𝐚𝐥 ($418/pp)*
*Wine Pairing (+$138/pp)
(✨以下為𝐇𝐀𝐍 𝐒𝐩𝐞𝐜𝐢𝐚𝐥 菜單)
-
< 𝗔𝗠𝗨𝗦𝗘-𝗕𝗢𝗨𝗖𝗛𝗘 >
•冰漬番茄
•香滑豆腐撻
•黑松露韓式生牛肉他他
•秘製醬漬鮑魚
*
< 𝗦𝗨𝗦𝗛𝗜 𝗦𝗘𝗟𝗘𝗖𝗧𝗜𝗢𝗡 >
•三文魚
•油甘魚
•魷魚
•帶子
•甜蝦
•卷物
•鵝肝吞拿魚🔹
*
< 𝗠𝗔𝗜𝗡 𝗖𝗢𝗨𝗥𝗦𝗘 >
•慢煮炙燒豬頸肉
•黑松露芝士脆薯餅
•柚子醋青瓜沙律
•醬油生醃蝦及螃蟹🔹
•韓式低溫燜牛小排🔹
•三文魚石鍋飯🔹
•是日餐湯
*
< 𝗗𝗘𝗦𝗦𝗘𝗥𝗧 >
•傳統藥果配麻糬雪糕

一共19品，🔹係𝐇𝐀𝐍 𝐒𝐩𝐞𝐜𝐢𝐚𝐥獨有Item~  前菜有秘製醬漬鮑魚打頭陣～ 
之後一共七款壽司，刺身正常發揮，個人偏愛厚肉爽甜嘅甜蝦🥰 壽司飯上可能有點偏乾身了。
主菜共8道菜嘅韓定食✨ 韓式低溫燜牛小排有驚喜，入味兼帶陣陣韓式醬油嘅香甜味～三文魚石鍋飯上枱熱辣辣，可惜就係冇乜飯焦。
-
Han Dining (旺角)
旺角亞皆老街8號朗豪坊11樓30號舖"
,Pier Lounge and Pier Bar,黃竹坑,西式,401,寵物友善,炭燒波士頓龍蝦、烤西班牙原隻乳豬、雞肉沙爹、牛舌、蜜糖菠蘿,https://www.instagram.com/p/DYj5ouFz-AX/,DYj5ouFz-AX,,"🦞食足4小時! 半價嘆炭火燒烤自助晚餐❤️
-
地區分類：#fca_黃竹坑
-
‼️ 留言「🔥」DM你週末燒烤自助晚餐買一送一訂位攻略!!!!

估唔到用自助午餐嘅價錢。可以食到咁高質嘅自助晚餐?!?!😱 仲要食足4小時都係$401/位～ 海鮮位絕對冇Hea你，食匀炭燒新鮮龍蝦/鱈場蟹腳/瀨尿蝦等，連户外烤原隻乳豬都有🐖 成間餐廳喺泳池隔籬，如果帶埋毛孩坐outdoor真係幾Chill!
-
🔥 地中海燒烤自助晚餐 (買一送一，折後人均HK$ 401起)*
*用餐時間： 星期五-六 6:30pm - 10:00pm；星期日6:00pm-10:00pm
-
< 凍海鮮/前菜 >
•鱈場蟹腳
•瀨尿蝦/鮮大蝦/翡翠螺
•地中海米型麵尤魚沙律
•香煎盲曹魚柳配芫茜番茄醬
*
< 烤肉/地中海燒烤 >
•烤西班牙原隻乳豬
•波士頓龍蝦
•燒美國肉眼
•哈里薩辣醬燒雞
•盲曹/青魚柳/鲳魚/沙甸魚/魷魚/鮮蝦

海鮮絕對係今次嘅焦點！凍海鮮幾齊全，平時嘅凍波士頓龍蝦變咗做炭燒🦞 食落炭香直衝天靈蓋!!!! 而且供應很充足！一定要試嘅烤西班牙原隻乳豬，冇幾多間酒店可以喺戶外即烤俾你，完全就係皮脆肉嫩嘅效果🐖 
*
< 即燒串燒 >
•多春魚
•雞肉沙爹
•牛舌
•牛仔骨/燒豬腩/英式豬肉腸
•蜜糖菠蘿/燒秋葵/ 牛油粟米

串燒方面可以主攻雞肉沙爹、牛舌以及蜜糖菠蘿🍍 (略嫌有點供不應求🥲)
*
< 焦點熱葷 >
•薑蔥炒蟹
•豉椒炒青口
•茴香芫茜焗魔鬼魚
•九州拉麵檔
*
< 甜品區 > 
•Haagen Dazs雪糕杯/雪糕批
•希臘優格巴斯克蛋糕
•地中海菠蘿椰子慕絲蛋糕
•法式栗子蛋糕
•即製港式雞蛋仔
•即製可麗餅

甜品方面有原個蛋糕+多款Haagen Dazs雪糕幾抵讚 (最正係有開心果味🥰) 有埋甜品Live Station完全冇投訴！
-
Pier Lounge and Pier Bar (黃竹坑)
黃竹坑黃竹坑道180號香港海洋公園萬豪酒店海岸地舖"
,BACHA COFFEE,尖沙咀,Cafe,200-400,打卡必到,Irish Coffee、和牛西冷法式多士三文治、夿萐蛋糕、黑松露炒蛋,https://www.instagram.com/p/DYhU5VSB1wq/,DYhU5VSB1wq,,"✨維港景BACHA COFFEE! 飲最正Irish Coffee☕️
-
地區分類：#fca_尖沙咀 
-
全港唯一一間有咖啡Cocktails + 維港海景睇嘅Bacha Coffee，唔該大家之後只去依間!!!😭 唔講唔知，原來咖啡豆零售區後面收埋咗間咁靚嘅餐廳✨ 俾大家即場嘆到佢哋咖啡之餘，仲有一系列輕食、甜品、Cocktails 以及即日新鮮出爐嘅Pastries! 😱 求求大家一定要試Irish Coffee，講究到係可以係200款咖啡豆裏面自己揀豆!!! 飲落Irish Whiskey嘅味突出但好舒服～
-
•黑松露炒蛋 ($198)
•和牛西冷法式多士三文治 ($204)
•摩洛哥傳統香料肉丸 ($240)
•維也納黎明咖啡提拉米蘇 ($108)
•夿萐蛋糕 ($58/2件)

餐牌主要以輕食為主🍴 黑松露炒蛋係炒得超香滑，每一啖都係黑松露香味，配上牛油麵包條很好吃 (係有點小貴🤏🏼) 和牛西冷法式多士好香牛油味，西冷軟嫩，搭配焦糖洋蔥以及忌廉芝士好惹味！

甜品衝住佢哋嘅Tiramisu 😍 帶濃郁咖啡香，只不過Mascarpone cheese 不太是個人口味！夿萐蛋糕也很多人點，推薦100%純正阿拉比卡咖啡雲石蛋糕 & 蜜餞檸檬蛋糕！一旁會附上香緹鮮奶油、奄萐咖啡工匠蜂蜜、咖啡果凍或焦糖醬。以這個價錢物超所值❤️
-
BACHA COFFEE (尖沙咀)
尖沙咀廣東道3-27號海港城港威商場G樓G315及G315A號舖"
,PARKSIDE@NINA,天后,Cafe,100-200,打卡必到,焦糖脆香蕉、日式煙呑拿魚酸種薄餅,https://www.instagram.com/p/DZCgSKGzuDa/,DZCgSKGzuDa,,"✨馬蹄蓮穹頂設計! 打卡全港最美咖啡店之一☕️
-
地區分類：#fca_天后
-
打入「全球最美 50 間咖啡館」之一嘅PARKSIDE@NINA，繼荃灣店後打入港島銅鑼灣😍 店內設計完全冇令人失望，由本地頂尖建築設計工作室 Atelier E 打造，一入門口已經見到以馬蹄蓮為靈感嘅巨型幻彩花卉燈飾！整體空門感充足，係一個慢慢Chill嘅好地方。食物方面，Sourdough Pizza用上柴火燒，可以一試🙂‍↕️✨
-
•煙三文魚迷你筒 ($138)
•黑松露芝士薯條 ($92)
•日式煙呑拿魚酸種薄餅 ($178)
•燴牛𦟌及牛筋扭扭粉 ($158)
•焦糖脆香蕉 ($98)
•特式木化石朱古力蛋糕 ($88)

見到好多人點嘅煙三文魚迷你筒，幾精緻而且下面係香蔥酸忌廉，味道不錯但以依個份量有點少貴😂
見到有Sourdough Pizza忍唔住試一試，批邊做到外脆內鬆軟，Toppings有煙呑拿魚、三文魚子、蝦乾以及舞茸菇，加埋流心蛋係正嘅，但可惜食到塊吞拿魚筋有點影響口感🥲🍕
燴牛𦟌及牛筋扭扭粉🐂 個醬真係食到粒粒牛筋，但係配上比較粗身嘅扭扭粉，略嫌味道偏淡了一些🙂‍↕️
甜品同餐廳一樣咁IGAble❤️ 價錢亦唔貴！仙境咁嘅焦糖脆香蕉🍌 配上蕉糖爆谷 以及椰子雪糕，冇得輸！
-
PARKSIDE@NINA (銅鑼灣如心酒店) (天后)
天后英皇道18號銅鑼灣如心酒店1樓"
,小窩庭,旺角,Cafe,100-200,打卡必到,蜂蜜法式吐司、炙燒開心果麻糬,https://www.instagram.com/p/DZZqS5uBSHU/,DZZqS5uBSHU,,"🍞極致濕潤感! 爆紅の蜂蜜法式吐司🧈
-
地區分類：#fca_旺角
-
Threads爆紅嘅手工麻糬甜品，點知係法式吐司勁出色🤣❤️ 鹹點都唔錯～ 如果係旺角食完飯不況去朝聖下！
-
泰式冬蔭功海蝦意粉 ($98)
安格斯牛肉芝士肉醬漢堡配薯條 ($108)

主食安格斯牛肉漢堡超級足料!!!😍 加上芝士+肉醬，邪惡到一個點！冬蔭功海蝦意粉味道上香料味同酸辣味可以再重啲，蝦肉大大隻夠爽彈🍴跟餐除左可以免費配$33內飲品，仲可以加配小食！德國腸拼盤 (+$63) 配上酸菜很不錯！
*
•蜂蜜法式吐司 ($79)
•炙燒開心果麻糬 ($68)
•芒果雪酪麻糬 ($58)

佢哋嘅窩夫以及手工米麻糬系列一向好受歡迎🧇❤️ 今次試左人氣Top.1 炙燒開心果麻糬! 面層米麻糬放上糖炙燒過，完美拉絲外仲帶陣陣焦糖香！底下嘅開心果糊食得出粒粒開心果仁，但就偏甜了點～
一定要點的蜂蜜法式吐司🍞🐝 吐司吸滿牛奶脹卜卜，做到外脆內水嫩~ 甜度主要來自於蜂蜜，所以幾易接受✨
-
小窩庭 (旺角)
旺角煙廠街33號朗廷軒地下B號舖"
,CIAK,黃竹坑,西式,598,拍拖約會,提拉米蘇 (Tiramisu)、五重芝士薄餅 (5 FORMAGGI)、西班牙伊比利亞黑毛豬架,https://www.instagram.com/p/DZzy31FBuAn/,DZzy31FBuAn,,"🍕最強TIRAMISU! 任食亞洲第一薄餅Brunch🥂
-
地區分類：#fca_黃竹坑
-
最近食過最滿意嘅Brunch🥹❤️ 任食曾獲亞洲第一嘅Pizza，仲發現原來佢哋嘅Tiramisu係咁好食!!! 依間結合Pizza + 美式扒房嘅餐廳，估唔到冇乜人發現有個咁正嘅半自助Brunch，除咗任食多款意大利Cold Cuts、芝士、意粉等，就連冠軍級即焗薄餅都係任食🍕 最正係可以試匀多款口味～ 
Tiramisu絕對係今日MVP，唔鍾意Grissini杏仁味的話，試依個就對了😎 好食到外賣左盒返屋企，再同一日清空成盒～
-
☀️ 𝐖𝐞𝐞𝐤𝐞𝐧𝐝 𝐁𝐫𝐮𝐧𝐜𝐡 𝐌𝐞𝐧𝐮 ($598/pp)*
* 已包含無限暢飲精選果汁及汽水
* 升級至無限暢飲氣泡酒/紅酒/白酒/精選烈酒/啤酒 (+$88/位)
-
< 自助沙律吧 >
Cold Cut Corner完全就係想將意大利超市嘅凍肉櫃搬過嚟咁🍖🤣 Mini Salami、Serrano、Fellino’s Salami、Coppa Ham、Black Pepper Salami、Spicy Salami、bacio cooked ham 以及 Beef Tongue。芝士閑閑地都有五款。
順帶一提，要食埋佢哋嘅爆汁燒菠蘿😚🍍 對於之後任食環節超級解膩~
*
< 無限任食 >
•是日精選意大利麵
•精選薄餅
•是日精選餐湯

CIAK嘅Pizza可以任食真係開心到喊🤭 當日試左5款口味：NORCINA (自家製豬肉腸+蘑菇菇)、5 FORMAGGI (五重芝士)、PROSCIUTTO & FORMAGGI (24個月巴馬火腿)、MARGHERITA (瑪格麗特) & PICCANTE (意大利辣肉腸) 😍 最驚艷嘅竟然係五重芝士，集齊Mozzarella + Taleggio + Gorgonzola + Burrata + Shaved Parmesan 🧀 鹹香以及奶香集於一身，竟然做到非常balance～
*
< 自選主菜 >
•西班牙伊比利亞黑毛豬架
•美國安格斯肉眼 (+$128)

主菜以肉類為主，而且水準很在線上🔥 黑毛豬架烤至爽彈多汁，配上酸甜嘅蜜桃很Match~ 美國安格斯肉眼很粉嫩，肉味香濃！
另外仲有美國科羅拉多州羊肋排骨/龍蝦意大利闊扁麵/馬達加斯加大蝦/美國頂級牛腹肉選擇！

< 無限任食甜品 >
•提拉米蘇
•開心果巴斯克芝士蛋糕
•海鹽焦糖泡芙
•雪糕
•水果拼盤

拜託大"
,The Chinese Library,中環,中菜,994,拍拖約會,殿堂叉燒、香草混醬燒鴿、花椒鱈魚餃、25年陳皮花膠老鴨湯,https://www.instagram.com/p/DZ9tfS5hdBB/,DZ9tfS5hdBB,,"🥢黑珍珠級別! 席前煙燻混醬燒鴿🥃
-
地區分類：#fca_中環 
-
百年古蹟裏面竟然收埋左間黑珍珠中菜?!✨ 依間主打新派粵菜嘅餐廳，再度榮獲《黑珍珠餐廳指南》一鑽殊榮! 就係因為咁，行政總廚李振龍師特意推出「黑珍珠限定菜單：百川珍味」 ，比大家一次過試匀餐廳嘅招牌菜式，包括殿堂叉燒、香草混醬燒鴿等～ 仲可以配上中國峨嵋山叠川Whisky，產自中國長白山的單嶺™橡木桶，帶出東方檀香與陳皮香，將成個體驗大大昇華🥃❤️
-
🪭 𝐈𝐜𝐨𝐧𝐬 𝐨𝐟 𝐅𝐥𝐚𝐯𝐨𝐮𝐫 𝐌𝐞𝐧𝐮 ($1988/2pp)*
*Wine Pairing (+$788/pp)
*由即日起至15/8/2026供應
-
•殿堂叉燒｜紫蘇鮮椒拌鮑魚
•黑松露蝦餃皇｜雲勝帶子餃｜花椒鱈魚餃
•25年陳皮花膠老鴨湯
•香草混醬燒鴿
•韭香藤椒蒸鱈魚
•五味雜陳和牛肋
•黑松露蛋白蟹肉炒飯
•開心果忌廉奶蓋•冬燕酥

以招牌叉燒打開序幕，用上梅肉「第一刀」，經 超過 1 小時嘅慢火燒製，入口非常鬆化❤️🐖 配上用叠川威士忌調製嘅Whiskey Sour，解膩開胃～

點心亦係非常出色，個人最愛花椒鱈魚餃，花椒香好出！三款都係海鮮嘅點心配返賀蘭山霄峰Chardonnay白酒就最好不過🥂

慢燉6 小時嘅25 年陳皮花膠老鴨湯，面層滴上家傳配方陳皮油作點綴，湯頭清晰，飲落好舒服🥰

主菜個人最愛香草混醬燒鴿🔥 席前用香草煙燻，入口做到皮脆肉嫩！五味雜陳和牛肋一樣偏濃味重肉香，搭配賀蘭山霄峰Cabernet Sauvignon紅酒，果香與其煙燻香氣很夾。

最後開心果忌廉奶蓋糖水，香濃綿滑，好似飲Cappuccino咁Smooth🤭
-
The Chinese Library (中環)
中環荷李活道10號大館01座警察總部大樓1樓

@thechuanwhisky"
,螢雪,銅鑼灣,日本料理,1199,打卡必到,原板旬の海膽三食、備長炭大拖羅配梅醬、原隻赤鮑魚天婦羅配鮑魚汁,https://www.instagram.com/p/DX89HZMhmsp/,DX89HZMhmsp,,"‼️實現海膽自由! 原板海膽の19品廚師發辦🥢
-
地區分類：#fca_銅鑼灣
-
‼️ 留言「海膽」DM你原板海膽Omakase 55折訂位資訊!!!!

務求令你拍晒成板海膽可以有幾絕😱 食完之後真係成個月都唔使再食海膽😂😂 一口氣食足19品，除左有原板北海道馬糞海膽，仲可以食勻赤鮑魚＋炭燒大拖+栗蟹～ 最後都係人均千幾，真係抵到喊！
-
🥢 旬の鮑｜原板海膽餐 (原價$2180, 55折後$1199/位)
-
< 前菜三品 >
水雲｜娟豆腐 沙甸魚仔｜煙肉
*
< 刺身五品 >
•栗蟹配魚子醬
•橡木煙燻間八魚
•備長炭大拖羅配梅醬
•旬の刺身二品

以五款刺身打頭陣！栗蟹加入蟹膏，再以魚子醬作點綴；大拖羅用備長炭燒香過，入口做到入口即化嘅爆油感😭❤️ 真鯛刺身配上滿滿嘅海膽，又係冇得輸！
*
< 和食 >
•原隻赤鮑魚天婦羅配鮑魚汁
*
< 原板旬の海膽三食 >
•旬の雲丹
•碎吞拿魚中落配脆米通
•炙燒左口魚邊壽司

重頭戲- 每人一板海膽🤩 輕鬆實現海膽自由！第一款食法係放上充滿油香嘅炙燒左口魚邊一齊食；第二款食法係配上碎吞拿魚中落，加脆米通，整體會冇咁膩✨ 最後係簡單嚟加上三文魚子做襯托，鮮甜MAX!!!
*
< 旬の壽司三貫>
•赤貝
•金目鯛｜烏魚子
•北寄貝
*
< 食事 >
•汁煮和牛稻庭烏冬
*
< 吸物 >
*
< 甘物•果物 >
-
螢雪 (銅鑼灣)
銅鑼灣渣甸街66號亨環7樓"
,Homeland,荃灣,西式,150-250,打卡必到,芝加哥煙腩薯仔酥皮薄餅、Tiramisu奶蓋巴斯克蛋糕、醬漬蘭王卡邦尼捲捲意粉,https://www.instagram.com/p/DX_2hBFBdwI/,DX_2hBFBdwI,,"✨自家製酥皮薄餅! 最強畫碟慶祝勝地🥂
-
地區分類：#fca_荃灣
-
慶生必去?!?! 被譽為慶祝0失敗率，基本上每次去到唔洗花心機都可以輕鬆慶祝🤣🧡 今次見到嘅畫碟又好似進化左，超級靚!!!! 加埋菜式都係超IGable，聚會打卡冇問題🤗
-
•無花果帶子花束沙律 ($108)
•芝加哥煙腩薯仔酥皮薄餅 ($148)
•醬漬蘭王卡邦尼捲捲意粉 ($148)
•BBQ醬燒滋味豬肋骨 ($158)
•英式酥炸比目魚 配薯條 ($158)
•Tiramisu奶蓋巴斯克蛋糕 ($118/半件)

之前試過佢哋嘅玫瑰醬龍蝦捲捲意粉，很不錯呢~ 而今次嘅卡邦尼版同時做到非常掛汁，意粉Q彈✨ 最愛芝加哥煙腩薯仔酥皮薄餅🍕，即叫即焗熱辣辣，最正嘅係批邊夠脆，而且上層係鋪滿芝士，拉絲之餘仲食到薯仔嘅綿滑感！

最後甜品，當然要叫佢哋招牌巴斯克蛋糕🥰 知我鍾意Sailor Moon🌙 畫碟竟然有四個Sailor Moon，仲要係超精緻!!! 送嘅即影即有仲會送埋畫框，儀式感我依度俾100分～
-
Homeland (荃灣廣場) (荃灣)
荃灣大壩街4-30號荃灣廣場B1樓B109-B110號舖"
,Punjab Warriors,中環,印度菜,200-400,拍拖約會,炭火烤招牌澳洲羊排、和牛牛腱骨髓燜飯、和牛印度烤肉串,https://www.instagram.com/p/DYMukgXh9hn/,DYMukgXh9hn,,"🇮🇳全新親民印度菜! No.1 窯爐炭火羊排🔥
-
地區分類：#fca_中環 
-
真心係香港用依個價錢，食到拍得住米芝蓮級數嘅印度菜?!?!😍😍 依間新開嘅印度扒房，主打窯爐炭火燒肉。由曾任職於倫敦米芝蓮二星餐廳Gymkhana嘅Chef Angshuman 以及印度窯爐大師 Chef Maghar主理。Check過原來係Flat Iron旗下，所以理所當然地行大眾化路線✨ 所以想揾個舒服Fine少少，又唔會太貴嘅印度菜，建議可以試吓呢一間❤️ 

最正係有一系列Gin Base雞尾洒以及Indian Pale Ales，亦可以自行調配自己喜愛嘅Gin Tonic😝 每日12:30-7:30PM 指定酒精及啤洒‼️半價‼️ 即係$28就飲到杯Powermonkey😱🍻
-
•炭火烤招牌澳洲羊排 ($278)
•和牛印度烤肉串 ($168)
•雞肉咖哩奶油瑪薩拉 ($198)
•牛油Roti ($40)
•和牛牛腱骨髓燜飯 ($198)
•太妃椰棗蛋糕、淡忌廉 ($68)

餐廳以窯爐炭火燒烤為主打🍖 一定要點炭火烤澳洲羊排，外層帶焦香，份量超足，厚切兼粉嫩，配上菠菜乳酪醬幾解膩~
和牛Kebab串🐂 每一啖都係澎湃嘅香料味，口感比出面嘅更有彈性，更Juicy!!! 超愛一旁加左洋蔥嘅香草乳酪醬～
雞肉咖哩奶油瑪薩拉，幾欣賞就算雞胸位置都唔鞋口，咖哩Creamy惹味，配上酥香嘅Roti，秒清！
另一MVP 和牛牛腱骨髓燜飯✨ 以傳統「Dum」烹飪，用揉好的小麥麵團包裹砂鍋邊緣再慢煮，令香料蒸氣完美鎖住，並滲入米飯中🥰 每一啖食落都滲透住牛油嘅香味，質感亦做到粒粒分明！
-
Punjab Warriors (中環)
中環擺花街18-20號嘉寶商業大廈地舖"
,The Orient,尖沙咀,西式,200-400,拍拖約會,招牌三色牛扒、牛肉他他、朱古力春卷,https://www.instagram.com/p/DYZmhIohu5M/,DYZmhIohu5M,,"✨老乾媽青醬配牛扒! 香港首間東南亞風味扒房🔥
-
地區分類：#fca_尖沙咀 
-
扒房不再是經典老派嘅感覺？依間四月新開，作為香港首間亞洲風味扒房，行嘅係Casual Fine路線，坐擁180度海景，夠哂儀式感但又不會太拘謹🍷 菜式上無論前菜，牛扒、醬汁、甜品都加入東南亞元素，絕對係另一種新體驗！Lunch menu牛扒$198起，值得入手一試！
-
•牛肉他他 ($178)
•北海道帶子 ($168)
•豬頸肉沙律 ($158)

三款加入了東南亞元素嘅前菜✨ 北海道帶子配上椰子、香茅醃蘿蔔以及豆豉辣椒醬，提鮮開胃！牛肉他他面層鋪上鹹蛋黃碎，裏面加咗糯米碎增加口感😋
*
•招牌三色牛扒 
•羅望子羊扒 ($258)

一次過可以試雲三款牛扒嘅Steak Trio🍴 包括川味西冷扒、羅惹醬肉眼扒 & 泰式脆皮牛柳，三款都分別配搭不同醬汁！招牌醬汁竟然係黑豆豉胡麻醬、老乾媽青醬以及參巴甜醬油😱 配菜不再係普通嘅薯蓉薯條，或者烤西蘭花，而係參巴辣椒炒秋葵 ($78) & 味噌忌廉波菜 ($78) 秋葵超惹味的！
*
•朱古力春卷 ($68)
•黑芝麻布丁 ($88)

甜品可以揀朱古力春卷，外脆內爆漿🤣🍫 食嘅時候要打醒十二分精神！
-
The Orient (尖沙咀)
尖沙咀廣東道3-27號海港城海運大廈4樓OTE401號舖"
,Dedica Restaurant Lounge & Bar,中環,西式,300-500,拍拖約會,帶子手工幼麵 (Tagliolini Scallop)、低溫慢煮羊架、開心果Cannoli,https://www.instagram.com/p/DYCbR8iBqGJ/,DYCbR8iBqGJ,,"🌆 大公開! 百貨店內隱藏絕世靚景意菜🥂
-
地區分類：#fca_中環 
-
邊有人諗到，原來喺連卡佛百貨店裏面收埋一間可以獨享中環黃昏靚景嘅餐廳😭❤️ 仲要係由城中意籍名廚Gianni Caprioli 最新創立，無論係個景定嘢食都很在線上！
三道菜Lunch Set $368起！𝐒𝐮𝐧𝐬𝐞𝐭 𝐇𝐨𝐮𝐫 (4-7PM) Cocktails最平$88起，仲有一系列意大利傳統小食佐酒，炸伊比利亞豬肉丸 ($118)嘅番茄醬好醒胃；開心果Cannoli係外脆內軟滑嘅口感🥰 開心果味都幾香！
-
< 𝗔𝗣𝗣𝗘𝗧𝗜𝗦𝗘𝗥𝗦 >
•OCTOPUS ($218)
•VITELLO TONNATO ($208)
*
< 𝗣𝗔𝗦𝗧𝗔 & 𝗠𝗔𝗜𝗡 >
•TAGLIOLINI SCALLOP ($268)
•LAMB RACK ($388)

Gianni Caprioli打造，食物點都有保證！Overall推薦佢哋嘅手工意粉，仲要係唔少選擇，Orecchiette/Ravioli/Tagliatelle/Rigatoni等都食到!!!😎 今次試嘅帶子手工幼麵，麵條爽彈，帶陣陣檸檬以及蒜香！
低溫慢煮羊架亦做到粉嫩多汁！
-
Dedica Restaurant Lounge & Bar (中環)
中環金融街8號國際金融中心商場3樓3025-3026號舖"
,Aqua,尖沙咀,西式,1388,打卡必到,The Essence of Aqua Tasting Menu（日本龍蝦茶碗蒸配龍蝦味噌、燉小牛膝意大利麵卷、烤地中海八爪魚）,https://www.instagram.com/p/DZPrKn8BLGC/,DZPrKn8BLGC,,"🌊人生必訪! 全港最靚日落View餐廳 ✨
-
地區分類：#fca_尖沙咀
-
終於有藉口再朝聖依間曾被選為「全球最佳夜景」餐廳之一，亦被喻為人生必試嘅餐廳! 一入去已經被180度海景包圍 ，基本上每個位都望到維港景🌊 依家更可以試到新任意大利行政總廚RomeoMorelli為餐廳設計嘅全新「海陸之源」嚐味菜單，將意大利傳統風味與日本料理元素完美結合！配返絕美維港海景，成個vibe夠哂到位🥰
-
🌙 𝐓𝐡𝐞 𝐄𝐬𝐬𝐞𝐧𝐜𝐞 𝐨𝐟 𝐀𝐪𝐮𝐚 𝐓𝐚𝐬𝐭𝐢𝐧𝐠 𝐌𝐞𝐧𝐮 ($1388/pp)*
-
•藍鰭吞拿魚他他｜高湯水晶｜魚子醬
•日本龍蝦茶碗蒸配龍蝦味噌
•油甘魚他他｜魚子醬｜自家製乳酪醬
•虎蝦｜蘆筍南瓜天婦羅｜柚子辣椒高湯

四款日式精緻前菜，擺盤也很到位！估唔到油甘魚配搭乳酪醬係咁清爽！龍蝦茶碗蒸亦係超滑溜，龍蝦味噌汁+龍蝦肉將其鮮味發揮至最大🦞 虎蝦天婦羅配上枝豆以及粟米一齊食，沾上柚子辣椒高湯，感覺比平時嘅天婦羅汁更開胃🍤
*
•燉小牛膝意大利麵卷
/
•日式素麵配帶子櫻花蝦薄脆

北意風嘅燉小牛膝意大利麵卷！裏面嘅肉醬熬煮兩日，濃厚而不膩🍴
*
•烤地中海八爪魚｜辣肉腸黑蒜醬｜意大利菊苣及薯仔
/
•日式炸龍脷柳｜柚子蝦高湯蕪菁蒸

主菜三選一！八爪魚手臂咁長，但都做到非常柔嫩，配上辣肉腸蕃茄醬，酸酸辣辣又幾Match🥰 炸龍脷柳加上柚子蝦高湯，味道會相對輕盈～
*
•意式晶鑽魚子 咖啡及朱古力｜手指餅
/
•日式晶鑽魚子 芥未朱古力生薑珍珠｜最中餅

甜品以魚子醬為靈感，一粒粒嘅係咖啡西米，配上下層嘅朱古力焦糖慕絲，呢個組合冇得輸😇☕️ 而且打卡一流！
-
Aqua (尖沙咀)
尖沙咀中間道15號H Zentre 17樓

#aqua #aquahk #hzentre #essenceofaqua"
,焚,油麻地,日本料理,200-400,大班聚會,自家製鮮魚湯、燒阿波尾雞翼、章魚卵刺身,https://www.instagram.com/p/DYHk9QoBQ3T/,DYHk9QoBQ3T,,"🏮一夜爆紅奶白魚湯! 臥虎藏龍酒店主廚居酒屋🥢
-
地區分類：#fca_油麻地
-
邊個會諗到，油麻地嘅居洒屋竟然有個前香格里拉主廚坐鎮!!! 最鐘意玩千奇百怪嘅時令食材+ 鹽調味，所以每次嚟可能食嘅嘢都唔同🤣❤️ 但最後一定會有返碗魚湯，真材實料濃厚到一個點!!! 幾特別係隔離有個Chill Area，可以唱K兼玩標✨
依家$158 無限時清酒放題，8點後訂座仲有85折優惠，同朋友飲Sake食下串燒正到喊！
-
< 前菜 >
•黃金蟹籽沙律 ($78)
•刺身水母 ($78)
•日式唐揚蝦 ($58)
*
< 刺身 >
•章魚卵 (時令供應)
•小池魚王 腩位 ($218)
•池魚｜梅子醬｜洋蔥 ($218)
•銀鱈魚 ($218)
•真鯛｜鹽味昆布 ($218)
•海膽小長井牡蠣 ($98)

餐廳經常有唔少時令刺身，今次竟然撞啱有章魚卵?!🥸 入口有爆珠嘅感覺，味道Creamy帶鮮，絕對冇怪怪的味道！
另外依到嘅刺身用鹽板調味，代替了醬油，感覺魚料要很新鮮先有勇氣單用鹽調味✨
*
< 串燒 >
•燒阿波尾雞翼 ($38)
•燒雞肝 ($32)
•牛舌芯 ($78)
•燒白鱔 ($88)
•燒雞軟骨 ($32)

一系列即燒炭火串燒🔥 雞肉採用日本進口！推介阿波尾雞翼，外皮金黃焦脆，保留唔少肉汁！雞肝亦係燒到超粉嫩！整體串燒高質，送清酒一流！
*
< 熱食 >
•明太子鯖魚
•鱈場蟹腳天婦羅 ($168)
•自家製鮮魚湯 ($78)

飯後一定要整返碗自家製鮮魚湯🐟 用上十斤魚骨去煲，誘人嘅奶白色，每一啖都係骨膠原嘅感覺✨ 女士養顏一流～
-
焚 (油麻地)
油麻地彌敦道560號譽發廣場22樓"
,牛惣居酎屋,銅鑼灣,日本料理,200-400,深夜食堂,牛沙瓜、精選牛三點、牛骨髓、牛心、燒飯團,https://www.instagram.com/p/DYR4JwQB058/,DYR4JwQB058,,"🐂罕有牛沙瓜! 牛の炭火串燒專門店🏮
-
地區分類：#fca_銅鑼灣
-
燒鳥店去得多，原來牛都有串燒專門店，仲係有超過20款牛串燒選擇！
最正係依家做緊指定串燒$36/2串，平均$18就有交易，食到牛肋條、牛心、牛骨髓、海老等貴價食材😱‼️ 星期六至四9-10:30更低至$16/串，生啤買一送一，折返$34.5/杯🍻 完全唔似係港島價，唔怪得平日Full House，連日本人都要幫襯😏
-
< 精選推介 $36/2串 >
•車厘茄煙肉卷
•牛肋肉
•牛心
•牛骨髓
•秋葵豚肉卷
•雞肝
•自家製豆腐
•燒海老
•燒飯團

一共18款串燒做$36/2串🔥 推介罕有兼抵食牛心以及牛骨髓，牛心竟然帶點脆爽嘅口感！雞肝中心嫩嫩的；燒海老$18串抵到喊！一定要點燒飯團🍙 外層燒至焦脆，明太子以及牛肉也很推！
*
•精選牛三點 ($158)
•三色甲羅燒 ($108)
•牛舌 ($58)
•牛小腸 ($38)
•牛沙瓜 ($32)
•牛心管 ($32)

下酒一流的精選牛三點✨ 食匀牛小排他他｜火炙韓式生牛肉｜牛肝醬配酒盜芝士～ 韓式生牛肉近似漢堡扒，中間保留粉嫩感，配蛋醬正到喊😭 
另外必試一系列罕有部位牛串！牛小腸很煙韌；牛沙瓜外皮爽脆而內裡煙韌，原來燒左係咁好食!!! 
-
牛惣居酎屋 (銅鑼灣)
銅鑼灣登龍街28號永光中心22樓"
,room 3,尖沙咀,日本料理,300-400,拍拖約會,厚切牛舌、明太子醬冷烏冬、明太子翠肉瓜,https://www.instagram.com/p/DX6Y7g_hAg7/,DX6Y7g_hAg7,,"🥢自選串燒! 人均3XX嘆15品午市串燒二人餐🔥
-
地區分類：#fca_尖沙咀 
-
原來晏晝食串燒係比夜晚食平咁多‼️人均3xx食15品午市串燒二人Set，最正係串燒可以自由組合，食多幾串厚切牛舌都冇問題😱 連埋個日式主食～ 如果喺尖沙咀附近返工，喺度輕鬆嘆返個lunch都唔錯！
-
🔥 午市串燒二人前 (原價$668, 七五折後折實$567.8/2位)
-
< 餐前小食 >
•螺肉｜中華沙律
•廚師精選沙律 
•吉列蠔/日式炸雞
•味噌湯
*
< 自選串燒 >
•照燒雞肉
•日本豆腐
•免治雞肉棒配日本蛋
•明太子翠肉瓜
•西班牙黑豚秋葵
•厚切牛舌
•海膽帆立貝 (+$38)
•車海老 (+$28)

推廣必點厚切牛舌，食得出嘅爽彈感！每人一串都唔過份🤭 明太子翠肉瓜做到一口爆汁感；照燒雞肉燒至金黃，仲Keep到唔少肉汁～
另外可以Upgrade至海膽帆立貝，成個組合夠哂鮮～車海老
*
< 主食 >
•明太子醬冷烏冬
•迷你蒜蓉牛油蟹肉天使麵

推介明太子冷烏冬🥢 冷烏冬食落特別煙韌，而且完美掛滿惹味嘅明太子醬，啱哂夏天食，好開胃!!!
*
< 甜品/飲品 > 
•是日精選甜品
•凍/熱日本煎茶（無糖）或汽水
-
room 3 (尖沙咀)
尖沙咀中間道15號H Zentre UG樓1-3號舖"
,大眾酒場 小箱,灣仔,日本料理,200-400,深夜食堂,雞肉棒、燒牛舌、玉子燒、沖繩豬軟骨湯拉麵,https://www.instagram.com/p/DY6x8FizAJz/,DY6x8FizAJz,,"🔥職人燒鳥! 沖繩風味の大眾酒場🏮
-
地區分類：#fca_灣仔 
-
如果提起灣仔最貼近日本地道風味嘅居酒屋的話，一定會介紹依間😭✨ 這從搬咗嚟灣仔都唔知去過幾多次，每晚都好多日本人，而且味道真係做到神還原日本食到嘅味道！前排仲有所有酒精半價，所以大家可以留意吓佢哋不定時嘅優惠～ 
-
•雞肉棒 ($38)
•雞腎 ($43)
•雞肝 ($53)
•雞腿肉 ($53)
•燒牛舌 ($108)
•炙燒牛肉 ($148)
•花魚一夜干 ($128)

呢度嘅串燒一向都係在水準上，拍得住隔離嘅姊妹燒鳥店 (但個人覺得隔離嘅雞肝好食啲🤣) 依度推介雞肉棒，食得出自家製同埋有唔少軟骨！燒牛舌超爽嫩，油香十足❤️ 炙燒牛肉看得出嘅粉嫩感，配埋面層嘅蘿蔔蓉可以一減油膩感；花魚一夜干濃郁魚香，下酒一流🍶
*
•玉子燒 ($68)
•激量吞拿魚蓉三文魚子壽司 ($118)
•明太子高湯茶漬飯 ($58)
•沖繩豬軟骨湯拉麵 ($88)

佢哋依度嘅玉子燒，完全就係日本食到嘅水嫩感，有埋明太子會更開心🤤 順帶一提，佢哋嘅豬軟骨拉麵，一定要加佢哋嘅日本辣椒水，加少少已經好刺激🌶️🍜

大眾酒場 小箱 (灣仔)
灣仔汕頭街32號地舖"
,珍姐海鮮火鍋飯店,中環,中菜,20-88,打卡必到,頭抽蔥油煎雙蛋豬扒飯、老蘭嫩牛蔥油撈麵、封門牛炒蛋,https://www.instagram.com/p/DYcLUoohAcT/,DYcLUoohAcT,,"🍴$20中環食早餐! 珍姐2.0重出江湖🔥
-
地區分類：#fca_中環 
-
珍姐重開咁大件事，真係差不多成個中環都知🤣 仲要係太子大廈賣$20一個早餐+食碟頭飯都夠哂經典，所以預返Lunch Hour嚟至少排30-45分鐘😂 早餐當日9:30去食都冇哂封門牛炒蛋。所以想食的話最好11:30/1:30！
-
蕃茄免治牛肉通心粉 ($25)
忌廉湯火腿通心粉 ($20)
頭抽蔥油煎雙蛋豬扒飯 ($68)
老蘭嫩牛蔥油撈麵 ($88)
-
珍姐海鮮火鍋飯店 (中環)
中環遮打道10號太子大廈地庫"
,綠茶餐廳,大角咀,中菜,100-200,大班聚會,黑胡椒杭州叫花雞、粉絲裹蝦、麵包誘惑,https://www.instagram.com/p/DXoYnPkkxXF/,DXoYnPkkxXF,,"🍃30秒實測春季新菜式! 最新MVP黑胡椒杭州叫花雞🥢
-
地區分類：#fca_大角咀
-
‼️突發粉絲爭取到福利‼️
只要Comment「想試綠茶餐廳春季新品！」，到店出示IG post即可免費🆓獲得「香乾涼拌馬蘭頭1份 或 花瓣桃膠銀耳羹2份」😋”

大家最愛嘅人氣浙江菜- 綠茶，四月份一口氣推出6款春季新菜式😍 其中嘅黑胡椒杭州叫花雞完全就係平時食嘅綠茶烤雞2.0升級版!!! 最近去到竟然發現原來夜晚都有點心食添～
-
< 春季新品 >
•黑胡椒杭州叫花雞 ($148)
•香乾凉拌馬蘭頭 ($58)
•翠綠麻婆豆腐 ($88)
•醬滷牛腩配荷葉餅 ($168)

一共6款春季新品🌿 個人最愛杭州名菜- 黑胡椒叫花雞，用荷葉包住，充分吸收荷葉香味之餘，入口仲充滿黑胡椒微辛感！第一次食綠色嘅麻婆豆腐🤣 但食落又Ok喎，裏面仲加左皮蛋，食落帶藤椒嘅清香！
*
< 江南點心 >
•綠茶蝦餃 ($48)
•韭菜蝦仁薄脆餅 ($38)
•紹興喉口鮮肉包 ($38)

估唔到夜晚都有點心食😍 蝦餃比足料你！韭菜蝦仁薄脆餅做到外層酥脆，裏面夾住薄薄一層韭菜以及蝦仁！
*
< 綠茶經典 >
•粉絲裹蝦 ($108)
•麵包誘惑 ($68)

每次必點名物🌟 粉絲裏蝦啲精華完全係啲粉絲裏面，完美吸收蝦嘅鮮味以及洋蔥嘅香味🙂‍↕️❤️甜品- 麵包誘惑，聽說年售超過6百萬!!! 烤得金黃酥脆嘅吐司，配上香滑嘅雲呢拿+綠茶雪糕，冰火交融，每次都要食返個先夠滿足🍨🍞
-
綠茶餐廳 (奧海城二期) (大角咀)
大角咀海庭道18號奧海城二期1樓105A號舖

@greentea_officialhkmo"
,LE-TA-SU 一人一鍋,銅鑼灣,火鍋,100-200,打卡必到,明太子雞白湯套餐、日本雞松阪,https://www.instagram.com/p/DXtz9x1Ewbg/,DXtz9x1Ewbg,,"🐓一人火鍋食稀有の雞松阪! 明太子雞白湯套餐新登場🥢
-
地區分類：#fca_銅鑼灣
-
作為雞白湯拉麵嘅粉絲，聽到依間東京過江龍一人火鍋店新出明太子雞白湯套餐，立刻九秒九衝過去試😍❤️餐廳一向走性價比路線，最平$108就食到罕有雞松板+ 美國豬肩肉+安格斯牛肩胛‼️加埋濃厚微辛嘅明太子雞白湯，大家應承我一定要去試！
-
🐓 明太子雞白湯套餐 250g ($138)*
*跟配前菜、野菜盛合及主食
-
私心教路，先試咗啖原汁原味嘅雞白湯，再將明太子加入湯底，隨即增添微辛鹹香味道～
 
套餐可以一次過食匀日本雞松阪、美國豬肩肉＆美國認證安格斯牛肩胛‼️一向幾鍾意佢哋嘅牛肩胛，口感軟嫩，油脂感剛好！第一次試極罕有日本雞松阪，聽聞每隻雞只係得一條😱 最正係可以沾埋蛋黃一齊煮，食落特別爽彈🐓
 
另外仲加咗年糕片 ($12) 煙煙韌韌，完美地吸收湯底精華，同湯底Perfect Match🥹❤️主食仲可以轉配明太子混烏冬 ($18)，肯定都係鮮味爆棚，下次一定要試！
-
📍 LE-TA-SU 一人一鍋 (銅鑼灣)
銅鑼灣勿地臣街1號時代廣場B2樓B213-B214號舖
(另設 尖沙咀/青衣/沙田/元朗分店)

#letasu 一人一鍋 #letasuhk #明太子雞白湯套餐 #日本雞松板"
,SKYE Roofbar and Dining,銅鑼灣,法國菜,720,打卡必到,Kaviari魚子醬、法國生蠔、澳洲和牛肉眼扒、海膽手工意粉、法式拿破崙,https://www.instagram.com/p/DXTwba9Blpo/,DXTwba9Blpo,,"🥂NO.1天台酒吧! 任食生蠔+魚子醬Brunch🇫🇷
-
地區分類：#fca_銅鑼灣
-
最正嘅法式週末Brunch，係全港最正嘅天台酒吧揾到🤭 坐擁270度維港景色，結合Sky Bar x法國菜餐廳✨ 由法國主廚 Florian Muller主理，除左一如既往可以任食Kaviari 魚子醬+法國生蠔，今期新增任食即切和牛扒以及海膽手工意粉，仲有每人一份海鮮主菜以及一系列經典法式甜品😱❤️ 簡直係任食版嘅法國大餐！
-
🥂 𝐅𝐫𝐞𝐧𝐜𝐡 𝐁𝐢𝐬𝐭𝐫𝐨 𝐁𝐫𝐮𝐧𝐜𝐡 𝐌𝐞𝐧𝐮 ($720/pp)*
*供應時間：逢星期六日及公眾假期 (12-3PM)
*3小時暢飲汽泡酒、紅白酒(+$250/pp) 
*3小時暢飲Moët & Chandon香檳/指定伏特加酒、冧酒及氈酒 (+$450/pp)
-
< 𝗟𝗘𝗦 𝗘𝗡𝗧𝗥𝗘𝗘𝗦 頭盤 >
•新鮮法國生蠔
•Kaviari 魚子醬
•時令海鮮 (青口/小龍蝦/凍蝦）
•煙燻比目魚/三文魚
•熟食冷肉 (Parma ham/Coppa ham/Noixfine)
•法式煙肉洋蔥批
•煙鴨胸凍批

土豪級食法：生蠔 + 魚子醬‼️ 食多幾轉秒回本，大家都知Kaviari 魚子醬絕對唔係放題料子🥹 生蠔仲要係法國，真係冇得輸～ 凍肉 & 法式頭盤質素在線，必食法式煙肉洋蔥蛋批 以及煙鴨胸凍批～
*
< 𝗟𝗘𝗦 𝗣𝗟𝗔𝗧𝗦 𝗗𝗘 𝗥É𝗦𝗜𝗦𝗧𝗔𝗡𝗖𝗘 主菜 >
•澳洲STOCKYARD和牛肉眼
•海膽手工意大利麵

即切澳洲和牛肉眼扒，看得出嘅粉嫩多汁，意外地出色！大家最愛嘅手工意粉都係任食，加入海鮮濃湯以及新鮮海膽，可以一戰🔥😙
*
< 𝗙𝗥𝗨𝗜𝗧 𝗗𝗘 𝗠𝗘𝗥 海鮮 >
•波士頓龍蝦 (+$180)
•海鯛魚柳
•烤大蝦

法式主菜每人一份，試匀三款都不錯，拍得出晚市單點質素🤫
*
< 𝗗𝗘𝗦𝗦𝗘𝗥𝗧 甜品 >
任食一系列法式甜品，女士們真係心心眼😍 仲要全部都係酒店質素！大推馬卡龍 & 拿破崙，拿破崙食左四件，香脆不膩，中間吉士亦唔會過甜。
-
SKYE Roofbar and Dining (銅鑼灣)
銅鑼灣告士打道310號柏寧酒店27樓"
,Trattoria Felino,灣仔,西式,598-898,拍拖約會,卡邦尼蛋、招牌三黃雞、千層貝殼酥配榛果醬,https://www.instagram.com/p/DXwFMWDhIrj/,DXwFMWDhIrj,,"🔥任食流心卡邦尼蛋! 超人氣意菜周末Brunch🥂
-
地區分類：#fca_灣仔
-
曾經因為一直卡邦尼蛋已爆紅，化身一位難求嘅意大利菜餐廳，係開業短時間內更加攞埋米芝蓮推介🤭✨ 依家除咗容易book咗，最近依個brunch更加係可以任食佢哋嘅招牌卡邦尼蛋，仲有一系列意大利前菜!!!! 主菜更加可以食到平日晚市先有嘅三黃雞～ 加埋價錢已經包咗暢飲無酒精雞尾酒🍹 整體比晚市更加抵玩！
-
🥂 𝐖𝐞𝐞𝐤𝐞𝐧𝐝 𝐁𝐫𝐮𝐧𝐜𝐡 𝐌𝐞𝐧𝐮 (From $598/pp)*
*Free Flow Mocktails 
*Free Flow Champagne & Wine ($898/pp)
-
< 𝗨𝗡𝗟𝗜𝗠𝗜𝗧𝗘𝗗 𝗦𝗧𝗔𝗥𝗧𝗘𝗥 >
•卡邦尼蛋
•經典蕃茄意式肉丸
•酥脆檸檬魷魚圈
•意式蕃茄烤法包配水牛芝士
•牛油果他他 配綠蘆筍及甜酸醃菜
•意式醃生油甘魚薄片配煙燻朝鮮薊醬汁
•意大利雜菜湯
•藍鰭吞拿魚他他 配魚子醬 (+$228)
•海螯蝦多士 (+$98)

一共7款前菜無限任食，整體質素很在線上！最正係招牌卡邦尼蛋都係無限追加🥹❤️ 幼滑嘅蛋黃忌廉混合芝士以及豬頰肉，食到底層仲有流心蛋黃😍 一口多重層次!!!
之前食過嘅醃生油甘魚薄片Brunch都食到，配上煙燻朝鮮薊醬汁很提鮮！

另外可以追加2款前菜，推薦食落超鮮嘅海螯蝦多士✨ 配上酥脆吐司+香滑牛油果醬，精緻開胃！
*
< 𝗠𝗔𝗜𝗡 >
•招牌三黃雞 (For 2)

之前晚市限定嘅沙煲黃油雞🐓 依家Brunch都食到了!!! 經過慢煮烹調，肉質軟嫩，搭配嘅濃縮雞醬汁，個汁真係MVP!!!
*
< 𝗗𝗘𝗦𝗦𝗘𝗥𝗧 >
•提拉米蘇
•千層貝殼酥 配榛果醬
•西西里朱古力卷 配榛子果仁糖 (+$38)

少少地方搵到嘅傳統意大利Pastry千層貝殼酥，出哂名夠層次兼香脆🔥
-
Trattoria Felino (灣仔)
灣仔船街1-7號寶業大廈地下3-4號舖"
,Ryota Kappou Modern,中環,日本料理,1680,拍拖約會,北寄貝茶碗蒸、和牛海膽鳥賊手卷寿司,https://www.instagram.com/p/DXq7iqxBa48/,DXq7iqxBa48,,"🇯🇵封神茶碗蒸! 米芝蓮一星席前割烹料理🥢
-
地區分類：#fca_中環 
-
由上次到訪嘅連續六年，已經去到連續7年榮獲米芝蓮一星🥰 由日本主廚兼澤良太主理嘅現代個烹料理店，用上日本時令食材，以創新方式呈現。最正嘅係大家都可能有試過佢嘅出品，皆因之前佢同壽司郎合作過，而大受歡迎嘅茶碗蒸，喺度更加可以食到米芝蓮版本‼️

依家2026 𝐇𝐊 𝐑𝐞𝐬𝐭𝐚𝐮𝐫𝐚𝐧𝐭 𝐖𝐞𝐞𝐤贏家版 (4月14日 - 5月17日)，用8道菜Menu價錢就可以嘆足10道菜嘅春季主題菜單‼️😱
-
🌸 𝐒𝐩𝐫𝐢𝐧𝐠 𝐊𝐄𝐍𝐙𝐀𝐍 𝐩𝐫𝐞𝐦𝐢𝐮𝐦 𝐌𝐞𝐧𝐮 ($1680/pp)
-
春子鯛｜八爪魚｜春野菜
車海老真丈｜鰹魚雞清湯
時令刺身｜吞拿魚春卷
蝦夷鮑魚｜鮑肝醬｜山椒
和牛｜海膽｜鳥賊手卷寿司
北寄貝茶碗蒸
愛知三河產鰻魚八幡卷
熊本番茄｜梅子冷素麺
滋賀縣黑毛和牛｜竹筍御飯
士多啤梨凍批 | 清酒酒粕雪糕

一共10道菜菜單✨ 一真好鐘意佢哋嘅真丈湯，今次係加入大量爽彈車海老，配上清澈嘅鰹魚雞清湯，很暖胃！

時令刺身當日為愛女魚、金目鯛以及希靈魚。當然唔少得招牌- 和牛海膽鳥賊手卷寿司🍣 以魚子醬作點綴，依個組合點睇都冇得輸！

全晚MVP- 北寄貝茶碗蒸❤️ 滑溜嘅茶碗蒸，完美吸收螢光魷魚以及北寄貝嘅鮮味，每一啖都鮮都爆炸！完全同之前壽司郎合作嘅版本另一個層次🙂‍↕️

甜品係清甜嘅士多啤梨凍批，配上清酒酒粕雪糕，食落帶米香與微醺酒味～ 最後飲返杯暖暖的抹茶作結🍵
-
Ryota Kappou Modern (中環)
中環安蘭街18號21樓"
,營致會館,中環,中菜,980,打卡必到,焦糖蓮蓉西米焗布甸、脆香貴妃雞、鮑魚雞粒酥,https://www.instagram.com/p/DXJx39dBY-A/,DXJx39dBY-A,,"✨NO.1西米焗布甸! 米芝蓮2星點心X茗茶配對🫖
-
地區分類：#fca_中環 
-
再嚟到依間米芝蓮二星粵菜食府，朝聖依個香港NO.1 蓮蓉西米焗布甸😙 今次周末同場仲有新登場茶藝師 Greg策劃嘅精選點心x品茶之旅Menu，點心配上茗茶，最佳組合！
-
🥢精選點心x品茶之旅 ($980/位)*
*逢周末及公眾假期供應
-
•四色蒸點
🥂茉莉龍珠冷泡茶 (+$138)

分別為碧綠鮮蝦餃｜紅梅帶子燒賣｜南瓜素菜餃｜白菜帶子餃。用清爽嘅冷泡茶帶出海鮮嘅鮮味，亦有喚醒味蕾嘅作用✨

•營致拼盤
🍵 鳳羽天香 (+$78)

一次過食匀黑松露鮮蝦春卷｜薑蔥牛肉角｜鮑魚雞粒酥。春卷炸得超香脆，內餡散發陣陣黑松露香氣🥰 個人最愛鮑魚雞粒酥!!! 撻皮酥脆充滿牛油香，用上帶淡淡金銀花與果蜜芬芳嘅鳳羽天香，有一解油膩感嘅作用！
*
•竹笙菜膽燉松茸
•芹香海皇腸粉
•脆香貴妃雞
🍵 陳皮普洱 (+$98)
•錦繡家鄉炒米粉

作為招牌菜之一，脆香貴妃雞‼️ 真係做到皮脆肉嫩嘅效果～ 幾欣賞用上陳皮普洱搭配，以 2013 年陳皮配搭 2009年熟普洱，味道醇厚帶穩重嘅陳皮香，配上雞肉幾match! 
*
•營致甜品
焦糖蓮蓉西米焗布甸｜白眉椰汁紅豆糕｜栗蓉柑桔🍊 都係個句，佢哋嘅蓮蓉西米布甸世一🥹❤️ 焦糖面加上香滑蓮蓉西米，我可以食十個!!!! 
-
營致會館 (中環)
中環干諾道中41號盈置大廈地下G05, 107及108號舖"
,金木犀,中環,日本料理,388-518,拍拖約會,自選Omakase、煙燻大吞拿魚腩、金木犀Omakase海鮮刺身丼,https://www.instagram.com/p/DXjneALhGlo/,DXjneALhGlo,,"🥢自選發辦! 煙燻X熟成的江戶前壽‼️
-
地區分類：#fca_中環 
-
終於使食Omakase食到飽到出便到門口? 🤣 依間由曾任職過元朗壽司源、海言，有25年經驗嘅陳爾言師傅主理！主打煙燻X熟成的江戶前壽，最重要係可以自行組合自己喜歡的Omakase!!!
五品午市商務套餐$388起，可以自選，如果想試足15款時令刺身嘅金木犀Omakase海鮮刺身丼，都只係+$130🥹❤️
-
明太子薯仔沙律 ($68)
土佐醋水晶啫喱蕃茄 ($58)
冷製茶碗蒸 ($68)
腐乳地雞唐揚 ($68)
酒盜芝士油揚 ($68)
蔥蓉燒牛舌芯 ($98)
燒日本鰻魚茶漬飯 ($218)
*
甘海老 ($40)
煙燻中吞拿魚腩 ($65)
煙燻大吞拿魚腩 ($70)
煙燻赤身 ($60)
醋鯖魚紫菜卷 ($50)
赤身 ($50)
海膽壽司 ($70)
*
< 甜品 >
•法式焦糖燉蛋 ($58)
-
金木犀 (中環)
中環威靈頓街33號The Loop 17樓"
,魔記車仔麵檔,長沙灣,港式,30-70,打卡必到,辣汁水魷魚、即炸大豬扒、車仔麵配佬魔麻辣醬,https://www.instagram.com/p/DXOmy35Bxks/,DXOmy35Bxks,,"🥢$30起食足兩餸! 街坊足料車仔麵店檔✨
- 
地區分類：#fca_長沙灣 
-
住喺長沙灣朋友介紹，主打懷舊港式車仔麵，估唔到最懷舊竟然係個價錢，$30起嘆兩餸車仔麵仲可以係邊揾，仲要成個面盆咁大碗😱‼️ 所有配料都比到足，質素都唔錯，呢個價錢完全冇投訴！
-
•豬紅｜牛筋｜滷水雞中翼｜陳皮魚蛋｜米粉 ($56)
•秘製牛腩｜豬紅｜甜蘿蔔｜炸韭菜餃｜
滷水豬腸｜油麵 ($64)

一上枱成個面盆咁大🤣 啲粉麵多到好似加咗底咁！而且配料好明顯都花咗唔少心思，豬紅、牛筋、牛腩、滷水雞翼夠入味；蘿蔔清甜冇渣，份量多到食咗半條蘿蔔咁😙❤️ 魚蛋亦用上煙煙韌韌嘅陳皮魚蛋！最正嘅係個醬汁，腩汁/魔叔咖喱沙嗲 / 魔記秘製辣汁/佬魔麻辣醬任君選擇，仲可以選擇多款咁先正！個人推介麻辣醬，辣得嚟好香✨🌶️
*
•即炸大豬扒 ($28)
•辣汁水魷魚 ($32)
•酸辣木耳 ($22)

小食都係20幾蚊抵到喊🤫 一定要試辣汁水魷魚🦑 爽彈嘅魷魚掛滿惹味嘅自家製辣汁，超級上癮！炸豬扒炸至金黃唔會油膩，不錯一試！
-
魔記車仔麵檔 (長沙灣)
長沙灣福榮街218號美居中心地下50號舖

營業時間：11:30-22:30
WhatsApp外賣自取 ：
5544 3530

@magiccart2025"
,le le,中環,越南料理,388-888,拍拖約會,花膠雞肉粉、一鴨三吃、龍蝦蔗蝦、滷水乳鴿,https://www.instagram.com/p/DXbfaLhhvFK/,DXbfaLhhvFK,,"🇻🇳龍蝦蔗蝦+花膠phở! 新開創新越南料理✨
-
地區分類：#fca_中環 
-
香港少有玩越南Fine Dining嘅餐廳，三月尾新開，由米芝蓮星級餐廳Whey嘅前行政總廚 Elvin Lam 與越南主廚Le MinhDuc 共同主理🔥 菜式走正宗越南x中式烹調風格，將唔少傳統越南菜式，例如蔗蝦、燒生蠔、phở等大Upgrade‼️
午市套餐$388，但就已經食到Dinner Menu都食到嘅招牌滷水乳鴿 & 粟米焦化奶油甜品😍
-
𝐋𝐞 𝐋𝐞 𝐃𝐢𝐧𝐧𝐞𝐫 𝐓𝐚𝐬𝐭𝐢𝐧𝐠 𝐌𝐞𝐧𝐮 ($888/pp)
-
< 𝗦𝗠𝗔𝗟𝗟 𝗕𝗜𝗧𝗘𝗦 >
•Amuse Bouche
花甲｜香茅｜越南芫茜
北海道生蠔｜醃蒜｜刺芫茜
*
< 𝗔𝗣𝗣𝗘𝗧𝗜𝗦𝗘𝗥 >
帶子｜豌豆｜魚露
縞鰺｜辣椒 ｜芝麻醬
雞肉粉｜花膠｜金華火腿 (+$188)
一鴨三吃｜黃皮葉｜越南鹹冬甩

土豪版花膠Pho🥢 除左放上矜貴花膠，「麵條」竟然用上雞髀肉製作而成；最重要嘅湯底加入金華火腿熬製4小時，席前展示用上傳統虹吸式咖啡壺萃取過程，湯底做出嚟清而鮮，帶陣陣九層塔香氣🌿 
另一焦點：一鴨三吃‼️ 亦係個人最愛菜式。熟成十四天慢煮脆皮烤鴨+自家製鴨肝醬+鴨腿扎肉春卷。烤鴨外皮超酥脆😍 甘香嘅鴨肝醬建議配上一旁的鹹冬甩～
*
< 𝗦𝗘𝗔𝗙𝗢𝗢𝗗 >
多寶魚｜羅望子｜刁草
/
龍蝦｜甘蔗｜酒釀 (+$238)

奢華變奏版嘅傳統越南蔗蝦🦞😱 龍蝦先慢煮再以炭火烤製，食落超鮮嫩帶陣陣煙燻香氣；一旁特意釀入自家製蝦滑，配上清爽嘅蓮藕莖、大樹菠蘿沙律 以及濃郁龍蝦汁，味道鮮得嚟幾舒服！
*
< 𝗠𝗔𝗜𝗡 >
滷水乳鴿｜咖啡｜糯米飯

不能缺少的越南咖啡☕️ 結合十年中式黑醋與焦糖化椰糖製作醬汁，襯托經過稻草煙燻嘅滷水乳鴿❤️ 香濃帶輕微甘苦，鴿肉亦做到非常軟嫩。一旁配上鋪上乳鴿肉碎嘅三色糯米飯 & 竹筍鴨骨湯，食材互相呼應，幾鍾意成個組合。
*
< 𝗗𝗘𝗦𝗦𝗘𝗥𝗧 >
檸檬香蜂草｜乳酪｜青瓜
粟米｜焦化奶油｜Marou越南手工朱古力
Petits Fours

本以為甜品會偏甜，但意外地 Balance得幾好，粟米焦化奶油雪糕，食落就好似焦糖爆谷咁，香滑帶空氣感，好過癮🍿
-
le le (中環)
中環擺花街8號3樓"
,ALWAYS JOY,上環,日本料理,980,拍拖約會,炭燒七味鴿、炭燒宮崎和牛、酸菜熟成馬友魚鑊仔飯,https://www.instagram.com/p/DWeAWnNh_vZ/,DWeAWnNh_vZ,,"🇯🇵米芝蓮級數?! Yardbird加持低調派居酒屋🥢
-
地區分類：#fca_上環
-
近乎0宣傳‼️ 依間係米芝蓮一星燒鳥店Yardbird隔離嘅Yardbird姊妹居酒屋，上年年中開業，最正係近門口有個酒吧位比人飲返杯Chill下～ 建議坐吧枱位好Feel好多！菜式行Fushion路線，最正係有唔少炭火菜式🤭 當晚一共試左9道菜，水準在線上～
-
🥢 𝐌𝐄𝐍𝐔 𝐎𝐅 𝐉𝐎𝐘 ($980/9款)
-
•刺身拼盤三款
•魷魚素麵·紅紫蘇
•帶子海膽手卷
•炭燒豆胚、出汁
•南瓜天婦羅
•炭燒宮崎和牛
•咖喱吉列豬扒
•炭燒七味鴿
•酸菜熟成馬友魚鑊仔飯
•乳酪雪糕、車厘子、蕎麥脆脆 ($98)

Omakase Menu一共試足9道菜，個人最愛炭燒七味鴿，乳鴿經過乾式熟成，再用炭火烤過，入口肉質軟嫩帶陣陣炭香❤️ 
炭燒宮崎和牛塗上番茄味噌再炭燒，配上芥末味噌以及最中餅一齊食，咬落去爆汁感🐂💦 
酸菜熟成馬友魚鑊仔飯，魚皮係做到非常焦脆，而且飯粒煙韌，充分吸收了魚肉的鮮味✨
-
ALWAYS JOY (上環)
上環永樂街148號南和行大廈地下1號舖"
,瀧宴日本料理,尖沙咀,日本料理,367,大班聚會,野生南非鮑魚、厚燒美國頂級牛肉、鐵板炒飯,https://www.instagram.com/p/DWlaukVEwnT/,DWlaukVEwnT,,"🔥食足8品! $3XX平嘆海景鐵板燒🔥
- 
地區分類：#fca_尖沙咀 
- 
尖沙咀黃金地段，在擁維多利亞海景，點都估唔到用三百幾就可以喺度嘆到活海鮮鐵板燒😱‼️ 餐廳最近所有Menu做開業八折優惠，午市百道菜最平三百幾起，仲要食足八道菜✨最正係有房夠高Privacy，Gathering包場幾正！
依家惠顧任何午市套餐可以優惠價$520加購
澳洲龍蝦刺身1隻，仲可以以$1080價錢加購海膽一板😎 放喺鐵板燒上面一齊食夠晒正！
-
🔹瀧｜午市套餐 (八折加一後 $367.2/位)
🔸宴｜午市套餐(八折加一後 $367.2/位)
-
< 前菜 >
季節前菜🔸🔹
*
< 刺身 >
•季節刺身（4款）🔹
•季節刺身（2款）🔸
*
< 壽司 >
•本日精選壽司（2款）🔸
*
< 鐵板燒 >
香煎鵝肝伴自家制醬汁🔸
野生大虎蝦🔸🔹
野生南非鮑魚🔹
美國頂級牛肉🔸🔹

•鐵板炒飯配海帶面豉湯
•炒什菜

兩個Lunch Set最唔同係「瀧」會係食鐵板燒環節食野生南非鮑魚；而「宴」則係香煎鵝肝！個人幾鐘意南非鮑魚，簡單只係用胡椒調味，食返原本嘅海水鮮味😍 美國牛肉可以選擇厚燒/薄燒，個人就一定推薦厚燒，中間保留到粉嫩感❤️ 最後個鐵板炒飯都冇hea你，大大隻煎蛋加上櫻花蝦，秒清！
-
瀧宴日本料理 (北京道) (尖沙咀)
尖沙咀北京道1號8樓801號舖"
,Jimmy’s Kitchen,中環,西式,598,拍拖約會,基輔炸雞卷、法式洋蔥湯、火焰雪山,https://www.instagram.com/p/DX1jUjVBLvd/,DX1jUjVBLvd,,"🕯️老牌儀式感! 1928年經典英式餐廳🥂
-
地區分類：#fca_中環 
-
有成98年嘅依間餐廳，位於二級歷史建築內，加埋數字大過你同我🤣 感覺充滿歷史與唔少人回憶✨ 感覺到嘅係老牌餐廳嘅儀式感。依到最正係有無限任食醃洋蔥，食飯前夠開胃，食Main Course亦係超解膩～
-
🥂 𝐇𝐄𝐑𝐈𝐓𝐀𝐆𝐄 𝐓𝐀𝐒𝐓𝐈𝐍𝐆 𝐌𝐄𝐍𝐔 ($598/pp)*
* Wine Pairing (+$388/pp)
-
< 𝗧𝗢 𝗦𝗧𝗔𝗥𝗧 > 
•Jack‘s Creek Wagyu Tartare
•Pink Shrimp Carpaccio (+85)
*
< 𝗦𝗢𝗨𝗣 >
•Beetroot and Vegetable Borscht
•French Onion Soup

一般係出面有法式洋蔥湯揀，就一定會點🥄❤️ 始終製作比較麻煩～ 依到嘅洋蔥湯之前試過很不錯，裏面有唔少炒香左嘅洋蔥，加上面層輕輕燒香過嘅芝士以及吸滿湯汁嘅麵包，Classic!
*
< 𝗠𝗔𝗜𝗡 >
•Chicken Supreme ’Kiev‘
•Steak Diane (+$125)

估唔到MVP竟然係一切流心嘅基輔炸雞卷‼️ 金黄香脆嘅炸雞裏面係蒜香牛油內餡🧈 切落去爆漿效果MAX!!! 整體很香口惹味。黛安娜牛排🥩 正常發揮，牛扒醬汁加入了蘑菇，偏濃味～
*
< 𝗗𝗘𝗦𝗦𝗘𝗥𝗧 >
•Baked Alaska (For 2)

很愛這裏的火焰雪山是開心果混車厘子口味🍒 經典英式組合～ 感覺酒香可以再出啲
-
Jimmy’s Kitchen (中環)
中環畢打街12號畢打行閣樓"
,Maggie Choo's,中環,酒吧,,打卡必到,,https://www.instagram.com/p/DXmGoOWBgde/,DXmGoOWBgde,,"🪭古董店隱藏BAR! 0入場費睇全新火辣歌舞 💃
-
地區分類：#fca_中環 
-
依間偽裝成一間懷舊古董店嘅Hidden Bar😎 逢星期四晚都有佢哋落重本嘅Cabaret Show！估唔到已經不知不覺踏入第四季，而今次以「Becoming Her蛻變成她」全新面貌登場❤️

主題圍繞Women power，頌揚現代女性嘅多元面向🥰 整個演出共呈獻十二個璀璨舞蹈節目，融合雜技、探戈、爵士樂及百老匯經典橋段～服裝以及舞台設計真係會睇到人嘩嘩聲🥰 

「Becoming Her」於5月7日正式公演 (逢星期四9:30PM - 12:00AM)，最重要係入場免費，只要到場消費就可以！
-
Maggie Choo‘s (中環)
中環荷里活道1-13號華懋荷里活中心下1號舖

#showgirlforaday"
,驚安燒肉商店,尖沙咀,日本料理,,大班聚會,全港最平牛舌、燒脆鱔、美國和牛三筋、雪糕蘋果肉桂流心多士,https://www.instagram.com/p/DW3wSGzhLLA/,DW3wSGzhLLA,,"🔥動手蒲燒脆鱔! 全港最抵食の燒肉店🇯🇵
-
地區分類：#fca_尖沙咀 
-
就算係糧尾都嘆到高質日本燒肉‼️ 喺香港竟然搵到$8一碟牛舌+$24/杯啤酒?!?! 就算係其他菜式都性價比拉滿，但識玩嘅一定係叫到成枱都係牛舌，再加返一兩款前菜或者燒肉已經好夠，啱晒同一班朋友坐低慢慢飲返兩杯！
-
•和風柚子凍蕃茄 ($42)
•焦糖鵝肝鰻魚一口多士 ($78)
•驚安手切牛肉他他 ($118)
•粟米天婦羅 ($38)
•活蜆野菜壽喜燒鍋 ($88)

Encore 和風柚子凍蕃茄，配和牛燒肉真的超解膩😎 第一次試焦糖鵝肝鰻魚一口多士，鵝肝+鰻魚入口即化，甜甜的很Match；粟米天婦羅送酒一流🌽 活蜆壽喜燒鍋份量比得很足，食得出新鮮亦冇沙！
*
•全港最平牛舌 ($8)
•燒脆鱔 ($188/半條)
•限量稀有- 美國和牛三筋 ($168)
•和牛壽喜燒 ($98)
•蟹黃海膽月見飯 ($168)

嚟到人手一碟$8牛舌是常識吧🤣❤️ 口感爽彈完全冇投訴！燒脆鱔有驚喜，魚肉結實，一邊燒一邊搽上蒲燒鰻魚汁，係有點花心機😂😂
位於肩胛骨上方嘅稀有部位- 美國和牛三筋，特別在於中間有條Q彈嫩筋，整體肉質嫩軟而且油花分布均勻🔥
另外推薦滿滿醬黃醬嘅海膽月見飯，超誘人組合，配燒肉食更加不得了!!! 
*
•雪糕蘋果肉桂流心多士 ($78)
被燒肉耽誤的甜品店?🤭 西多士裏面係滿滿嘅肉桂蘋果，好香肉桂味兼食到蘋果肉嘅爽脆感，加上大大球雲呢拿雪糕，邪惡到一個點🍨
-
驚安燒肉商店 (尖沙咀)
尖沙咀金馬倫道48號中國保險大廈3樓C號舖"
,LE COLVERT,西營盤,西式,400-800,拍拖約會,西南法原隻油封鴨胸、法式鴨肝肉凍酥皮餅、蒜香番茜煎油封鴨腎、鴨油松露薯條,https://www.instagram.com/p/DW1LeAhhnFA/,DW1LeAhhnFA,,"🦆由頭吃到尾! 法式鴨肉料理小酒館✨
-
地區分類：#fca_西營盤 
-
又一間年尾新開，火速打入米芝蓮進介嘅餐廳✨ 少有地大玩鴨肉料理，由門口以至餐廳內都放滿鴨仔擺設～ 最令人注目一定係席前經典法國血鴨，繼上次係Peninsula食過一次之外，真係唔知香港仲有邊度食到❤️ 加上席前火焰甜品，係一間儀式感滿滿嘅小餐館！
-
< 𝗘𝗡𝗧𝗥É𝗘𝗦 >
•法式鴨肝肉凍酥皮餅｜鴨肝｜煙燻鴨胸｜蒜香番茜煎油封鴨腎 

一次過試匀4款招牌前菜，全部都係超高質😭 個人最愛用香蒜番茜煎嘅油封鴨腎，入口軟腍，蒜香惹味；傳統法式鴨肝肉凍酥皮餅，混合鴨肝、豬肉以及開心果，加上外層酥皮，層次感UP‼️ 鴨肝Texture做到牛油般入口即化，超神！
*
< 𝗣𝗟𝗔𝗧𝗦 >
•西南法原隻油封鴨胸 ($498)
•蒜香牛油炒青豆 ($78)
•鴨油松露薯條 ($118)

兩個人嚟推薦原隻油封鴨胸，份量超大的😍 配上LE COLVERT自家招牌醬汁，用上鴨汁、芥末以及香料調製而成，配鴨肉嘅肉香一絕✨ 鴨油薯條也推，炸得香脆帶陣陣油香
*
< 𝗗𝗘𝗦𝗦𝗘𝗥𝗧𝗦 >
•法式蛋白餅配鮮忌廉｜紅莓醬 ($118)
•法式朱克力熔岩蛋糕配鮮忌廉 ($118)
-
LE COLVERT (西環)
西環西營盤德輔道西321號地下3號舖"
,Salon des Refusés,中環,西式,888,拍拖約會,沙甸魚多士、海膽多士、棘龍蝦扁意粉、薄切藍鰭吞拿魚,https://www.instagram.com/p/DWglIqAhgH5/,DWglIqAhgH5,,"🐟炭燒海鮮! 隱蔽地中海風味小餐館☀️
-
地區分類：#fca_中環 
-
之前Jean Pierre法國餐廳開嘅時候，已經留意到依間係隔離嘅小餐廳，行比較Casual嘅路線，可惜當時仲未開～ 依家由曾在意大利三星餐廳工作嘅主廚Luca Marinelli主理，主打一系列地中海菜，有唔少海鮮菜式，仲有大家最愛嘅手工意粉🤭❤️ 最正係一開門有幾個法國型男迎接，也太幸福了吧😭‼️
-
🥂 𝐈𝐍 𝐂𝐇𝐄𝐅 𝐋𝐔𝐂𝐀‘𝐒 𝐇𝐀𝐍𝐃𝐒 ($888/pp)
-
< 𝗦𝗡𝗔𝗖𝗞𝗦 >
•Sardine on Toast
•Sea Urchin on Toast ｜Seaweed Butter
•Cod Tarama｜French Radish 
•Cucumber Blossom Fritti

必點沙甸魚多士，搭配日本水果蕃茄、鯷魚以及蒜油，整個鹹鮮味道非常上頭😭❤️ 海膽多士嘅份量亦唔手軟，幾鍾意佢配咗海苔牛油，加上鬆軟嘅牛油麵包，超級滿足！
*
< 𝗥𝗔𝗪 >
•Amberjack｜Blood Orange
•Red Seabream｜Artichoke 
•Bluefin Tuna Carpaccio 

三款魚生菜式，最愛薄切藍鰭吞拿魚，加了辣椒油以及乾番茄，酸辣開胃🤤 油份較重嘅鰤魚亦配上血橙、手指檸檬以及法國紅酒醋提鮮減膩✨
*
< 𝗛𝗢𝗧 & 𝗣𝗔𝗦𝗧𝗔 >
•Hokkaido Scallop｜Sicilian Pistachio 
•Sweet Sea Bream｜Bouillabaisse
•Ma Yau “Alla Tuba”
•Spiny Lobster Tagliatelle 

鮮嫩嘅北海道帶子，以焗至香脆嘅西西里開心果作點綴；
日系做法嘅甘鯛”立磷燒”，配上法式魚湯以及紅椒蒜泥醬，日法Fusion，意外地Match😎 
另一款炭燒本地馬友，幾欣賞外皮做到超級脆口🐟 醬汁加入鯷魚、牛油、酸豆，鹹香鹹香的！
嚟到一定要試佢哋嘅Pasta!!! 棘龍蝦扁意粉，意粉有返應有嘅Texture，番茄醬汁亦同龍蝦肉很夾🦞 最後刨上嘅檸檬皮加左唔少分！
*
< 𝗗𝗘𝗦𝗦𝗘𝗥𝗧 >
•Coupe Colonel 
最後以法式經典甜品，淋上Vodka的檸檬雪葩作結🍋 酸爽解膩又過癮～
-
Salon des Refusés (中環)
中環必列者士街9號地舖"
,聚星居,銅鑼灣,中菜,992,大班聚會,仙鶴神針、藤椒清湯崩沙腩,https://www.instagram.com/p/DWq9fbBBI5B/,DWq9fbBBI5B,,"🌊樓上海景粵菜! 首試古傳名菜仙鶴神針🥢
-
地區分類：#fca_銅鑼灣
-
由楊智明師傅主理嘅海景中餐廳，菜式結合淮揚 & 粤式風味，亦有唔少出邊比較少見嘅手工菜✨ 最正嘅係有KTV包廂，指定日子仲有 Live Band，加上營業至凌晨2點+免開瓶費，長假期想同朋友聚一聚依度啱晒！
-
🥢 聚星晚宴 ($1984/2位)
-
< 前菜 >
•淮揚三秀
*
< 湯羹 >
•順德脆魚粒拆魚羹 
*
< 主菜 >
•燒椒醬日本元貝伴鍋巴 
•老菜脯蒸馬友 
•藤椒清湯崩沙腩 
•仙鶴神針 
* 
< 時蔬 >
•黃耳雞頭米浸時蔬 
*
< 主食 >
•和牛崧脆米炒飯 
*
< 甜品 >
•精美甜品- 蛋白燉鮮奶

一共食足9道菜✨ 一開始以三款前菜拼盤：雕王醉鄉蝦、撈汁雙弄(花甲、花螺)以及蔥油翡翠結開一開胃🤭 醉蝦嘅蝦頭先係精粹!!!

主菜環節，燒椒醬日本元貝煎至外焦內嫩，伴上鹹蛋黃鍋巴很Match~ 老菜脯蒸馬友，魚肉嫩嫩的，以鹹香嘅老菜脯作點綴🐟 藤椒清湯崩沙腩，個湯先係MVP，清得嚟帶藤椒嘅清香🌿忍唔飲哂成碗湯～

想試好耐嘅仙鶴神針🔥 個汁慢煮好濃厚!!! 乳鴿裏面係滿滿嘅魚翅以及金華火腿；乳鴿肉嫩，而魚翅吸滿肉汁與湯鮮，製作繁複，絕對係值得一試嘅手工菜！
-
聚星居 (銅鑼灣)
銅鑼灣登龍街18號V Point 28樓"
,Beefbar Hong Kong,中環,西式,730,拍拖約會,USDA Prime Bavette、黑安格斯迷你漢堡、牛肉他他、和牛肉醬手工寬麵,https://www.instagram.com/p/DWi1WGwhCWu/,DWi1WGwhCWu,,"✨爆汁漢堡! 任食米芝蓮一星牛扒+招牌前菜🍴
-
地區分類：#fca_中環 
-
全港唯一一間米芝蓮一星扒房Beefbar竟然大玩任食Menu?!😱 無限任食米芝蓮星級牛扒外，平時單點幾百蚊嘅招牌前菜+熱葷菜式都係無限Refill‼️ 今次真係可以用「抵食」嚟形容米芝蓮餐廳喇～
-
🐂 𝐖𝐞𝐞𝐤𝐞𝐧𝐝 𝐁𝐫𝐮𝐧𝐜𝐡 𝐌𝐞𝐧𝐮 ($730/pp)*
* +$298 for 2hrs free flow of selected wines
* +$280 for 2hrs free flow of selected Cocktails e Spirits
-
< 𝗔𝗣𝗣𝗘𝗧𝗜𝗭𝗘𝗥 >
•Caesar Salad
•”Bistro Style” Tartare
•Daily Special (Octopus)
•Daily Soup 
*
< 𝗦𝗘𝗖𝗢𝗡𝗗 𝗖𝗢𝗨𝗥𝗦𝗘 >
•Black Angus Beef Mini Burger
•Homemade Wagyu Beef Ragu Pappardelle
•Chef’s Special

任食一共七款前菜以及熱葷菜式‼️ 平時單點一份要$290嘅牛肉他他，今次竟然可以任食😭❤️ 
同樣大推招牌黑安格斯迷你漢堡🍔 平時一份都要百幾蚊，最重要係漢堡扒整到非常粉嫩多汁!!!
當然唔少得和牛肉醬手工寬麵🍴 濃厚肉醬加上36個月巴馬臣芝士，很好吃!!!
另外有時仲有即焗薄餅登場🍕
*
< 𝗠𝗔𝗜𝗡 𝗖𝗢𝗨𝗥𝗦𝗘 >
•任食USDA Prime Bavette

當然唔少得任食米芝蓮級數牛扒😍 用上美國頂級牛腹脅肉，表層煎至焦香，而內裏肉質軟嫩多汁，肉味香濃🥩 當然亦可以加錢升級其他部位，例如US Ribeye Cap、600G AU Bone-in Strip、Korean Striploin等～ 但個人覺得Prime Bavette已經夠做✨
*
< 𝗗𝗘𝗦𝗦𝗘𝗥𝗧 >
•Tiramisù
•Gianduja
-
Beefbar Hong Kong (中環)
中環雪廠街16號Club Lusitano2樓"
,Tailor,中環,Cafe,100-200,打卡必到,和牛治、和牛黃金飯,https://www.instagram.com/p/DXG4arahNkQ/,DXG4arahNkQ,,"🥢街市藏寶! 中環$98嘆和牛三文治🐂
-
地區分類：#fca_中環 
-
唔係講笑，竟然係街市裏面搵到又正又抵食嘅和牛三文治，中環呢個價錢真係冇得輸🤫 仲要連朱古力咖啡都好香滑，已經一連幾日飲咗幾杯🤣 晚市套餐$1xx起，亦有唔少輕食以及素食選擇！
-
🍴 𝐖𝐞𝐞𝐤𝐝𝐚𝐲 𝐃𝐢𝐧𝐧𝐞𝐫 𝐒𝐞𝐭*
*晚市套餐配一份前菜豆腐沙律 ＋ 一碗麵鼓湯
*包括Black Coffee or Tea
-
•和牛黃金飯($188)
•日式椰菜煎蛋炒烏冬 ($158)

招牌和牛黃金飯，個炒飯底做得幾香口乾身，和牛煎至焦香，帶油香帶不會過膩，加上炸蒜好香口🥰 個人超愛炒烏冬，除左有大大隻太陽蛋🍳 烏冬煙韌，調味適中，有日式家庭風味🥢
*
•和牛治 ($98)
•烤燕麥片配乳酪 ($68)

係中環竟然用到$98嘅價錢食和牛Sando😱‼️ 而且質素係比到你～ 麵包烘至金黃香脆，中間嘅和牛看得出嘅粉嫩感，加上芥末醬，必食！
-
Tailor (中環)
中環皇后大道中93號中環街市2樓201-204號舖"
,九龍香格里拉大堂酒廊,尖沙咀,西式/Cafe,268,打卡必到,牛肉咖喱包、招牌明太子法包、經典龍蝦蛋沙律多士、蜂蜜牛油焦糖多士、BACHA Coffee,https://www.instagram.com/p/DW6Bn0XBcUr/,DW6Bn0XBcUr,,"☕️30秒率先試! 香格里拉午餐麵包放題🍞
-
地區分類：#fca_尖沙咀 
-
‼️ 留言「🍞」DM你! 全新一輪麵包早餐放題
訂位連結!!!!

8:00起身對於我哋夜晚飲完酒嘅朋友真係完全冇可能🤣 但今次新出嘅午餐麵包放題終於輪到我哋出動!!! 可以無限任食逾10款手工麵包+日式湯品+新鮮沙律吧，仲多左主菜及甜點可以升級追加😍‼️ 平時要$60幾一杯嘅BACHA Coffee可以無限暢飲 (但因為手中嘅關係可能要等耐啲喔)

(以下介紹為麵包午餐放題，下一輪開放為早餐麵包放題，麵包款式有近20+，但不會供應日式主菜及甜品)
-
🥖「香聚麵包」午餐放題 ($268/位)*
*下一輪供應時間：1-10/5/2026（星期五至日及公眾假期） 8 -10:30 AM
*公眾預訂：10/4/2026 10AM
*包含無限暢飲BACHA Coffee
-
< 麵包自助區 >
•牛肉咖喱包 ⭐️
•招牌明太子法包 ⭐️
•經典龍蝦蛋沙律多士 ⭐️
•鹽可頌
•抹茶紅豆牛油/原味/提子英式鬆餅 
•卡布里沙律多士
•芝士火腿意式三文治
•蜂蜜牛油焦糖多士 ⭐️
•酸種麵包 配忌廉芝士蜂蜜
•牛角包

當日嘅麵包款式差不多有成12款咁多😍 一定要試新出嘅牛肉咖喱包，外皮炸至金黃酥脆，裏面係滿滿嘅咖喱牛肉餡✨
必食明太子法包‼️ 明太子醬滿到瀉，發包亦好香脆，但就係會食到成手都係🤣
龍蝦蛋沙律多士係Reheat Corner下單🦞 外層嘅牛油麵包真係要暖暖哋先好食，做到外脆內軟熟！
蜂蜜牛油焦糖多士，表面沾滿焦糖，食落係滿滿牛油嘅香氣，好邪惡，幾啱螞蟻人🍞🍯
*
< 全新日式主菜 >
•日式漢堡扒 (+$58)
•日式海膽忌廉意粉 (+$88)

午餐放題特別可以升級日式主菜🍴 So far兩款主菜都正常發揮，咁嘅價錢以酒店而言算係咁，冇投訴🙂‍↕️
*
< 全新日式甜品 >
•日式焦糖布丁 (+$28)
•巴斯克芝士蛋糕 (+$28)
•咖啡啫喱配CREMIA 軟雪糕 (+$38)

仲抵過出邊食嘅CREMIA雪糕，如果食完麵包仲有位剩嘅話不妨食吓，用蜂蜜焦糖多士嚟點個雪糕亦係正到喊🍨🍞
-
九龍香格里拉大堂酒廊 (尖沙咀)
尖沙咀麼地道64號九龍香格里拉大堂"
,灘萬日本料理,尖沙咀,日本料理,388-488,拍拖約會,精選手握壽司套餐,https://www.instagram.com/p/DV8N_Sck8fh/,DV8N_Sck8fh,,"‼️低至$388! 親民價嘆香格里拉OMAKASE🥢
-
地區分類:  #fca_尖沙咀 
-
Lunch低至$388就可以係香格里拉酒店日本餐廳嘆Omakase?!😱 依間由資深日籍主廚渡邊師傅主理嘅高級日本餐廳，少有地推出咁抵玩嘅Omakase Menu，儀式感照有，值得一訪！
-
🥢精選手握壽司套餐12種 ($488/位)*
🥢精選手握壽司套餐8種 ($388/位)*
* 包含冷製時令素菜、茶碗蒸蛋、麵豉湯及雪糕
-
•左口魚
•深海池魚
•火炙金目鯛
•章紅魚
•甜蝦
•醬油漬吞拿魚
•玉子
•赤貝
•中拖羅
•三文魚子
•海膽
•魷魚

一共12款壽司，拖羅、赤身、海膽齊哂🫡 魚料正常發揮，中拖羅油脂平均～ 個人幾鐘意深海池魚配酸爽嘅鯊魚骨，比較淡味嘅左口魚亦以柚子皮提鮮✨ 魷魚加上烏魚子，口感軟糯！
-
灘萬日本料理 (九龍香格里拉) (九龍香格里拉大酒店) (尖沙咀)
尖沙咀麼地道64號九龍香格里拉地下2層"
,Victoria Café,尖沙咀,Cafe,200-300,打卡必到,芝士鮮茄焗豬扒飯、川味布拉塔芝士沙律、意式椰子奶凍,https://www.instagram.com/p/DWMDprbD6g5/,DWMDprbD6g5,,"✨天價焗豬?! 隱蔽180度VIP海景CAFE🌊
- 
地區分類：#fca_尖沙咀 
- 
一直以為係K11 Artus住客先可以去嘅餐廳，要指定升降機先可以上到去，真係唔多人知夠晒隱蔽，而且唔多人坐得超舒服😎 全部位置都望到180度維港靚景，慢慢打卡唔會嬲～Lunch大概二百幾依個價位，加上菜式由Rosewood廚房炮製，所以唔使擔心質素水準～
-
•泰式醃三文魚他他 ($145)
•川味布拉塔芝士沙律 ($168)
•芝士鮮茄焗豬扒飯($218)
•肉眼牛扒 ($338)
•意式椰子奶凍 ($88)

菜式由Rosewood酒店製作，所以水準也很在線🙂‍↕️❤️ 前菜川味布拉塔芝士沙律幾特別，食落醬汁幾香花生味，帶微辣，味道有點像擔擔麵，配布拉塔又幾Match!
Rosewood Holt Cafe都有嘅焗豬扒飯，個邊賣$290，依邊平啲仲有個海景🤭 豬扒大塊有彈性，蕃茄醬食得出夠新鮮，炒飯底亦做得唔錯，整體水準備到你！另外肉眼扒嘅薯條係MVP無誤，揸得超返趣，而且唔油膩～
最後甜品以楊枝甘露為靈感嘅椰子奶凍🥥 酸甜解膩，仲幾有心思地配上香港蛋卷!
-
Victoria Café (尖沙咀)
尖沙咀梳士巴利道18號K11 ARTUS 10樓"
,YAKITORI KOBAKO,灣仔,日本料理,200-400,深夜食堂,燒雞肝、唐揚迷你蝦、鰻魚炒飯、燒牛舌、燒雞頸肉,https://www.instagram.com/p/DV0e_efE3R1/,DV0e_efE3R1,,"🏮爆汁雞肝! 正宗日本人主理燒鳥居酒屋🐓
-
地區分類：#fca_灣仔
-
搬左去灣仔一個月，已經嚟左依間居酒屋三次‼️ 依間來自東京嘅60年過江龍居酒屋，由日本人主理，價錢唔係平，但質素絕對比到你～ 由其係串燒，佢哋嘅燒雞肝絕對係香港數一數二嫩！9PM後指定酒精半價，所以真係越夜越多人，氣氛超好👍🏻
-
•唐揚迷你蝦 ($88)
•沖繩苦瓜炒豚肉 ($98)
•鰻魚炒飯 ($108)
•日本廣島產蠔辛味噌鍋烏冬($138)

一飲酒就一定要叫唐揚迷你蝦，但其實佢哋嘅唐揚蝦比起出面一啲都唔迷你，真係會食到蝦肉嘅鮮甜🥰 
又再點多次好食過日本嘅沖繩苦瓜炒豚肉，大大份炒到好香口！
發掘新寶藏- 鰻魚炒飯，席前淋上蛋漿，保證入口超滑嫩，炒飯飯粒煙韌，充滿甜甜嘅鰻魚燒汁香，秒清就對了‼️
期間限定蠔味噌鍋烏冬🥢 蠔肉勝在夠脹卜卜，湯底微辛幾過癮！
*
•燒牛舌 ($138)
•燒雞肉棒 ($53)
•燒雞肝 ($53)
•燒雞腎 ($43)
•燒雞頸肉 ($48)

作為一間燒鳥店，價錢可能偏貴，但係質素絕對比到你🫡 每次一定要叫佢哋嘅燒雞肝，超級大串，而且裏面燒到好粉嫩！佢哋嘅雞肉棒亦係自家製，裏面有唔少爽脆嘅軟骨～ 之前試過過佢哋嘅雞柳，但個人更加推介雞頸肉，口感更爽嫩❤️ 另外燒牛舌用上舌芯位置，亦係超級爽彈帶油香，咁樣可以送到一碗飯！
-
YAKITORI KOBAKO (灣仔)
灣仔汕頭街30號意適樓地舖"
,Jeju Oktop Black BBQ Restaurant,灣仔,韓國菜,300-500,打卡必到,黑毛豬BBQ、濟州黑豬泡菜湯,https://www.instagram.com/p/DWGgk8eBQs_/,DWGgk8eBQs_,,"🔥OPPA 即燒! 新開熟成濟洲黑豬燒肉店‼️
-
地區分類：#fca_灣仔
-
快啲睇吓你哋鍾意韓星有冇去到呢間最近爆紅嘅燒肉店?😎 由首爾狎鷗亭開過嚟香港，一眾韓星都相繼朝聖，包括BTS、Stray Kids、Twics、車銀優等，可以話係星光熠熠✨ 餐廳以濟洲龍頭岩為設計靈感，行洞穴風格～ 主打自家熟成濟州黑豬以及1++韓牛🔥 最正係仲有Oppa席前燒肉，保證每舊濟州豬都係最正嘅口感🥰
-
•黑毛豬BBQ ($652/2人份)
一共拼盤食匀五款黑毛豬部位，個人最愛五花肉，肥瘦相間，食得出肉質鬆化嘅口感❤️ 豬皮好貼心地另外燒，食落煙韌Q彈；豬頸肉以及當日時令花頸肉都係爽彈Type，油脂豐富！
*
•濟州黑豬泡菜湯 ($98)
•韓牛辣椒醬忌廉意粉 ($138)

另外仲有唔少濟州風味韓國料理！泡菜湯熱辣辣夠足料，平時其他餐廳嘅豬肉一般好鞋口，但依到嘅用上濟州黑豬肉，真係所有湯料都食哂🔥 韓牛辣椒醬忌廉意粉就正常發探，如果再辣啲會更開心🤭
-
Jeju Oktop Black BBQ Restaurant (灣仔)
灣仔皇后大道東183號合和酒店．商場地下合和食街G08號舖"
,尚萃軒,北角,中菜,1488/2位,拍拖約會,京式明爐烤鴨、酥皮鴨蛋撻,https://www.instagram.com/p/DV3ZaWZEyGC/,DV3ZaWZEyGC,,"💦皮脆爆汁! 海景京式明爐烤鴨🥢
-
地區分類：#fca_北角
-
當聽到Hyatt Centric嘅自助餐Close左超可惜時，估唔到開左間主打秘製京式明爐烤鴨的現代中菜廳✨ 空間感好充足，坐得好舒服之餘，仲有個維港景睇🤭 飲埋佢哋中式創意Cocktail，絕對係北角區內少見嘅酒店級中菜，烤鴨也很高質！
-
🥢京式明爐烤鴨套餐 ($1488/2位)
-
•京式明爐烤鴨（半隻）
•花膠帶子酸辣羹
•羅勒金蒜炒蝦球
•醬爆銀鱈魚
•京蔥炒蒙古羊仔柳
•濃湯竹笙大根萵筍
•甜品薈萃

一開始已經係重頭戲- 招牌京式明爐烤鴨🔥 專人席前分切儀式感十足!!! 最重要係一邊切，一邊啲汁誇張到爆哂出嚟😱💦 胸口皮薄而脆，點砂糖就最正；連鴨肉嘅部分可以包京蔥、青瓜、甜麵醬以及比較少見嘅蒜蓉(意外地超Match~)
其餘小菜亦很不錯，花膠帶子酸辣羹很醒胃；京蔥炒蒙古羊仔柳亦炒得很香口！
最後甜品拼盤，一次過食匀楊枝甘露，酥皮鴨蛋撻 & 手工芝麻卷🥰 酥皮鴨蛋撻嘅外層超酥脆的，中間仲做到流心效果，食落帶蛋香✨
-
尚萃軒 (北角)
北角北角邨里1號香港維港凱悅尚萃酒店西座2樓"
,Art Central (Eat Central),中環,多國菜,,打卡必到,法式洋蔥漢堡、豬頸肉叉燒飯、伏特加螺絲粉、MESSINA限定口味 ART IS MY JAM,https://www.instagram.com/p/DWQ0SOMBXZj/,DWQ0SOMBXZj,,"‼️20秒搶先睇! ART CENTRAL食啲乜✨
-
地區分類：#fca_中環 
-
一連5日 (25-29/3/2026) 喺聽日正式登陸中環海濱😍 匯聚超過100間畫廊+ 500名藝術作品，真係好似行極都行唔完咁～ 除此之外，唔好錯過裏面嘅”Eat Central”，集齊Blacksheep旗下五大人氣餐廳，當然唔少得大家最愛嘅澳洲過江龍Gelato Messina🥳 最勁係連酒精都超多選擇!!! 

🇫🇷 JEAN-PIERRE: 法式洋蔥漢堡
🥢 口利福: 豬頸肉叉燒飯
🇮🇹 FALCONE: 伏特加螺絲粉
🍨 MESSINA: ART IS MY JAM (限定口味)
-
📍 Art Central 2026 (中環海濱)
3月25日（星期三）| 下午十二時至下午五時�3月26日（星期四）| 下午十二時至晚上七時�3月27日（星期五）| 下午十二時至晚上七時�3月28日（星期六）| 上午十一時至晚上七時�3月29日（星期日）| 上午十一時至下午五時"
,蠔埕,尖沙咀,日本料理,618-918,大班聚會,炭燒鱈場蟹腳、鱈場蟹肉蟹粉濃雞湯金鈎翅、炭燒鱈場蟹肉飯團、$1日本生蠔,https://www.instagram.com/p/DWD858IBOFB/,DWD858IBOFB,,"🦪$1日本蠔! 炭燒鱈場蟹x濃湯翅晚宴🦀
- 
地區分類：#fca_尖沙咀 
- 
只有更癲，沒有最癲!!! 依間樓上日本菜又出招，繼上次大閘蟹金勾翅餐，今次換上鱈場蟹 ，繼續食齊金勾翅+日本和牛+炭燒串燒，最重要係玩到七折😱❤️ 手掌咁大嘅日本生蠔繼續都係$1隻～ 加埋兩小時暢飲人氣三粒米，我諗冇乜邊到揾到平過佢哋掛😂
-
🦀 炭燒鱈場蟹濃湯翅全宴*
*原價$1088/位，75折後$918/位(連加一)
* 8點半「後」入座，7折後$868/位(連加一)
* 120分鐘任飲HOUSESAKE、SAPPORO、汽水、黑糖薑茶
*免費升級120分鐘暢飲三粒米清酒🍶
*生蠔優惠價 $1/隻

🐂 炭燒鱈場蟹和牛火鍋輕食宴*
*原價$780/位，75折後$618/位(連加一)
* 90分鐘任飲HOUSESAKE、SAPPORO、汽水、黑糖薑茶
*生蠔優惠價 $1/隻
-
•芥末鱈場蟹肉牛油果沙律 🦀🐂
•時令三式刺身拼盤🦀
•炭燒鱈場蟹腳🦀
•鱈場蟹肉蟹粉濃雞湯金鈎翅 🦀🐂
•炭燒芝士鱈場蟹肉大啡菇🦀
•炭燒串燒4款（廚師發板）🦀🐂
•炭燒鱈場蟹肉飯團🦀🐂
•鹿兒島A5黑毛和牛80g 鱈場蟹麵豉湯SHABU SHABU🦀🐂

一系列鱈場蟹菜式🥳 炭燒鱈場蟹腳就最能食到蟹肉嘅鮮味，仲帶陣陣炭香！好鐘意鱈場蟹肉飯團燒至外層金黃焦脆，裏面係蟹肉嘅鹹香🍙
最誇張一定係一梳梳嘅雞湯金勾翅‼️加左鱈場蟹肉蟹粉，濃稠到一個點 (金鈎翅可更換為花膠筒喔😌)
另外招牌炭燒串燒，今次幾鐘意佢哋嘅燒白鱔以及豚肉芫荽卷，啲芫荽多到呢😍❤️
-
蠔埕 (尖沙咀)
尖沙咀彌敦道176號The Nate2樓A號舖"
,白鮨 (大館),中環,日本料理,,拍拖約會,招牌水晶壽司、銀鱈魚西京燒,https://www.instagram.com/p/DWA0Utwk-Np/,DWA0Utwk-Np,,"🥢水晶壽司! 百年古蹟咁新派日本料理✨
-
地區分類：#fca_中環 
-
一月新開，登陸中環大館嘅全新現代日式料理，快快手幫大家實測一下😎 樓高兩層，空間感十足～下層係休閑酒吧位，可以嘆一系列日式調酒；上層則係Dining Area，感覺會Fine啲多返啲儀式感🥰 嚟到必試佢哋首創招牌水晶壽司以及係香港食過最正嘅銀鱈魚西京燒，整體幾有驚喜！
-
< 𝗔𝗣𝗣𝗘𝗧𝗜𝗦𝗘𝗥𝗦 >
•Bluefin Tuna, Seared Salmon with Maitake, Ikura kinome seaweed salad ($298)
藍鰭吞拿魚佐火炙三文魚伴舞茸🥗 啲料真係仲多過沙律菜🤭
*
< 𝗦𝗨𝗦𝗛𝗜 & 𝗦𝗔𝗦𝗛𝗜𝗠𝗜 >
•Scallop w/ Caviar & Rose Jelly Crystal Sushi ($78/2pcs)
•Bluefin Tuna w/ Japanese Dashi Crystal Sushi ($85/2pcs)
•Seared Engawa & Eel Maki with Wasabi Sauce ($85/2pcs)

招牌之作- 水晶壽司🍣💎 面層水晶啫喱加入了泡菜、柚子醋、薄荷及清酒等風味，無需額外點豉油就咁食😎 加左玫瑰花嘅帶子壽司，再加上魚子醬點綴，真係靚到唔捨得食！
*
< 𝗦𝗡𝗔𝗖𝗞 𝗕𝗘𝗡𝗧𝗢 >
•Squid tempura with garlic chili ($158)
•Prawn steamed egg custard with Ankake sauce ($85)
•Sesame spinach ($98)

超愛菠菜配芝麻醬，個醬自家磨製，真係濃到一個點🥹‼️ 
*
< 𝗥𝗢𝗕𝗔𝗧𝗔𝗬𝗔𝗞𝗜 𝗦𝗞𝗘𝗪𝗘𝗥 >
•Wagyu Beef Sirloin 
*
< 𝗛𝗢𝗧 𝗗𝗜𝗦𝗛 >
•Grilled black cod marinated with Saikyo Miso ($328)
•Pan fried beef tenderloin with creamy mustard sauce ($388)

大推銀鱈魚西京燒🐟 第一次食咁厚身，完全係啖啖肉，嫩滑得嚟帶豐富油香！配上辣味蛋黃醬夠過癮❤️ 燒和牛西冷亦唔錯，芥末醬解膩一流！
*
< 𝗗𝗘𝗦𝗦𝗘𝗥𝗧 >
•Apple sorbet ($108)
*
< 𝗖𝗢𝗖𝗞𝗧𝗔𝗜𝗟𝗦 >
•Ringo Margarita 
•Yubari Sour
•Shiso Negroni

大館一向都係Happy Hour嘅好地方，所以依到下層亦有個Shiro Bar🍸 一系列加入日式元素嘅Cocktails，個人幾鐘意Shiso Negroni，以日本燒酌做Base，飲落紫蘇味突出！另外Yubari Sour帶陣陣蜜瓜與柚子嘅清新，非常容易入口🍈
-
白鮨 (大館) (中環)
中環荷李活道10號大館02座槍房地舖"
,鋿晶館,上環,中菜,100-200,大班聚會,古法蝦子扒柚皮、香芒貴妃大蝦球,https://www.instagram.com/p/DXY6DlHhnCn/,DXY6DlHhnCn,,"🥢古法蝦子柚皮! 上環街坊手工粤菜✨
-
地區分類：#fca_上環
-
每次搭叮叮都會經過依間餐廳，估唔到平日夜晚去竟然咁多人😱‼️ 朝早主打即蒸點心，夜晚就有唔同海鮮/家常小菜，今次就同屋企人叫餸食飯～
-
•古法蝦子扒柚皮 ($128)
•香芒貴妃大蝦球 ($138)
•回彊大汗欖角醬燒骨 ($128)
•龍蝦湯瑤柱燴海皇羹 ($168)
•馬拉盞蝦乾啫啫時蔬煲 ($108)

傳統懷舊粵菜蝦子柚皮‼️ 因為工序繁複，所以而家越嚟越難搵到～ 首先柚皮要浸泡兩晚，期間要重複三至四次汆水，以消去苦澀味，最後用上湯慢燜，加入蝦子醬油汁就食得！柚皮食落軟腍香滑，蝦子味感覺可以再出啲🙂‍↕️
另外個人都幾鍾意香芒大蝦球🥭 外層炸香過，沾上香芒沙律醬，味道酸酸甜甜幾開胃！最重要係蝦球大大粒好爽彈～龍蝦湯瑤柱燴海皇羹亦係足料到嚇親人😂❤️
-
鋿晶館 (上環)
上環德輔道中287-291號地舖"
,鳥鑫,尖沙咀,日本料理,,大班聚會,平原雞提燈、牛舌、免治雞肉棒、煙燻鹿兒島豬腩,https://www.instagram.com/p/DWOPgrCBYy-/,DWOPgrCBYy-,,"🐓爆漿3卵提燈! 激罕部位の燒烏店🔥
-
地區分類：#fca_尖沙咀 
-
本身以為開喺藍馬商業大廈伏伏地，但最後竟然變成最愛嘅燒鳥店之一😂❤️ 樓上舖，平日照舊爆場真係有啲料到，淨係燒鳥已經有25+選擇，可以話係全港最齊全之一，有唔少大家想像唔到嘅罕有部位，最正嘅係好難搵到嘅提燈都食到，仲要係三卵爆漿，正到叫左兩串～
6點後生啤買二送一+720ml清酒買一送一🍻 🍶9點後全酒精飲品買一送一😱🔥 同一班朋友嚟就最好不過～
-
< 前菜 >
•鱈魚乾 ($48)
•雞油渣炒枝豆 ($68)
*
< 燒鳥 >
•雞頸肉 ($36)
•雞尾 ($38)
•雞冠 ($38)
•雞蠔肉 ($58)
•雞腎 ($38)
•黃油雞腸 ($38)
•平原雞提燈 ($88)
•雞橫隔肌 ($42)
•免治雞肉棒 ($66)
•鵪鶉腿 ($68)

單單淨係鳥串燒都有25+選擇，可以話係香港數一數二齊全‼️ 罕有部位，例如提燈、雞冠、橫隔肌、甲狀腺、雞掌心，雞下腮都輕鬆食到😎 個人大推一口爆漿提燈，真係好少地方食到，仲要多卵真係開心死！橫隔肌比想像中Q彈，燒得亦非常嫩口～
免治雞肉棒自家製，每一啖都食到軟骨嘅爽脆感，仲有紫蘇點綴，很高質呢❤️
*
< 其他 >
•牛舌 ($68)
•煙燻鹿兒島豬腩 ($138)
•白鱔 ($68)

每次必點牛舌，口感非常爽嫩，最重要夠厚身！下酒必試- 煙燻鹿兒島豬腩🐖 味道有點似煙肉，充滿煙燻香味，而且油香十足!!!
白鱔燒至外皮焦脆，肉質結實，係比想像中多骨，食嘅時候要小心啲🫢
*
< 食事 >
•沖繩苦瓜炒蛋 ($88)
•雞白湯拉麵 ($78)

都係個句，做得燒鳥有大量剩餘雞殼，做出嚟嘅雞白湯一定唔會差得去邊😌 夜麻麻食碗拉麵咁先係享受🍜🐓
-
鳥鑫 (尖沙咀)
尖沙咀厚福街12-12A號藍馬商業大廈21樓"
,EaT燒肉,沙田,日本料理,48-178,打卡必到,牛五花燒肉套餐、宮崎A5和牛、安格斯Prime Grade肩胛牛柳·日本黑豚肩·薄牛舌火鍋套餐,https://www.instagram.com/p/DWbbfQWhs_W/,DWbbfQWhs_W,,"🛸低至$48?! 外星飛船直送の一人燒肉店🔥
-
地區分類：#fca_沙田
-
完全冇諗過依家仲可以用$48嘅價錢食到一人燒肉套餐?!?!😱 以後就算糧尾同朋友gathering都唔使就住就住！依家一人燒肉店主打性價比MAX嘅日式燒肉+火鍋，$48食牛五花燒肉套餐 (已包含白飯、湯、泡菜)，就算豪少少食宮崎A5和牛都$200有找😎 加上用外星飛船直接送到你面前，儀式感加上依個價錢，完全冇投訴🤭
-
•安格斯Prime Grade肩胛牛柳·日本黑豚肩·薄牛舌火鍋套餐 ($148/300G)

•宮崎A5和牛(肩胛肉眼心、上等牛肩胛、肩胛腋板) ($178)
-
EaT燒肉 (沙田)
沙田大涌橋路20-30號河畔花園地下19-20號舖

(另設將軍澳分店)"
,Giá Trattoria Italiana,灣仔,西式,400-800,拍拖約會,Italian T-Bone Steak、手卷黑松露意粉、肉醬手工意粉、手工Cold Cuts拼盤 (Coppa di testa),https://www.instagram.com/p/DWV-c_SB6jY/,DWV-c_SB6jY,,"🇮🇹首富私廚坐鎮! 正宗意大利家庭風味餐館🍷
-
地區分類：#fca_灣仔
-
一間可以係香港屹立11年嘅意大利餐廳，唔洗問一定有啲料到🔥 由曾任意大利首富私人廚師Gianni Caprioli 主理 (依家先知屋企附近嘅意大利超市Meecato都係佢品牌旗下!🤣) 餐廳行正宗意大利家庭風味，除左有出邊少見嘅意大利Cold Cuts、手工意粉、就連薄餅都係用上意大利水+意大利酵母+意大利麵粉製作而成✨ 單單係材料選用上已經睇得出夠晒有執着～
-
< 𝗔𝗡𝗧𝗜𝗣𝗔𝗦𝗧𝗜 >
•Mixed Platter of Cold Cuts ($258)
•Roman Style Beef Tripe ($158)

一共5款手工Cold Cuts選擇，最正係揀Platter可以一次過試勻三款/五款！個人幾鐘意第一次試嘅Coppa di testa，由豬頭肉、豬舌、豬耳和豬皮製成，慢煮後冷壓切片，肉香濃郁帶油香❤️🥰 
羅馬燉牛肚軟腍得嚟帶薄荷嘅清香～
*
< 𝗣𝗔𝗦𝗧𝗔 >
•Hand Twisted Pasta w/ Parma Ham, Mushroom & Black Truffle ($228)
•Tagliatelle w/ Veal, Pork & Beef Ragu ($208)

一系列手工意粉真係超幸福😭✨ 手卷黑松露意粉，口感QQ的，帶巴馬火腿嘅鹹香；肉醬手工意粉醬汁因為加入了意大利牛仔肉+意大利豬肉腸+牛下肩眼肉熬製2小時而成，所以係非常香濃!!! 最正係芝士任刨唔嬲，啱晒芝士控🧀🤭
*
< 𝗦𝗘𝗖𝗢𝗡𝗗𝗜 >
•Italian T-Bone Steak ($998/~1.2KG)^

超巨型嘅T骨牛扒🐂 真係要餐廳先可以做到咁粉嫩而且肉味濃郁，簡單以海鹽及橄欖油調味已經好夠！
^由即日起至3月31日期間，逢星期一至星期四晚市 (6pm 後) ，每晚首 5 位成功預訂的客人，即可以優惠價 $998 享用原價價值 $1,298 的 1.2KG T骨牛扒‼️ (每晚限定 5 份，必須致電餐廳)
*
< 𝗗𝗢𝗟𝗖𝗜 >
•Orange Creme Brûlée ($118)
•Homemade Tiramisu ($108)

法式焦糖燉蛋有陣陣橙味成件事light咗唔少🍊自家製提拉米蘇反而不太對口味呢😂
-
Giá Trattoria Italiana (灣仔)
灣仔港灣道6-8號瑞安中心1樓111-113號舖"
,BACI Trattoria · Bar,中環,西式,443,大班聚會,PIZZA ISOLA、脆香松露薯條、芝士焗龍蝦,https://www.instagram.com/p/DWTtMf-BBwE/,DWTtMf-BBwE,,"🔥任食意式前菜! 全港第2拿坡里薄餅店🔥
-
地區分類：#fca_中環 
-
‼️ 留言「🍕」DM你! 全港第二薄餅店半任食Menu訂位連結!!!!

竟然俾我發現最愛嘅拿坡里薄餅店，推出咗半任食晚市Menu😭❤️ 佢哋連續5年攞Top 50 Pizza 香港第二名真心勁，喺香港食過咁多間，依間係個人Top 1~ 平時一個薄餅都要二百幾，依家加多少少錢可以任食多款前菜 (平時都要$1xx-2xx一份)，仲要送埋焗龍蝦，咁抵玩唔試真係對唔住自己🤣
‼️長假期復活節都有優惠‼️
-
🍷意式嚐味半自助晚宴 (優惠折後$442.8/位 已連加一!)*
* 兩小時無限暢飲 (+$208/位)
(DEAR ROSE 雞尾酒/ HOUSE WINE / HOUSE SPIRITS / BOTTLED BEER / PROSECCO / SOFT DRINK)
-
< 任食前菜 𝗔𝗡𝗧𝗜𝗣𝗔𝗦𝗧𝗜 >
•巴馬火腿配哈密瓜、意大利黑醋
•火箭菜沙律
•番茄水牛芝士沙律
•意式番茄烤麵包
•脆香松露薯條
•香烤魷魚圈
•水牛城雞翼
•意式肉丸

仲送每位一客 芝士焗龍蝦 誠意滿滿❤️

8款前菜任食，一向去Baci飲酒都必點佢哋嘅脆香松露薯條，炸得超香脆而且薯條本身已經有松露味，加埋松露蛋黃醬，香松露味MAX🔥 另外巴馬火腿、香烤魷魚圈、水牛城雞翼、意式肉丸亦可以無限Encore，事關平時單點都要百零二百蚊一份😎
*
< 主菜 𝗠𝗔𝗜𝗡 𝗖𝗢𝗨𝗥𝗦𝗘 >
•PIZZA ISOLA
•PIZZA PEPPERONI

嚟到依到諗都唔使諗一定係叫Pizza🫡 即叫即焗，正宗拿坡里風味～ 經過24小時發酵，以400-480°C窯爐烘烤60-90秒，批邊帶空氣感，中心薄身濕潤！推薦Isola🔥 加了莎樂美腸、酥脆培根、辣味蜂蜜 以及薩拉米香腸片，走甜辣風，好過癮！(主菜另外仲有意粉/牛扒選擇)
-
BACI Trattoria · Bar (中環) @bacihk
中環蘭桂坊德己立街30-32號加州大廈地舖"
,豬手小姐,尖沙咀,韓國菜,200-400,大班聚會,招牌蒜蓉豬手、辣炒豬腸,https://www.instagram.com/p/DXEoT_BBI_Z/,DXEoT_BBI_Z,,"🐖招牌蒜泥瀑布! 韓國過江龍豬手店🇰🇷
-
地區分類：#fca_尖沙咀 
-
韓國街最近經過都幾冷清，但依間平日照舊爆滿🔥 終於有機會朝朝依間韓國過江龍豬手店，之前去韓國都特登去食，開業初期更要等兩個鐘🫢 
-
•招牌蒜蓉豬手 ($400/M Size)
•辣炒豬腸 ($228)
•一根人蔘雞湯 ($120)

每枱一份豬手是常識吧🤫 但真心一定要食蒜蓉豬手，海量蒜蓉，但香而不攻鼻；豬手亦多入口，口感Q彈，滿滿骨膠原感！最正嘅係附送一大盆沙律菜以及韓式小菜，啱哂一班朋友Share✨ 另外今次發掘出隱藏MVP 辣炒豬腸!!! 鐵板夠哂熱辣辣，食落香辣惹味，送返杯韓國米酒就最好不過！
-
豬手小姐 (尖沙咀)
尖沙咀金巴利道77號地舖"
,大灣咖啡廳,紅磡,自助餐,664-754,大班聚會,海鮮拼盤、紅燒花膠伴蝦籽麵、螺頭瑤柱燉雞湯、意式Gelato,https://www.instagram.com/p/DW_esXHhRJ5/,DW_esXHhRJ5,,"🌊五重海鮮拼盤! 嘉里酒店海鮮自助餐2.0🦀
-
地區分類：#fca_紅磡
-
大家最愛嘅「海洋珍饈盛宴」自助晚餐升級回歸，逾40款精選海鮮佳餚，帝王蟹腳、三文魚籽、花膠、龍蝦及各式矜貴海鮮美饌一應俱全～ 逢星期五至日及公眾假期惠顧，可以升級版海鮮拼盤外，特別仲有龍蝦、帶子刺身 以及無限暢飲指定紅白酒、啤酒😱‼️

4月18、19、25及 26日四個晚上會有現場即劏原條藍鰭吞拿魚表演喔🐟
-
🌊 「海洋珍饈盛宴」自助晚餐
日期: 即日起至5月31日�時間: 下午6時至下午9時30分�價目: 
✨星期一至星期四 - 8折後平均每位HKD$664 (已包加一)�✨ 星期五至星期日 - 8折後平均每位HKD$754 (已包加一)
-
< 海鮮/刺身自助區 >
•豐盛海鮮拼盤 (每枱一份)
•長腳蟹
•龍蝦
•蜆/翡翠螺/凍蝦
•三文魚子/紅蝦/帶子/油甘魚/三文魚/八爪魚吞拿魚

全晚MVP- 海鮮拼盤🔥 集齊日本皇帝蟹腳、本地凍三點蟹、韓國扇貝、韓國青口及韓國莞島鮑魚 (週末款式) 日本蟹腳超級粗身厚肉，啖啖肉好滿足🦀 韓國莞島鮑魚口感Q彈，幾鐘意配上鮑肝醬～ 刺身建議可以主攻三文魚子+紅蝦+帶子，紅蝦夠爽甜～
*
< 焦點熱葷菜式 >
•紅燒花膠伴蝦籽麵
•馬頭立鱔燒
•螺頭瑤柱燉雞湯
•四川口水鮮魷
•海鮮豆乳熱石鍋
•蒜蓉粉絲蒸扇貝
•花雕雞油蒸原條海鱸魚
•薑蔥炒龍蝦鉗
•冬陰公煮青口

一系列新菜式，有即製紅燒花膠伴蝦籽麵，花膠大大塊唔會孤寒🥰 原條馬頭立鱔燒都係第一次見，放耐左外皮都係脆脆的！螺頭瑤柱燉雞湯夠足料，原汁原味！當日復活節假期，仲有超可愛的雞仔咖哩雞包飯🍛 🐣
*
<甜品區>
•意式Gelato 
•多款小甜品
•即製雞蛋仔
•即製法式班戟

一共8款口味Gelato，最正係有雪葩解一解膩🤣 一如既往超多小甜品選擇，因為復活節又多咗朱古力復活蛋裝飾❤️
-
大灣咖啡廳 (紅磡)
紅磡紅鸞道38號香港嘉里酒店3樓

@kerryhotelhk  #海鮮自助餐 #大灣咖啡廳 #BigBayCafe #KerryHotelHK"
,吱喳小館,尖沙咀,中菜,680,拍拖約會,熟成燒乳鴿、雞肝醬配蔥油包、墨紅玫瑰奶油醬與覆盆子,https://www.instagram.com/p/DWwIyFGh-Bx/,DWwIyFGh-Bx,,"🥢火速打入米芝蓮推介! 新開雲南風味小館✨
- 
地區分類：#fca_尖沙咀 
- 
由米芝運2星Tate Dining Room以及米芝運1星Mora 主廚 Vicky Lau主理，主打雲南風味新派菜式✨ 年尾新開已經火速打入2026米芝蓮推介🔥 不少菜式特意用上雲南食材，包括乳扇芝士、蝦酸汁、雲南墨紅玫瑰 以及醜蘋果等，水準服務拍得住米芝蓮級數，咁嘅價錢絕對值得體驗一下❤️
-
🥢五道菜 𝟓-𝐂𝐨𝐮𝐫𝐬𝐞 𝐌𝐞𝐧𝐮 ($680/pp)
-
吱喳酸腌菜
醃漬士多啤梨｜樹蕃茄·羅馬番茄｜白玉淮山
*
< 𝗔𝗣𝗣𝗘𝗧𝗜𝗭𝗘𝗥 >
•雞肝醬配蔥油包
•乳餅配蕃茄茴香花粉春卷
•景頗鬼雞

超愛他們的雞肝醬，質感絲滑濃厚，以香蔥以及炸蔥頭作點綴，配上蔥油包，好邪惡🤣 雲南乳扇芝士春卷，炸得好有空氣感，加上蕃茄 & 茴香花粉，很Balance✨
*
< 𝗦𝗢𝗨𝗣 >
•菇菌雞清湯配栗子
/
•雲南粟米湯配燒青尖椒
*
•韭菜菌彩小炒皇
正所謂食個小炒皇，就知道間餐廳水準去到邊😎 依到特別用上雞㙡菌，加上魷魚乾、小銀魚、蝦乾等，海鮮嘅鮮味突出，加上自家製辣油，加左唔少分！
*
< 𝗠𝗔𝗜𝗡 𝗖𝗢𝗨𝗥𝗦𝗘 >
•熟成燒乳鴿配香茅蘸水及乳鴿汁
/
•蒸真鯛配雲南蝦酸汁

大推炭燒熟成燒乳鴿‼️ 超粉嫩，拍得住米芝蓮星級水準～ 配上一旁的香茅醬，增加不少風味！
*
< 𝗥𝗜𝗖𝗘 & 𝗡𝗢𝗢𝗗𝗟𝗘𝗦 >
•脆哨野蔥炒飯
/
•大酥牛肉麵

炒飯用上羊脂米，以豬油、雲南火腿、洋蔥炒香，油香撲鼻，飯粒煙韌；牛肉麵都唔惹少，麵團每日手拉，食得出彈牙的口感，牛肉麵亦夠哂鮮🥢✨
*
< 𝗗𝗘𝗦𝗦𝗘𝗥𝗧 >
•墨紅玫瑰奶油醬與覆盆子 (+$98)
/
•小銀耳醜蘋果巴伐露 (+$98)

必點雲南墨紅玫瑰脆脆，靈感來自於拿破崙，中間的玫瑰奶油輕盈得嚟好香🌹 完全冇假假的香精味！配上酸甜覆盆子，Perfect match!!! 
-
吱喳小館 (尖沙咀)
尖沙咀中間道11號金普頓酒店15樓"
,港畔餐廳,尖沙咀,自助餐,475-1098,打卡必到,即煮新鮮龍蝦、花雕南瓜浸鴨肝、香芋戚風蛋糕、提拉米蘇、自家製雪糕配即製Crepe,https://www.instagram.com/p/DZKNiHEBj0i/,DZKNiHEBj0i,,"✨最強甜品區! 麗晶酒店4小時自助晚餐🍴
-
地區分類：#fca_尖沙咀
-
‼️ 留言「🔥」DM你獨家八折訂位攻略!!!!

全港最貴的自助餐之一！由開業到依家都keep住超高人氣，就連平日Lunch時段都爆場🔥 依家平日午市自助餐低至75折，折後$475/位，絕對值得入手！夜晚嚟嘅話加埋個海景，真係加晒分✨ 整體有唔少回本菜式，個甜品區亦係食過咁多間自助餐裏面最正!!! 
-
🍴 𝐒𝐮𝐧𝐝𝐚𝐲 - 𝐓𝐡𝐮𝐫𝐬𝐝𝐚𝐲 𝐁𝐮𝐟𝐟𝐞𝐭 𝐃𝐢𝐧𝐧𝐞𝐫*
*獨家網上8折 (原價$1098/位 —> $899/位)
🍶 Seasonal Sake Free Flow (+$298/位)
暢飲三粒米/山之霞/澤乃井
-
< 海鮮/刺身區 >
•即煮新鮮龍蝦
•麵包蟹
•鱈場蟹腳/青口/凍蝦
•任食三文魚子
•拖羅/帶子/吞拿魚/三文魚/油甘魚/甜蝦

重點話一定係煮新鮮龍蝦🦞 真係食到夠新鮮，連龍蝦鉗嘅肉都幫你剝埋出嚟～ 另外除咗麵包蟹同大家最愛嘅蟹腳，可以主攻任食三文魚子 + 拖羅 (但當日質素個人覺得一般)
*
< 熟食區 >
•花膠海參燴雙菇
•花膠蟹肉燉蛋白
•即切烤西冷/烤羊架
•片皮鴨
•蕃茄巴馬火腿火箭菜薄餅
•花雕南瓜浸鴨肝
•鵝掌/鮑魚

熱葷款式偏少，但質素都唔錯，而且鮑魚、花膠、海參、鵝掌樣樣齊🤤 推介必試花雕南瓜浸鴨肝，裏面係超級嫩，帶陣陣花雕香
*
< 甜品區 >
•自家製雪糕
•鳳梨酥
•港式鴛鴦歌劇院蛋糕
•反烤香橙蛋糕
•香芋戚風蛋糕
•提拉米蘇
•紐約芝士蛋糕
•南瓜批
•芒果鮮果撻

我稱依度嘅甜品區為全港最強!!! 超多款酒店級原個蛋糕😍 每一款都好高質，Tiramisù完全係意大利餐廳質素，好香滑，而且咖啡味香濃！個人最愛香芋戚風蛋糕，口感鬆軟，而且香芋味唔會假！
雪糕亦係自家製，當日有成8款口味，包括蜜餞開心果、椰子、雲呢拿、冷萃咖啡、70%黑朱古力、港式奶茶、熱情果雪葩 & 士多啤梨雪葩✨ 細細球試晒所有味冇難度🍨❤️ 配埋即製Crepe一齊食冇得輸！
-
港畔餐廳 (尖沙咀)
尖沙咀梳士巴利道18號香港�"
,Chouchou,灣仔,西式,400-800,拍拖約會,原隻乾式熟成烤鴨、自家製薯蓉、蘑菇酥皮撻、反烤蘋果撻,https://www.instagram.com/p/DVV6FGFk9s5/,DVV6FGFk9s5,,"✨招牌原隻熟成烤鴨! 新開休閒法式餐館🇫🇷
-
地區分類：#fca_灣仔
-
灣仔真係多咗好多新開又高質嘅餐廳😭❤️ 最近依家一月先新開，係新派法菜Babette嘅姊妹店，但依間就主打一系列經典法國菜🍴但感覺就會比一般嘅法國餐廳更加casual同Relax~ 整體菜式都超有水準，推介大家一定要試佢哋嘅熟成烤鴨，加埋個自家薯蓉真係絲滑到一個點😎
-
< 𝗦𝘁𝗮𝗿𝘁𝗲𝗿𝘀 >
•Polmard Beef Tartare ($208)
•Puff Pastry Tart, Bechamel Sauce, Confit
Shallot, Sautéed Mushrooms ($168)

非常經典的法式牛肉他他🍴最重要係用上法國Polmard Beef ，被譽為「世界最貴牛肉」，食得出嘅鮮嫩感❤️ 調味加入了Gribiche 蛋黃醬、小酸黃瓜、香蔥等～ 另外蘑菇酥皮撻亦大推🥹‼️ 酥香嘅酥皮撻包住滿滿炒香過嘅蘑菇，以法式奶油醬作點綴～
*
< 𝗧𝗼 𝗦𝗵𝗮𝗿𝗲 >
•Whole Dry Aged Duck Roasted with Orange & Soices Gaze ($788)

招牌原隻乾式熟成烤鴨✨ 面層灑上唔少香料，例如小茴香再拎去香烤，以香橙Sauce配搭軟嫩嘅鴨肉就最好不過！份量足夠2-4人Share喔🙆🏻‍♀️
*
< 𝗦𝗶𝗱𝗲𝘀 >
•Homemade Mash Potato ($98)
•Seasonal Vegetables ($78)

自家製薯蓉真心高質到一個點，Texture可以用絲滑嚟形容😭‼️ 食落好香奶油味～ 係肥仔，但好食嘅冇得驚咁多!!!
*
< 𝗗𝗲𝘀𝘀𝗲𝗿𝘁𝘀 >
•Crème Caramel ($108)
•Tarte Tatin ($128)

法式甜品最愛，反烤蘋果撻🍎 蘋果焦糖化做得幾好，仲要砌到成朵花咁好有心機！下層係酥脆嘅酥皮底，加上香滑雲呢拿雪糕，Classic得嚟冇得輸！其實佢哋嘅焦糖吉士布丁都好唔錯，口感香滑帶陣陣蛋香，裏面仲見到唔少雲呢拿籽🥰🍮
-
Chouchou (灣仔)
灣仔莊士敦道60號J Residence 1樓8號舖"
,聆渢咖啡廳,屯門,西式,296,打卡必到,原隻照燒魷魚、燒羊架、燒菠蘿、鮑汁花膠炆海參、蜜汁焗黑毛豬叉燒,https://www.instagram.com/p/DVx7YVck4EE/,DVx7YVck4EE,,"🌊入住2日1夜! $296嘆炭燒海鮮自助晚餐☀️
-
地區分類：#fca_屯門 
-
‼️ 留言「❤️」DM 你自助餐買一送二訂位連結!!!!

人生第一次入住被譽為香港度假天堂- 黃金海岸酒，估唔到可以咁低玩喎🤭 見到最近Buffet做緊3折優惠/買一送二，自助午餐低至$164/位，自助晚餐低至$296/位😱🔥 仲要有一系列出面少有嘅炭燒海鮮食～ 酒店房亦有露台飽覽碼頭海景夠哂Chill，成個Staycation都係人均七百左右，真係隨時抵過返深圳！
-
🌊 海鮮巡禮自助晚餐 
‼️ 【3月感謝祭限定｜3折】平日自助晚餐 （適用於週一至週五） (折後$296/位)
‼️【買一送二】一位成人以正價惠顧自助餐，同行一位成人及一位小童可免費用膳 (折後$930/3位)
-
< 戶外炭烤區 >
•原隻照燒魷魚
•鹽燒白鱔
•牛油蒜香扇貝
•原條秋刀魚
•燒雞翼
•燒羊架
•燒大蝦
•燒菠蘿/燒香腸

佢哋嘅戶外炭燒絕對係重頭戲，冇乜幾間酒店做到🤭 其實所有嘢都必食咁滯，但都私心推介燒魷魚 (配泰式辣醬超級正)、燒雞翼、羊架、仲有食咗成六件嘅燒菠蘿🤣🍍 燒香腸送啤酒都好正！
*
< 凍海鮮/刺身 >
•凍蝦/蜆/蟹腳/海螺/青口
•三文魚/鯛魚/甜蝦/希靈魚/馬刀貝

Basic嘅凍海鮮都有，全部都正常發揮啦～
*
< 焦點熱葷 >
•法式焗龍蝦 (每人一份)
•鮑汁花膠炆海參
•姬松茸赤肉燉竹絲
•蜜汁焗黑毛豬叉燒
•即切燒牛肉
•辣炒龍蝦鉗

雖然冇龍蝦，但有每人一份法式焗龍蝦🦞 肉質有啲硬所以其實食唔食都無所謂😂 任食鮑汁花膠炆海參幾抵讚！推薦蜜汁焗黑毛豬叉燒，肉質鬆化，意外地高質！
-
聆渢咖啡廳 (屯門)
屯門青山公路 - 青山灣段1號香港黃金海岸酒店低層地舖"
,火蓮花日本餐廳,沙田,日本料理,400-800,拍拖約會,龍蝦活貝盛合、海幸龍珠卷、火蓮三層脆、厚切牛舌,https://www.instagram.com/p/DVvV8d8k_cy/,DVvV8d8k_cy,,"🦞席前の浜燒! 新開高空河景日本菜🥢
-
地區分類：#fca_沙田
-
一邊望住個河景，一邊有專人幫你席前即燒海鮮會唔會太幸福?!🥹❤️ 最近帝逸酒店頂層新開左間日本餐廳，集齊創意日本料理/浜燒/洋食/中華料理於一身！空間感十足，落地玻璃仲可以飽覽沙田城門河河景✨ 最重要係可以慢慢坐，而且坐得夠舒服，大家去開沙田又多咗個日本菜選擇啦～
-
•海幸龍珠卷 $298
•辛辣吞拿魚蓉多士 $128
•火蓮三層脆 $208
•花火杯 $168

係到竟然揾到龍珠卷，上面鋪上三文魚籽 & 海膽，加上金薄，奢華感十足✨ 火蓮三層脆就係大大片海膽加上吞拿魚蓉以及紫菜天婦羅，咁嘅組合真係冇得輸🤭 
*
•龍蝦活貝盛合 ($628)
席前浜焼一定要試，專人幫手燒，一路燒一路聞到超級香🥹‼️ 一次過食匀波士頓龍蝦、扇貝、蠔、鑽石蜆 以及鮑魚咁多靚海鮮～ 
*
•壽司盛盒 ($538/10件)
•厚切牛舌($128)

有成個壽司吧當然要食壽司啦🍣 一次過食匀10件壽司，最正係有海膽、拖羅 & 小肌!!! 厚切牛舌真係最爽嫩嘅位置，油香充足，值得點！
-
火蓮花日本餐廳 (沙田)
沙田源康街1號帝逸酒店28樓"
,Roru Baru,灣仔,日本料理,200-300,打卡必到,紅蝦手卷、龍蝦炸彈手卷、薯仔沙律,https://www.instagram.com/p/DVf6HJPEw4A/,DVf6HJPEw4A,,"🏮熟成鯛魚手卷! 新開席前美式手卷✨
-
地區分類：#fca_灣仔
-
食飯食到好似伸手黨咁🤣? 依間係灣仔新開嘅新派手卷店，出面望真係勁似酒吧～ 店內主打一系列Fusion 手卷店，4-ROLL SET低至$218！最正係有酒飲，成個Vibe夠Chill，快食抑或就算自己一個人嚟食都唔錯！
-
薯仔沙律 ($78)
葱花吞拿魚蓉 ($58)

薯仔沙律就是日本吃到的味道‼️ 加左超多蟹籽咁先食得過癮～
*
帆立貝手卷｜梅子醬
紅蝦手卷｜紫蘇莎莎醬
三文魚手卷｜芥末牛油果醬
龍蝦炸彈手卷｜牛油果｜天婦羅脆脆
熟成鯛魚手卷｜芝麻油｜紫蘇葉
玉子燒手卷｜黑芝麻醬｜青瓜

6款手卷個人最愛紅蝦手卷❤️ 紅蝦結實爽甜，配上酸甜開胃嘅紫蘇莎莎醬，很Match!!! 龍蝦炸彈手卷也很不錯，龍蝦醬加上牛油果以及天婦羅脆脆，增加唔少口感～ 每個Set都有嘅玉子燒，搭配黑芝麻醬又幾過癮！唯一問題係三文魚配的芥末牛油果醬有點偏酸了，整個感覺怪怪的😂
-
Roru Baru (灣仔)
灣仔皇后大道東100號地舖"
,華御結,,日本料理,20-50,打卡必到,柱侯牛腩煲風味御結、麻辣雞煲風味御結、黑芝麻牛奶慕斯杯、竹炭椰子意式奶凍,https://www.instagram.com/p/DVu02OMEwbI/,DVu02OMEwbI,,"🐼 港川風味御結! 華御結大熊貓新品 🍙
-
唔使去海洋公園都見到家姐細佬？原來係華御結首度聯乘海洋公園Panda Friends，由即日至4月8日，除左有新推「港川風味」御結+大熊貓造型黑白甜品🖤🤍 
仲有3款限量聯乘精品(暫時已售罄，現接受預購，預訂日期至3月20日)，包括加加 & 得得毛絨散紙包匙扣 (+$48) 以及得得造型御結保溫袋 (+$38)，買完御結放入面拎住出街真係可愛到暈🥹❤️ 忍唔住一次過換晒三個返屋企！
-
[御結] 柱侯牛腩煲風味 ($22)
[御結] 麻辣雞煲風味 ($20)
[御結] 爆炒肉碎 ($18)
黑芝麻牛奶慕斯杯 ($18)
竹炭椰子意式奶凍 ($18)
-
📍 全線華御結分店有售

#華御結 #hanamusubi #hkoceanpark #PandaFriends #港川風味 華御結xPandaFriends聯乘系列"
,cafe TOO,金鐘,自助餐,405-650,大班聚會,蒸龍蝦、大澳漁鄉花蟹籠仔飯、大澳馬友花膠蒸肉餅、鐵板鴨肝黑椒和牛,https://www.instagram.com/p/DVn7nrsEwxE/,DVn7nrsEwxE,,"🇭🇰最強海鮮陣容! 30秒睇大澳風味自助餐🐟
-
地區分類：#fca_金鐘 
-
‼️ 留言「❤️」DM你買二送一訂位連結!!!!

食過咁多間自助餐，位於港島香格里拉 @islandshangrila 嘅自助餐廳 cafe TOO，海鮮陣容絕對係數一數二，淨係任食新鮮蒸龍蝦已經贏左😎 最近三月以大澳漁鄉風味為主題，推出一系列經典大澳菜式，人均$650起食大澳漁鄉花蟹籠仔飯，馬友蒸肉餅等大澳風味菜！
-
「大澳漁鄉風味」自助晚餐*
* 即日起至 2026年 3 月 31 日
* 【買2送1】自助午餐 | $1,214起/3位，人均$405起
* 【買2送1】自助晚餐 | $1,950起/3位，人均$650起
-
< 環球海鮮/刺身 >
•蒸龍蝦
•雪蟹腳
•鮑魚
•琵琶蝦
•麵包蟹
•三點蟹
•三文魚子/吞拿魚腩/油甘魚/希靈魚/三文魚/甜蝦

一大賣點一定係任食蒸龍蝦🦞 比凍龍蝦更能食到鮮味！另外，一如既往都係比其他酒店更多海鮮選擇，連鮑魚、琵琶蝦、麵包蟹 & 三點蟹都有!!! 三文魚子任加唔嬲🤭 絕對係海鮮控嘅天堂~
*
< 經典大澳菜式 >
•大澳漁鄉花蟹籠仔飯
•大澳馬友花膠蒸肉餅
•鹹湯丸
•懷舊金磚蜆肉醬炒時蔬
•滷水墨魚
•椒鹽瀨尿蝦
•黃酒蒸海鱸魚
•黃金沙翁

一系列大澳漁村風味菜式🤤 花蟹籠仔飯必試，蟹嘅鮮味完美滲入飯粒內🦀 馬友花膠蒸肉餅亦係送飯一流！黃酒蒸海鱸魚超鮮嫩，帶陣陣酒香🐟
*
< 熱葷 >
•鐵板鴨肝黑椒和牛
•辣酒煮螺
•川醬炒海鮮
•烤牛肋扒/烤羊架
•枝竹羊腩煲
•佛跳牆燉湯

其他熱葷也很高質，今次多左鐵板鴨肝黑椒和牛，整個組合冇得輸🤫❤️ 烤牛肋扒夠粉嫩；燉湯竟然係超足料嘅佛跳牆
-
cafe TOO (金鐘)
金鐘金鐘道88號太古廣場港島香格里拉7樓"
,Tori Mama,西環,日本料理,100-200,深夜食堂,燒慢煮雞腿肉配豬叉燒雞白湯拉麵,https://www.instagram.com/p/DVavHG_kTx7/,DVavHG_kTx7,,"🐓三黃雞串燒! 濃厚の雞白湯拉麵小店🍜
-
地區分類：#fca_西環 
-
估唔到一間小店都可以煲出咁濃厚嘅奶白色雞白湯，完全拍得住出名嘅拉麵店！唔係朋友介紹，都唔知原來依條巷仔收埋咗間串燒拉麵店🏮 主打用上三黃雞，拎嚟熬煮雞白湯底之外，仲有一系列罕有部位串燒！整體質素幾有驚喜，食完立刻打入二訪名單🤭
-
•燒慢煮雞腿肉配豬叉燒雞白湯拉麵 ($98)
大推燒慢煮雞腿肉雞白湯拉麵✨ 個湯底用壓力煲熬煮三小時(普通煲需要熬12小時喔🤫)，不放任何忌廉/奶都以煮到Creamy嘅奶白色!!! 飲落順滑濃厚，係真材實料嘅味道～ 雞腿肉經過慢煮亦非常嫩口；溏心蛋亦係完美流心效果❤️ 麵條軟硬適中，見到小麥粒。整體依碗拉麵我比幾高分。

•海鮮雞白湯拉麵 ($98)
依款嘅拉麵用上雞白湯做Base，再加入大地魚同櫻花蝦熬製，所以飲落會多左份海鮮嘅鮮味，同拉麵裏面嘅蜆肉以及生蠔更Match🦪
*
•樁亦精釀- 控糖系列 ($35)
•Orion零糖質啤酒 ($28)

店內嘅啤酒亦很花心思，喺出邊比較少見嘅健康派啤酒😛🍻 有零糖質、控糖、降酸選擇！想食拉麵嘅時候配返杯啤酒都冇咁罪惡🥰
-
Tori Mama (西環)
西環石塘咀屈地街20號地舖"
,不倒翁中日火鍋料理,佐敦,火鍋,380,大班聚會,招牌鴛鴦鍋（秘製沙爹拼香茜皮蛋）、鎮店水餃皇、手打四寶丸,https://www.instagram.com/p/DVItisME7CT/,DVItisME7CT,,"‼️$3XX全包! 靚牛＋刺身+海鮮火鍋🔥
-
地區分類：#fca_佐敦
-
乜依家打邊爐咁抵玩?!😱🔥 人均$3xx全包，食埋游水海鮮+刺身+靚牛肉，連水餃 & 手打丸都係自家製~ 唔怪得啲人話出去打邊爐，依家仲平過自己屋企打🤣 連碗都唔洗自己洗～
-
🪭 極尚火鍋二人餐 ($380/位)*
*每位送竹庶水或酸梅湯1杯
*已包括加一服務費及醬料費
*星期五/六/日及公眾假期每位另加$30
-
•海鮮任選三款
•頂級雪花肥牛肉（細）
•日式魚生刺身拼盤 (每位6件)
•鎮店水餃皇（每位1隻）
•唐生菜（半份）
•手打四寶丸（半份）
•韭菜餃（每位1隻）
•生麵（1份）

8款火鍋湯底選擇，識玩一定叫招牌鴛鴦鍋(唔洗加錢)，香茜皮蛋拼秘製沙爹🤭 沙爹幾出色，夠濃而且下層全部都係花生碎!!! 

自選海鮮揀左生猛海蝦、南非鮮鮑魚以及紐西蘭蟶子皇，食得出新鮮貨✨ 另外仲有生割龍躉片、桶蠔 & 日本鮮元貝選擇。牛肉有油脂Support幾嫩口；刺身當日為吞拿魚、三文魚以及希靈魚，全部正常發揮🙂‍↕️ 個人最鍾意佢哋嘅水餃，真係足料超級大粒！手打丸都唔錯，墨魚丸超彈牙的～
-
不倒翁中日火鍋料理 (佐敦)
佐敦佐敦道23-29號新寶廣場2樓"
,Santorini Steakhouse by Panos SSP,灣仔,希臘菜,400-500,拍拖約會,干式熟成全血巧克力和牛、烤原隻魷魚、希臘式什錦蘸醬拼盤配Pita Bread,https://www.instagram.com/p/DVLS065E9eq/,DVLS065E9eq,,"🇬🇷新開希臘菜! 招牌熟成28日朱古力牛✨
-
地區分類：#fca_灣仔
-
最近灣仔都加入咗新餐廳嘅戰場，其中一間新開嘅係比較少有嘅希臘菜，由前米芝蓮希臘主廚坐鎮，主打一系列經典希臘菜外，竟然大玩自家熟成牛扒+魚鮮😱❤️ 4道菜Lunch Set都係$130起；Happy Hour $50飲紅白/雞尾酒，仲送Gyros小食🤩 餐廳仲有超多希臘酒選擇，出邊真係比較罕見～
-
🍷 𝐃𝐈𝐍𝐍𝐄𝐑 𝐒𝐄𝐓 𝐅𝐎𝐑 𝐓𝐖𝐎 ($888/2pp)*
*優惠價錢由即日起至3月31日
-
< 𝗦𝗧𝗔𝗥𝗧𝗘𝗥 >
•希臘式什錦蘸醬拼盤
•經典希臘鄉村沙律
•南瓜湯
•烤魷魚佐茄子泥與香醋奶油 ($258)

經典希臘菜一定唔少得Pita Bread☺️ 依度做到外層帶輕微焦脆，內裏鬆軟濕潤！一旁分別配上四款醬汁: 酸奶黃瓜醬、鱈魚子檸檬醬、烤茄子醬 & 橄欖醬，個人就最鍾意開胃嘅酸奶醬✨ 
另外烤原隻魷魚亦非常值得一試🦑‼️ 外層焦香，而且口感非常Q彈，食得出非常新鮮！
*
< 𝗠𝗔𝗜𝗡 >
•澳洲純種黑安格斯肉眼扒 (500克)
•干式熟成全血巧克力和牛Mayura帶骨肉眼 (另外加配)

如果享用4人餐，就會試到招牌必試全血巧克力和牛 (1 KG) 今次我哋輕輕試左細塊啲嘅🤭 牛肉經過28日熟成，肉味非常香濃，油脂感並存但唔會膩，而且口感意外地軟嫩，仲帶陣陣奶香味，毫無意外真係今年食過最正嘅牛扒🙂‍↕️❤️
-
< 𝗗𝗘𝗦𝗦𝗘𝗥𝗧 >
•每日精選甜品

當日為希臘乳酪慕絲，配上用印度茶+葡萄酒煮過嘅無花果，再喺面層淋上希臘蜜糖🍯 輕盈解膩；另外試埋巴斯克乳酪蛋糕，中間做到軟心效果，口感非常軟滑，最重要係唔會Heavy，絕對拍得住出邊嘅烘焙店！
-
Santorini Steakhouse by Panos SSP (灣仔)
灣仔皇后大道東202號QRE Plaza 5樓"
,La Volta,銅鑼灣,西式,158-300,拍拖約會,Fettuccine alla Bolognese (肉醬闊扁麵)、Trippa Fritta (意式炸牛肚)、Crab Cake (蟹餅),https://www.instagram.com/p/DVD4j_PE-M3/,DVD4j_PE-M3,,"🇮🇹米芝蓮二星名廚長駐! 親民手工意粉店🍷
-
地區分類：#fca_銅鑼灣
-
上年八月開業，已經火速打入2026米芝蓮推介🔥 由米芝蓮二星名廚Roland Schuller主理，主廚曾任於TheDrawing Room、Octavium等著名意大利餐廳，有「亞洲最佳意粉大師」的稱號喔～🤫 依家會長駐香港，所以質素絕對在線上！兩道菜Lunch Menu低至$158，咁嘅價錢嘆米芝蓮質素夠哂扺玩！(每月轉一次新Menu，所以有興趣就盡快試左佢喇～)
-
< 𝗔𝗻𝘁𝗶𝗽𝗮𝘀𝘁𝗶 >
•Crab Cake ($178)
•Vitello Tonnato ($188)
•Trippa Fritta ($98)

二月Menu竟然有兩款最愛- 意式炸牛肚 以及乳牛舌 配 吞拿魚蛋黃醬😍 講真自從Testina冇做，一直搵緊地方可以食返。
炸牛肚香脆，口感煙韌，帶陣陣迷迭香味！
乳牛舌亦係非常柔軟，份量亦都唔少～ 
另外要一讚個蟹餅，裏面係滿滿嘅蟹肉絲，真材實料，配上自家製他他醬，越食越上癮🥰🦀
*
< 𝗣𝗮𝘀𝘁𝗮 >
•Baked Rigatoni ($178)
•Fettuccine alla Bolognese ($198)
•Spaghettini alla XO ($258)

新出嘅意粉比一開業的更有驚喜‼️
大家最愛嘅香辣伏特加長通粉，好鐘意加左辣肉腸，增加唔少風味！
肉醬闊扁麵，慢煮6小時肉醬係超出色，鹹香自然，仲有唔少厚切肉粒增加口感，絕對係香港食過數一數二正嘅肉醬意粉😎
*
< 𝗗𝗲𝘀𝘀𝗲𝗿𝘁 >
•La Volta Tiramisu ($98)
•Brownie ($98)

Encore他們的Tiramisu，口感香滑而且帶香濃咖啡味，個人覺得會甜少少🥄☕️！Brownie有驚喜喔，新鮮焗起做到外脆內濕潤，香濃朱古力，配上淋上海鹽焦糖醬嘅雲呢拿雪糕，冰火交融☺️
-
La Volta (銅鑼灣)
銅鑼灣蘭芳道9號地舖"
,素某,灣仔,素食,298,打卡必到,茉莉菊花雪梨凍、檸檬忌廉汁貓耳朵粉、昆抹茶蕎麥冷麵,https://www.instagram.com/p/DU8KHeykwl-/,DU8KHeykwl-,,"✨純素甜品天堂! 港島鬆弛感精緻素食🪴
-
地區分類：#fca_灣仔
-
估唔到食完呢餐飯放鬆到，好似放咗一日大假咁🥰 依家行新派素食路線嘅餐廳，佢哋嘅純素菜式完全會顛覆大家對素食嘅認知，有啲真係靚到好似真嘅一樣✨ 店內設計亦貫徹環保路線，所用嘅餐桌係以香港颱風後倒冧嘅樹木製作而成🪾 加上流水聲嘅背景音樂，整個過程與大自然融為一體，非常鬆弛嘅感覺！
-
🌱 So’N 素某晚宴 ($298/位)*
包含草本拼配茶
-
< 席前小食 >
•素某沙律
•是日湯品
•野菜天婦羅
*
< 主食 >
•日式咖喱｜素肉漢堡扒
•昆抹茶蕎麥冷麵｜自家製炸餃子
•素魷魚｜素蝦｜檸檬忌廉汁貓耳朵粉

主菜每人選一款，日式咖喱味道偏温和，素肉漢堡扒用大豆製做，食落帶肉的煙燻香味🍛 蕎麥冷麵最得意一定係面層嘅素三文魚，超神似的😍🍣 意粉要一讚檸檬忌廉汁，Creamy得嚟真檸檬嘅清香以及酸味🍋 令整個味道light左唔少～
-
< 甜品 >
•春季｜茉莉菊花雪梨凍(+$24)
•夏季｜茶湯青瓜丸(+$28)
•秋季｜麗楓秋栗(+$28)
•精選素蛋糕 (+$28)

一系列以季節為主題嘅甜品✨ 個人最愛小清新茉莉菊花雪梨凍，好似春天一樣甜甜的帶花香；秋季的麗楓秋栗，香甜的焦糖番薯配上綿密的栗子蓉，味道天然，就是有點飽肚😂
-
素某 (灣仔)
灣仔謝斐道254-272號杜智臺地下9-10號舖"
,House of Culture,西營盤,多國菜,628-728,拍拖約會,泰北咖哩三黃雞、燒馬友配西柚法式白奶油醬,https://www.instagram.com/p/DVGJ2uaE5Kz/,DVGJ2uaE5Kz,,"✨泰北咖哩三黃雞! 洞穴風FUSION 料理🍴
-
地區分類：#fca_西營盤 
-
好耐冇食過一間餐廳，每一道菜嘅組合味道都係意料之外🔥 大家就算未食過，喺IG應該都有見過佢哋嘅餐廳設計，走洞穴風格非常IGable~ 一系列菜式主打融入唔同國家文化，所以每個組合都好有驚喜☺️ 約會想搞吓新意思嘅推薦依度！
-
🍴𝐓𝐫𝐮𝐞 𝐂𝐡𝐚𝐨𝐬 ｜𝐒𝐞𝐯𝐞𝐧 𝐂𝐨𝐮𝐫𝐬𝐞 ($728/pp)*
🍴𝐒𝐡𝐨𝐫𝐭 𝐂𝐡𝐚𝐨𝐬 ｜𝐅𝐢𝐯𝐞 𝐂𝐨𝐮𝐫𝐬𝐞 ($628/pp)*
*Mon-Wed BYOB 免開瓶費
*Cocktail pairings (+$258/pp)
-
•Mussels & Scallop Crackers
•Thai Ceviche
•Lamb Skewers
•Cauliflower Steak 
•Threadfin, Pomelo Beurre Blanc, Seaweed
•Khao Soi, Three Yellow Chicken, Orange
•Pumpkin pie, tofu ice cream

泰式油甘魚刺身，裏面卷住榛子、香茅、薑以及辣椒，配上一旁嘅醬汁，酸甜開胃🫚

以Bay Leave醃製過嘅羊頸柳串，搭配西非香料Harissa，上面淋上茼蒿salsa。整體都幾濃味，好彩有炭燒菠蘿平衡返✨🍍

主菜燒馬友，外皮做到好香脆，而且個Sauce值得一讚，以西柚法式白奶油醬做Base，加入海帶、Dill Oil以及香蔥作點綴，個醬意外地和諧，好食到清哂🥰 另外以泰北Khao Soi咖哩麵為靈感嘅炸三黃雞，做到皮脆肉嫩，亦有唔少泰式配料，例如炸豬皮、酸菜、青檸、辣椒粉作調味🔥

甜品係南瓜批配豆腐雪糕🎃 下層係焦糖奶油Custard，淋上雲呢拿吉士醬，以薑糖作點綴！
-
House of Culture (西環)
西環西營盤皇后大道西335-339號崑保商業大廈地下B號舖"
,CARNE’S ARGENTINIAN STEAK HOUSE,上環,西式,298-308,拍拖約會,側腹膜橫肌牛扒、菲力牛扒、脆炸油條 (Churros),https://www.instagram.com/p/DU71lPTkzMZ/,DU71lPTkzMZ,,"🇦🇷超長SKIRT STEAK! 抵食阿根廷炭火牛扒🍷
-
地區分類：#fca_上環
-
長到可以對摺嘅牛扒😱🔥 仲要Lunch time只係每位低至$298就可以食到阿根廷炭燒牛扒3道菜，由阿根廷大廚主理，所以有唔少經典傳統阿根廷菜式，整體係港島性價比算好高，所以當日亦毫無意外地爆滿‼️
-
🍴𝐒𝐄𝐓 𝐋𝐔𝐍𝐂𝐇 阿根廷午餐
-
< 𝗔𝗣𝗣𝗘𝗧𝗜𝗭𝗘𝗥 >
•牛肉餡餅
•南美酸汁醃吞拿魚

經典阿根廷牛肉餡餅，餃子形狀酥皮，焗至非常香脆，裏面係帶點微辣嘅牛肉餡❤️ 酸汁醃吞拿魚的靈魂醬汁Tiger Milk亦夠酸爽開胃～
*
< 𝗠𝗔𝗜𝗡 >
•菲力牛扒 ($298)
•側腹膜橫肌牛扒 ($308)

喜歡厚身軟嫩口感，建議可以試菲力位置🤤 剛好的Medium rare粉嫩感，裏面仲充滿肉汁，入口充分感受到炭香🔥 側腹膜橫肌牛扒份量十足，脂肪較少，會偏向有咬口，肉味亦香濃！配上阿根廷青醬超Match的！
*
< 𝗦𝗜𝗗𝗘 > 
•炸薯條
•南美古早味粟米蓉
*
< 𝗗𝗘𝗦𝗦𝗘𝗥𝗧𝗦 >
•牛奶焦糖醬捲餅
•脆炸油條

推薦這裏的Churros，炸得非常香脆，配上一旁的焦糖醬，每人得一條有啲唔夠喉添🤣❤️
*
< 𝗗𝗥𝗜𝗡𝗞 >
套餐附送汽水🥤 但亦可另加$40升級紅酒/+$120享60分鐘暢飲美酒🥂
-
CARNE’S ARGENTINIAN STEAK HOUSE (上環)
上環皇后大道中202號香港普特曼酒店地下A號舖"
,權八居酒屋,銅鑼灣,日本料理,,大班聚會,權八手打熱蕎麥湯麵、汁燒免治雞肉軟骨棒配宮崎太陽蛋,https://www.instagram.com/p/DVBhC7gE39A/,DVBhC7gE39A,,"🍶激罕清酒! 寒菊銘釀x日本料理🪭
-
地區分類：#fca_銅鑼灣
-
自從權八搬咗新位之後，今次都係第一次去🤭 一如既往都係超有日本feel，保留咗唔少榻榻米包廂～ 今次靠朋友Carry，去咗佢哋限定嘅清酒活動，而今次係與酒舍 @alcohoodhk 攜手合作，試到一系列獨家代理嘅寒菊銘釀清酒🍶 當晚仲有問答環節，係咁送清酒杯set，仲有寒菊銘釀啤酒，絕對係飲得盡興嘅一晚！
-
🪭 權八料理長精選晚宴
-
•蟹肉飛魚子沙律
•吞拿魚腩｜油甘魚｜帆立貝
•海鮮茶碗蒸
•汁燒免治雞肉軟骨棒 配宫崎太陽蛋
•沙錐魚｜日本南瓜｜宮崎番薯
•火炙左口魚裙邊｜真鯛｜甜蝦壽司
•權八手打熱蕎麥湯麵
•椰汁南瓜白玉丸子

整個Menu一共8道菜，由於寒菊銘釀清酒系列Overall偏甘口，容易入口，所以配搭所有菜式都唔錯✨ 個人最愛Pray for 2025愛山 以及寒新羽州室 50 Horizon。前者口感圓滑帶豐富果香，配刺身很Match🙂‍↕️‼️ 後者帶花香，飲落乾爽收尾，配較重味嘅汁燒免治雞肉軟骨棒就最好不過❤️ Btw，蕎麥麵真的很好吃，很彈牙呢～
-
權八居酒屋 (利園二期) (銅鑼灣)
銅鑼灣恩平道28號利園二期3樓"
,嘉麟樓,尖沙咀,中菜,,大班聚會,酥薑金衣蠔豉卷、黑魚籽糯米燒鴨卷,https://www.instagram.com/p/DU0H63Dk-Ki/,DU0H63Dk-Ki,,"🥢半島廚藝學院! 學整米芝蓮星級點心🪭
-
地區分類：#fca_尖沙咀
-
最近俾我發現原來半島有自己的廚藝學院?!?!😱 仲可以有機會跟米芝蓮一星中菜廳嘉麟樓嘅點心主廚學整唔同嘅點心～ 課程後可以係嘉麟樓享用專屬午宴！另外亦可以跟酒店糕餅主廚製作甜點與朱古力，隨後於瑞樵閣或米芝蓮一星法國菜餐廳Gaddis享用午宴🥰 絕對係一個幾有趣嘅體驗！
-
🧧 春節菜譜𝐒𝐩𝐫𝐢𝐧𝐠 𝐃𝐢𝐧𝐧𝐞𝐫 𝐌𝐞𝐧𝐮*
*即日起至2/3/2026
-
•包有撈起｜凍鮑魚絲伴翡翠
•加冠進爵｜蜜瓜元貝螺頭湯
•年年有餘 ｜ 原條豆酥東升斑
•好運連年 | 桂花銀芽炒松葉蟹
•包羅萬有｜酥薑金衣蠔豉卷
•合家團圓｜黑魚籽糯米燒鴨卷
•五式糕點
•鯉躍龍門｜紫薯蜜糖鮮奶凍

由嘉麟樓總廚林鈺明主理8道菜春節晚宴，菜名真係夠哂好意頭✨ 
一開始當然唔少得寓意「越撈越旺·風生水起」嘅撈起！配料超齊全，最重要竟然仲有鮑魚絲！
MVP一定係酥薑金衣蠔豉卷 以及黑魚籽糯米燒鴨卷！金蠔用豬肉卷住，以炸薑絲作點綴；香脆嘅燒鴨皮捲住糯米飯，裏面有唔少蝦米&臘肉，一食就係新年嘅味道啊🤤❤️
甜品方面，除左一次過食匀嘉麟樓出品嘅蘿蔔糕、芋頭糕、紅棗糕、馬蹄糕 以及年糕外，鯉躍龍門甜品造型超精緻，真係有條鯉魚好似係池塘裏面咁，食落係香甜嘅紫薯蜜糖鮮奶凍🫶🏻
-
嘉麟樓 (尖沙咀)
尖沙咀梳士巴利道22號香港半島酒店1樓"
,GYU+Bar By Miyoshi,銅鑼灣,日法料理,400-800,打卡必到,三芳叉燒、柴火蘋果撻,https://www.instagram.com/p/DUqInfmk9tL/,DUqInfmk9tL,,"🪵柴燒和牛叉燒! 新開柴火日法餐酒館🔥
-
地區分類：#fca_銅鑼灣
-
炭火食得多，係香港餐廳食到柴火菜式真係少之又少🤭 今個月係銅鑼灣新開嘅日法餐廳，正正係大玩柴火料理！由日籍改士廚松田亞弓監製，主打荔枝柴炙燒+日本和牛，成個組合未食已經流哂口水🤤❤️ 絕對係今期嘅爆紅店之一！
-
< 𝗦𝗠𝗔𝗟𝗟 𝗕𝗜𝗧𝗘𝗦 >
•Hokkaido Shiraoi ($98)
•Wagyu Tartare ($98)

風乾日本和牛·竹炭泡芙，和牛嘅鹹香搭配泡芙裏面香滑嘅味噌椰菜花慕絲，味道很Balance🥰 和牛他他，他用上日本A5和牛西冷位置，加上魷魚刺身，非常有口感！放喺香烤過嘅煙燻蛋黃醬多士，很好吃～
*
< 𝗦𝗧𝗔𝗥𝗧𝗘𝗥𝗦 >
•Cha Shu by Miyoshi ($158)

招牌菜「三芳叉燒」❤️ 用上日本A5和牛胸腹肉，先經慢煮，再用荔枝柴燒至焦香，配上西班牙堅果醬，非常入味鬆化，夾紅酒一流🍷
*
< 𝗢𝗙𝗙 𝗧𝗛𝗘 𝗚𝗥𝗜𝗟𝗟 >
•Lobster Tail ($368)
•Wagyu Harami ($268)

燒美洲螯龍蝦尾🦞 伴龍蝦醬泡沫以及南瓜Gnocchi，整體龍蝦鮮味幾突出！澳洲和牛牛腹肉，底層鋪上煙燻過嘅洋蔥蓉，以香脆嘅榛子作點綴🤤 油脂同肉香都平衡得幾好，煙燻香味突出，但又唔會太Heavy。
*
< 𝗛𝗢𝗧 𝗞𝗜𝗧𝗖𝗛𝗘𝗡 >
•Shabu Shabu ($258)
和牛涮涮鍋🥢 用熱湯輕輕涮至熟，最能體現肉質嘅鮮嫩，加上柚子嘅清香，簡單好味！
*
< 𝗗𝗘𝗦𝗦𝗘𝗥𝗧𝗦 >
•Tarte Fine ($108)
必點‼️ 柴火蘋果撻！用柴火快速燒至外皮酥脆，上面放上自家製煙燻雲呢拿雪糕(好香好軟滑)，在淋上日本黑糖蜜，很能帶出整個餐廳風格和理念的一道甜品！
-
GYU+Bar By Miyoshi (銅鑼灣)
銅鑼灣希慎道33號利園一期4樓401-404號舖"
,香港許願節2026,大埔,街頭小食,,打卡必到,原隻鐵板魷魚、鐵板牛柳粒、蟹籽蟹黃撈烏冬、拉絲黑松露牛肉餅、香茅IPA,https://www.instagram.com/p/DU5l6wikw38/,DU5l6wikw38,,"🧧掃街+攤位遊戲! 20秒睇大埔林村許願節🍊
-
地區分類：#fca_大埔 
-
一年一度大埔林村許願節喺尋日正式登場，今年照舊建議大家唔好揸車入去，搭63R直接入到裏面，完全解決封路嘅問題😎 今年設有72個攤位包括美食攤位、乾貨以及攤位遊戲，想拋寶碟嘅話$50一份～ 以下係精選必試美食💁🏻‍♀️

🪭 原隻鐵板魷魚
🪭 鐵板牛柳粒
🪭 鐵板雞軟骨
🪭 蟹籽蟹黃撈烏冬
🪭 拉絲黑松露牛肉餅
🪭 本地手工啤- 香茅IPA
-
📍 香港許願節2026
日期：2026年2月18日至2月22日
地點：大埔林村許願廣場"
,港畔餐廳,尖沙咀,自助餐,508-1142,打卡必到,即煮新鮮龍蝦、任食三文魚子、拖羅、韓式辣炒豬肉奶油麵、燉牛肉鍋、香芋戚風蛋糕、自家製蜜餞開心果雪糕,https://www.instagram.com/p/DazyLl8BwzY/,DazyLl8BwzY,,"✨聯乘首爾人龍餐廳! 麗晶4小時自助晚餐 🍴
-
地區分類：#fca_尖沙咀
-
全港最貴的自助餐之一！由開業到依家都keep住超高人氣，就連平日Lunch時段都爆場🔥 依家平日午市自助餐低至75折，折後$508/位。今期仲試到聯乘首爾人龍餐廳JUDORAK帶來一系列招牌韓國菜式～
-
🍴 聯乘首爾JUDORAK自助餐*
* 由7月6 – 26日供應
*獨家網上8折
🔸 週日到週四4小時自助晚餐：原價$1142/位 —> $934/位
🔸 平日自助午餐：原價$658/位 —> $508/位
-
(優惠訂位連結放咗喺內文，以下介紹為平日自助晚餐)
-
< 海鮮/刺身區 >
•即煮新鮮龍蝦
•麵包蟹
•鱈場蟹腳/青口/凍蝦
•任食三文魚子
•拖羅/帶子/吞拿魚/三文魚/油甘魚/甜蝦

重點話一定係煮新鮮龍蝦🦞 真係食到夠新鮮，連龍蝦鉗嘅肉都幫你剝埋出嚟～ 另外除咗麵包蟹同大家最愛嘅蟹腳，可以主攻任食三文魚子 + 拖羅。
*
< 韓式主題菜式 >
•韓式辣炒豬肉奶油麵 
•牛大腸香炒年糕
•韓式牛肉煎餅
•紫蘇油拌蕎麥麵
•香煎韭菜鮮蝦餅
•燉牛肉鍋
•慢煮燉牛尾

熱葷區一定唔得鮑魚、花膠、海參、鵝掌等，特別啲嘅仲有片皮鴨同埋煎超肥美嘅鵝肝❤️ 今期因為聯乘首爾人氣餐飲品牌JUDORAK，所以有唔少現代韓式料理，同埋真係有韓國大廚Oppa坐鎮😆 辣炒豬肉奶油麵 以及燉牛肉鍋已經encore咗兩次！
*
< 甜品區 >
•自家製雪糕
•自家製韓式刨冰
•紅桑子特濃朱古力蛋糕
•反烤香橙蛋糕
•香芋戚風蛋糕
•提拉米蘇
•紐約芝士蛋糕
•南瓜批
•藍莓鮮果撻
•港式鴛鴦歌劇院蛋糕

全港最強甜品區，果然唔係浪得虛名!!! 超多款酒店級原個蛋糕😍個人最愛香芋戚風蛋糕，口感鬆軟，而且香芋味唔會假！
雪糕亦係自家製，當日有成8款口味，衝住佢哋嘅蜜餞開心果就對了! 另外今次仲多咗韓式刨冰，但建議不用浪費quota了😂
-
港畔餐廳 (尖沙咀)
尖沙咀梳士巴利道18號香港麗晶酒店地舖"
,Ami,中環,西式,998,拍拖約會,招牌蘑菇湯配香菇酥、龍蝦酥皮盒,https://www.instagram.com/p/DVswr-8k9Yl/,DVswr-8k9Yl,,"🌟招牌蘑菇湯! 新晉米芝蓮法國菜🥂
-
地區分類：#fca_中環 
-
2025年香港新晉米芝蓮，焦點一定係依間現代法式餐廳 Ami✨ 由主廚 Nicolas Boutin 掌舵，以森林為設計概念，最正係有露台座位，飲返杯夠寫意～ 如果想揾間比較Casual易入門啲嘅米芝蓮法國菜，推薦依到比大家😎

依家仲可以襯住 @diningcity_hong_kong 2026 春季香港餐廳周，由即日起至5/4，以優惠價錢嘆米芝蓮！精選超過 300 間餐廳，餐單價格由HK$148起🥰
-
🥂 𝐑𝐞𝐬𝐭𝐚𝐮𝐫𝐚𝐧𝐭 𝐖𝐞𝐞𝐤 𝐃𝐢𝐧𝐧𝐞𝐫 ($998/pp)*
*需經過DiningCity提早一日預訂
-
•餐前小吃
•白露筍配法式蛋沙律
•招牌蘑菇湯配香菇酥
•翠瑞鱈魚配西蘭花 / 龍蝦酥皮盒 (+$98)
•黃雞配南瓜紅莓汁 / 和牛柳配薄荷伯納西醬 (+$88)
•伯爵茶梳乎厘配柑橘雪葩
•法式美點
•咖啡或茶

以依個價錢食到餐廳兩款招牌菜式已經好唔錯🤭 
第一道係招牌蘑菇湯配香菇酥，蘑菇湯用上大量蘑菇熬製，面層係綿密嘅空氣感，之後係順滑濃厚嘅蘑菇湯，下層係滑溜嘅燉蛋～ 配上酥脆嘅香菇酥，以黑椒作點綴，成個組合係幾正🥄
另外焦點- 龍蝦酥皮盒🦞 千層酥皮圈內放上鮮嫩嘅龍蝦肉，再倒入主廚特調海鮮汁，加入貢布白胡椒粒及干邑白蘭地，佐以海蘆筍，整個鮮味配合得幾好～
-
Ami (中環)
中環遮打道16-20號歷山大廈3樓302號舖"
,滙豐《最紅大廚》「煮將出馬」(維園年宵熟食檔),銅鑼灣,街頭小食,,打卡必到,Neighborhood 黃金雞飯、Sick! Burger 豐足柑蠔堡、Sick! Burger 駿滙滋堡,https://www.instagram.com/p/DUst8xBE__w/,DUst8xBE__w,,"#滙豐贊助 | 🧧維園年宵! 20秒睇3大必食賀年美食‼️

地區分類：#fca_銅鑼灣

2026維園年宵正式登場，除左見到安成宰擔任開幕嘉賓，同場仲見到家燕媽媽就知今年夠晒有食神！最紅熟食檔一定係今年滙豐信用卡打造嘅《最紅大廚》「煮將出馬」 （近銅鑼灣入口） 🐎❤️ 一個攤位集合多間香港實力餐廳，炮製多款賀年美食，其中包括
🪭 Sick! Burger
🪭 Neighborhood (2月11至13日限定)
🪭 何蘭正
🪭 玉及香港富麗敦海洋公園酒店
🪭 Leela (2月14至16日限定)
🪭 良順興
🪭 台北人居酒屋

係年宵都食到米芝蓮一星Neighborhood出品😱‼️ 黃金雞飯個汁真係不得了，雞肉夠嫩滑，加上雞雜+煎蛋加持，一定要食返碗先走，記得係2月13號之前嚟啊！

《最紅大廚》 冠軍Sick! Burger，今次可以試匀兩款新年限定漢堡- 豐足柑蠔堡 (迷你柑柚蠔餅漢堡) & 駿滙滋堡 (迷你鹿肉漢堡)🍔 即叫即製，而且迷你size份量剛剛好，鹿肉漢堡扒仲帶焦脆口感🥰

一路食嘢記住飲返支滙豐年宵版新鮮檸檬茶及絲襪奶茶✨
即日起至 2026年2月16日，用滙豐信用卡或 Mastercard扣賬卡購買美食代幣，即享8折優惠，以港幣 20元（原價港幣25元）換取代幣一枚，憑代幣兌換心水美食🥰 登入 PayMe app或現場掃 QR code都有折㗎～

借定唔借？還得到先好借！
優惠受條款及細則約束。
本資訊及優惠旨在提供予香港境 內人士。
儲值支付工具牌照編號 :SVFB002

@hsbc_hk #滙豐信用卡 #最紅大廚 #Taste最紅撐最紅"
,美心,,中菜,100-200,大班聚會,美心瑤柱蘿蔔糕、美心瑤柱XO醬,https://www.instagram.com/p/DUxiW1sE7i6/,DUxiW1sE7i6,,"🧧新年最強兩寶! 厚切絲蘿蔔糕+足料XO醬🔥
-
最近搬咗新屋，因為太多嘢要處理忙得滯嘅關係，諗住喺屋企簡簡單單煎個朋友送嘅蘿蔔糕就算，點知好食到自己差不多食咗半底🤣

美心瑤柱蘿蔔糕 ($129) 最正係裏面充滿
8mm厚切蘿蔔條，足半底蘿蔔肉，比平時嘅蘿蔔糕更水潤同有口感✨ 加上北海道瑤柱、臘味及蝦米，足料又好食‼️
煎嘅嘅時候記住要落返支XO醬！美心瑤柱XO醬 ($148) 一打開就已經見到滿滿嘅北海道原粒瑤柱，加上金華火腿、蝦米、蝦籽等材料，煎出嚟係超級香，真係連樓下都聞到🤣❤️ 就算係之後攞嚟煮餸都唔錯～

-
📍美心各分店有售

@maximsproducts"
,玥派,旺角,中菜,100-200,打卡必到,蔥油脆皮雞、薯不簡單、麻辣水煮牛脷、酒釀米麻薯鳳凰奶,https://www.instagram.com/p/DVTVS2ZkzXt/,DVTVS2ZkzXt,,"🥢旺角新開粵菜! 鎮店8小時蔥油脆皮雞🔥
-
地區分類：#fca_旺角
-
大家最近行過旺角，有冇發現依間門面放滿現熬糖水嘅餐廳?😎 原來係最近先新開嘅創意粵菜餐廳，最正係唔少菜式都混合中西元素，好多組合都夠晒過癮✨ 除咗一系列創意粵菜，仲可以一次過嘆埋即製手工甜品+打卡精緻茶飲！整體質素都唔錯，嚟開旺角又有一個食飯嘅餐廳新選擇‼️
-
< 新點混搭 >
•西班牙火腿蘿蔔糕 ($38)
•薯不簡單 ($38)

兩款中西合璧嘅小點心🥢✨ 加入了西班牙火腿嘅蘿蔔糕，代替了臘腸帶出不一樣的鹹香感～ 外層包裹住炸至金黃香脆嘅麵包絲，口感外酥內軟；必點- 薯不簡單🥔 鬆軟嘅麵包裏面係滿滿嘅芝士煙肉夾心，超好吃！
*
< 津津有味 >
•陳年花雕熟醉杯 ($78)
•麻辣水煮牛脷 ($158)
•蔥油脆皮雞 ($168/半隻)
•亞爺炒麵 ($85)

麻辣水煮牛脷有驚喜!!! 辣度剛好過到口癮，亦不會過分油膩🔥 牛舌芯位置超軟嫩的，下層仲有唔少QQ的陳村粉～ 蔥油脆皮雞外皮炸至金黃酥脆，肉質保持嫩滑，加上提煉八小時而成嘅MVP蔥油，真係香到一個點，可以送兩碗飯🤣🫶🏻
*
< 現熬糖水 >
•濃抹遠山黛•雪糕糖水 ($42)
•酒釀米麻薯鳳凰奶 ($35)

一進店已經見到一系列現熬糖水🥄❤️ 特別啲一定係酒釀米麻薯鳳凰奶，用上蛋黃+鮮牛乳製成奶糊，再加入桂花酒釀以及手打厚料米麻薯，不會太甜而且帶陣陣蛋香～
*
< 飲品 >
•印度香料鍋煮奶茶 ($45)
•月中有桂 ($38)
•煙鬼 ($68)

唔飲酒嘅可以試下充滿香料味嘅印度奶茶，加入了薑、肉桂、大吉嶺紅茶、小豆寇、丁香等煮成，真係超級香🥰 另外雞尾酒有以蘇格蘭威士忌做Base，加入煙煉紅茶、黑糖等製成嘅「煙鬼」，帶陣陣煙燻嘅香味！
-
玥派 (旺角)
旺角亞皆老街8號朗豪坊3樓35號舖"
,板神鉄板燒日本料理,觀塘,日本料理,1500,拍拖約會,澳洲鮑魚、金箔日本牛柳、澳洲龍蝦、火焰蟹肉魚子醬,https://www.instagram.com/p/DUSoyMZk0O9/,DUSoyMZk0O9,,"💐約會必入! 情人節の儀式感鐵板燒💖
- 
地區分類：#fca_觀塘 
- 
情人節去依度食鐵板燒一定加晒分～ 除左食足12品，食匀澳洲龍蝦+鮑魚+ 金箔日本牛柳，仲細心幫一眾男士們準備埋紮花 & 即影即有，簡直係一條龍服務💘💐 咁就唔使咁悶，情人節淨係識出去鋸扒啦🤭
-
🎄 花見之約•二人前 ($2999/2位)*
* 即日起預約即享7折優惠
* 2月13-15日供應
-
•火焰蟹肉魚子醬
•花戀盛放刺身盛合
•天鵝紫薯酥
•澳洲龍蝦
•澳洲鮑魚
•金箔日本牛柳/金箔帆立貝伴魚子醬
•炒飯、漬物、麵豉湯、時令蔬菜、焦糖多士
•情人節限定甜品

一共食足12品夠哂滿足🤭❤️ 一開始嘅火焰蟹肉魚子醬夠唒有儀式感🔥 裏面係鋪滿一梳梳哪蟹肉，以魚子醬作點綴；刺身竟然好似成個花圃咁靚💐 鯛魚=百合，象徵百年好合、
三文魚=鬱金香，象徵善良體貼、壽司薑=梅花、千本漬=毛茛、玉子小卷=向日葵花、
吞拿魚赤身=繡球花，象徵理解✨ 食完超好意頭～

進入鐵板燒環節😎 除咗唔少得嘅原隻澳洲龍蝦，仲有今期超大隻嘅澳洲鮑魚，大隻到可以分鮑魚肝醬汁 & 原味牛油兩邊調味!!! 誇張到仲有剩拎去炒飯😂🤣 另外仲有壓軸超浮誇，成張金箔鋪落去嘅日本牛柳，夠嫩口同冇一般日本和牛咁油膩，食晒成塊都唔會好heavy💁🏻‍♀️

最後一定有返碗招牌炒飯、漬物、麵豉湯～ 情人節心型朱古力慕絲蛋糕當然唔少得💘 最正係幫你準備埋即影即有相同埋花束🤭 男士們識揀啦～
-
板神鉄板燒日本料理 (駿業街) (觀塘)
觀塘駿業街43號地舖"
,望月期間限定店,尖沙咀,甜品,158-358,打卡必到,五穀豐收瑤柱蘿蔔糕、八方來財賀年禮盒、黑糖椰汁年糕,https://www.instagram.com/p/DUiaLUZE5Ip/,DUiaLUZE5Ip,,"🧧現場即試年糕! 馬年必入賀年禮盒🐎
-
地區分類：#fca_尖沙咀 
-
其中一間超推嘅賀年年糕店！望月今年與HOW 攜手成為合作夥伴，於 K11 Art Mall 開設賀年期間限定店，提供一系列禮餅與糕點🪭 最重要係同上年一樣可以試食到啱為止～ 而且所有糕點都係香港製造，試晒咁多款都好高質！今個新年可以入手！
-
< 賀年糕點 >
🥢 五穀豐收瑤柱蘿蔔糕 ($228)
🥢 五穀豐收臘味芋頭糕 ($228)
🥢 七星糕照黑糖椰汁年糕 ($198)
🥢 七星糕照棗皇年糕 ($198)

一共4款賀年糕點✨ 全部香港製造～ 當場試晒咁多款口味，個人就最鍾意蘿蔔糕，一睇就知超足料，裏面係超多本地蘿蔔絲，加上瑤柱與臘味，真材實料冇得輸！另外兩款黑糖椰汁年糕以及棗皇年糕亦做到甜而不膩，口感煙靭🫶🏻
*
< 馬年賀年禮盒 >
🔸 一馬當先 ($358)
🔸 八方來財 ($288)
🔸 長長狗九 ($178)
🔸 三生柚幸 ($158)

一系列賀年禮餅以幸運數字為主題，寓意馬年行大運，夠哂好意頭🤩 推薦可愛招財貓造型嘅「八方來財」，裏面包含望月經典蝴蝶酥、伯爵茶+朱古力+抹茶+玄米茶口味曲奇，一次過試匀多款熱賣口味產品🥰❤️
*
< IP聯乘系列 >
•罐頭豬 LuLu 特別版 - 雜錦新年禮盒 ($228)
•Pokémon 特別版 - 經典蝴蝶酥禮盒 ($198)

今年仲有兩款聯乘禮盒🎁  罐頭豬LuLu鐵罐禮盒內藏望月經典蝴蝶酥、伯爵曲奇、朱古力曲奇外，附送罐頭豬LuLu馬年主題紙袋及一套6個利是封🧧
-
📍 望月期間限定店
尖沙咀河內道18號 K11購物藝術館2樓 201號舖（HOW店內）

#望月 #一起望月 #香港製造 #賀年禮盒"
,Jack’s Racquet Room,中環,酒吧,88-98,大班聚會,印度菜式,https://www.instagram.com/p/DUNz1-nk5ol/,DUNz1-nk5ol,,"⛹🏽‍♂️私人會所Vibe! 超神秘運動酒吧🍻
-
地區分類：#fca_中環 
-
絕少人知道，原來大館收埋咗間氣氛咁正嘅運動酒吧！之前係行100%會員制，要係運動相關人士先可以申請做Member (當然仲要交會費啦🤭) 但其實依家所有人都可以入去，飲嘢嘅價錢就當然同會員相比貴啲啲，大約$88-$98左右，但絕對合理嘅～ 坐得夠舒服，而且可以望住運動比賽直播，間唔中仲有問答比賽Trivia Night✨ 出邊有個露台，依啲天氣夠晒Chill🥰 

店內提供嘅印度菜式由米芝蓮一星New Punjab Club主廚 @chhabilsidhu 主理，夠晒正宗冇得輸😎 
-
Jack’s Racquet Room
1 Arbuthnot Road, 2/F, Central Magistracy Central District, Hong Kong"
,玥龍軒,,中菜,,打卡必到,低温慢鹵肥肝、惹味錦繡焗釀響螺、金不換汆潮汕大響螺、遠年老菜脯野米焗釀乳豬卷、燕窩咸檸檬開心果雪糕,https://www.instagram.com/p/DUfhXSGk7XQ/,DUfhXSGk7XQ,,"🥢兩晚限定！粵粹x潮韻主題晚宴✨
-
地區分類：#fca_澳門
-
位於澳門新濠影滙 Studio City Macau內嘅米芝蓮一星粵菜廳 - 玥龍軒，自去年七月煥新後迎接首場晚宴活動🤩 與現代潮菜大師張新民主理黑珍珠二鑽現代潮菜餐廳 - 煮海餐廳，合作打造兩晚限定，以粵菜為根、潮菜為魂為靈感嘅粵粹潮韻盛宴🌟一共六道菜，分為四步曲，以當代粵式風雅融匯潮州菜精髓～ 菜式充分體現粵菜和潮菜碰撞嘅驚喜感！
-
🫖 「同源.共響」粵粹潮韻盛宴
-
歡迎小食及暖胃湯
鳳凰單欉肉桂香茶
*
< 序曲 >
•五福臨門
•花膠杏汁八寶雞湯
•乾巴菌炒乾鮑佛跳牆

一開始以玥龍軒X煮海合作打造嘅五款開胃小菜：醬皇涼拌貴妃蚌、凍琵琶蝦飯、咸菜野菌釀鴿腿、低温慢鹵肥肝以及香酥沙茶和牛粒✨ 鹵肥肝絕對係MVP，入口細膩香滑！
玥龍軒嘅花膠杏汁八寶雞湯🐓 呈奶白色，飲落係好舒服嘅杏仁香🤍
煮海以炒香形式呈現嘅佛跳牆，裏面有唔少Q彈嘅海參以及軟糯嘅鮑魚🤩
*
< 共響 >
•惹味錦繡焗釀響螺
•金不換汆潮汕大響螺

晚宴主角- 響螺二重奏🌟 首先係由玥龍軒帶來的錦繡焗釀響螺。外層焗至香脆，裏面係啖啖蟹肉絲混合響螺肉；而煮海嘅金不換汆潮汕大響螺，味道相對上會清啲，更能品嚐到螺肉嘅鮮味以及肉質嘅軟嫩🥰 兩者呈鮮明嘅對比～
*
< 和鳴 >
•遠年老菜脯野米焗釀乳豬卷
薄脆嘅乳豬皮卷住以遠年老菜脯炒香嘅野米，口感外脆內軟，絕對係心機手工菜之一‼️
*
< 餘韻 >
•燕窩咸檸檬開心果雪糕
•金桂雪菊茶
•美點薈萃

最後甜品環節有大家最愛嘅開心果雪糕🤭 堅果味香濃，而且雪糕質地軟滑，配上底層嘅燕窩，真係雙倍開心!!! 
-
玥龍軒 (澳門路氹）
澳門路氹連貫公路新濠影滙酒店巨星滙2樓

@StudioCityMacau"
,鮨山月,銅鑼灣,日本料理,650-1580,拍拖約會,鮟鱇魚肝撻、穴子壽司、海膽壽司、伊佐木配焦化洋蔥醬,https://www.instagram.com/p/DUVOLv0EwFp/,DUVOLv0EwFp,,"🥢帶定兩個胃! 年度最落本の廚師發辦🇯🇵
-
地區分類：#fca_銅鑼灣
-
真係年度食過最飽嘅Omakase🔥 食足20品之餘，仲有唔少初春以及罕有食材，酒肴與壽司嘅比例幾平均~ 菜式上對比起一貫行傳統路線嘅Omakase，食材配搭上會更有新意，感覺會比較啱呢一代年青嘅食客！15品午市低至$650/位，以銅鑼灣區而言性價比算唔錯‼️
*
🍶 OMAKASE DINNER ($1580/位)
-
< 酒肴6品 >
•障泥烏賊｜15年魚子醬｜道南真昆布
•遼參｜北寄貝｜蛤｜陳年紹興
•松葉蟹｜蘆筍｜蟹出汁｜蒔蘿
•鮟鱇魚肝｜聖女果｜青海苔
•燒白子｜茶豆｜白味噌
•伊佐木｜菜之花｜聖護院蕪菁｜新洋蔥｜松子仁

6道前菜發揮都很有水準✨ 以15年魚子醬配軟糯嘅烏賊多哂有睇頭！
竟然仲有Omakase比夠少見嘅遼參，口感非常Q彈，配上蛤+陳年紹興啫喱，很有中式新年嘅感覺🤭🧧
個人最愛一定係依個鮟鱇魚肝撻，入口外脆內綿滑香濃，充滿魚油嘅香味!!!
接近春季當造嘅白子，口感Creamy，搭配下層的枝豆蓉，味道平衡得幾好✨
伊佐木以松子仁作主調，經過油封好嫩滑，一旁嘅炭燒焦化洋蔥醬絕對係Highlight位😭💖 超香炭烤味！
*
< 寿司 10貫 >
•縞鰺
•赤貝
•牡丹蝦
•鰤
•赤身
•中腹
•大腹
•鰆
•雲丹
•穴子

十貫壽司分配得幾平均🥰 牡丹蝦結實鮮甜，赤貝爽甜帶鮮
吞拿魚齊哂赤身、中拖、大拖！赤身經過醬油醃漬，中拖羅油脂平均，大拖羅比想像中唔會太油膩，食得好舒服❤️ 
海膽壽司嘅海膽亦係唔會手軟，鮮到一個點‼️ 穴子超有驚喜，口感做到非常綿滑，完全係入口即化🐟✨
*
< 卷物 >
吞拿魚蓉好似唔使錢咁🤣 除咗入邊卷住吞拿魚蓉，連上面都要放上吞拿魚～ 幾好嘅係入邊放咗白蔥，所以整體唔算太膩。
*
< 玉子燒 >
*
< 吸物 >
*
< 甘味 >
以香滑嘅焙茶奶凍作結尾🥄 茶香突出，最重要係唔會太甜😏🫶🏻
-
鮨山月 (銅鑼灣)
銅鑼灣駱克道459-461號The L. Square 2樓"
,大宅,銅鑼灣,中菜,780,拍拖約會,脆皮乾鮑魚扣遼參鵝掌、蟹黃銀針燴珍寶蟹鉗、京城石獅子,https://www.instagram.com/p/DULPCadEwBc/,DULPCadEwBc,,"🥢被低估的粵菜廳! 軟糯脆皮乾鮑魚扣遼參✨
-
地區分類：#fca_銅鑼灣
-
冇乜人知原來依間酒店收埋左間粵菜廳，由擁三十多經驗嘅私房大廚吳震霈師傅主理～ 主打都系列海鮮手工粵菜！最近上網見到Set menu，食匀10道菜超滿足！初二仲有新春賀年煙花晚宴，大家新年都可以考慮吓依度✨
-
🥢 大宅尊貴套餐 ($780/位)*
*兩位起，請至少於用餐日1天前預訂
-
< 前菜 > •冰鎮時令蔬果  •醬油生醃蝦  •椒鹽溏心鮑魚  •葱油海蜇
*
< 湯羹 > •姬松茸竹笙花膠燉菜膽  *
< 主菜 > •蟹黃銀針燴珍寶蟹鉗  •脆皮乾鮑魚扣遼參鵝掌  •南乳吊燒麒麟魚  •大澳蝦醬啫啫時令菜苗  •蝦籽濃鷄湯手功拉麵 
*
< 甜蜜 > •古早燉鮮奶  •京城石獅子 

一共10道菜，個人最愛蟹黃銀針燴珍寶蟹鉗 🦀 蟹鉗超厚肉的，配上蟹黃醬鮮上加鮮；MVP 脆皮乾鮑魚扣遼參鵝掌，鮑魚做到非常軟糯入味，遼參口感Q彈！另外其他菜式很欣賞加入了南乳、大澳蝦醬、蝦籽等香港風味食材🥰 最後超細緻嘅京城石獅子，原來係香濃嘅黑芝麻雪糕筒～
-
大宅 (銅鑼灣)
銅鑼灣謝斐道388號問月酒店3樓"
,Bouillon,上環,西式,400-800,拍拖約會,法式紅酒燴牛面頰肉 (Bœuf Bourguignon),https://www.instagram.com/p/DUXzlXQE5ae/,DUXzlXQE5ae,,"🍷小眾法式小酒館! 人生必試紅酒燴牛面頰🇫🇷
-
地區分類：#fca_上環 
-
有陣時真係小店先揾到寶😭 人生最正嘅紅酒燴牛面頰竟然係到揾到！超大舊兩個女仔都秒清‼️其他菜式都係以經典法國菜為主，有啲直程仲好食過喺法國～ 如果情人節想搵啲小眾餐廳呢度可以考慮吓✨
-
< 𝗘𝗡𝗧𝗥𝗘 𝗔𝗠𝗜𝗦 >
•Tartare de bœuf ($218)
經典法式生牛肉，用上blonde d‘Aquitaine法國牛肉，刀切嘅關係，食落更有口感🐂 拌入酸豆、洋蔥、香蔥及生蛋黃，調味剛好！

•Frog Legs ($268)
時日限定田雞腿✨ 外層煎到金黃香脆，估唔到都啖啖肉！配上香草，蒜片以及脆麵包粒，很有鄉村 田園風味🌿
*
< 𝗟𝗘𝗦 𝗖𝗛𝗢𝗦𝗘𝗦 𝗦𝗘𝗥𝗜𝗘𝗨𝗦𝗘𝗦 >
•Bœuf Bourguignon ($338)
•Magret de Canard ($398)

主菜唔該大家同我一定要叫法式紅酒燴牛面頰肉‼️ 法國經典鄉村慢燉菜餚，燉至軟腍入味，醬汁濃厚但不會太Heavy！好鐘意加入了不少蔬菜，Balance返整個味道🥬 呢道燴牛面臉肉絕對係香港食過嘅數一數二！

法式煎鴨胸不在常規Menu中，但同樣值得一試🥰 外皮焦香帶適當嘅油脂感，肉質亦非常粉嫩，一旁嘅杏桃肉亦很Match~ 份量偏大，可以二人Share💕
*
Tarte Tatin ($138)
經典法式甜點- 反烤蘋果撻🍎 新鮮出爐熱辣辣，配上雲呢拿雪糕+焦糖醬，冰火交融冇得輸
-
Bouillon (上環)
上環磅巷6號地舖"
,KITCHEN,尖沙咀,自助餐,323-598,拍拖約會,即切澳洲燒肉眼、W招牌海味燉湯、生蠔、斑斕咖央蛋撻,https://www.instagram.com/p/DUFyA1Bkz_J/,DUFyA1Bkz_J,,"🌇 30秒快睇! W酒店最新自助餐5大重點🥂
-
地區分類：#fca_尖沙咀 
-
‼️ 留言「❤️」DM你買一送一訂位連結!!!!

原來依家食自助餐可以咁嘆?! 落地玻璃望住日落海景，仲可以無限暢飲紅白酒✨ 人生第一次去W Hotel食自助餐，幫大家簡單地列出五大重點位- 任食生蠔、粉嫩澳洲燒肉眼、招牌花膠鮑魚燉湯、斑斕咖央蛋撻、暢飲紅白有汽酒！成個環境攞晒分，整體服務都唔錯，坐得好舒服～
-
KITCHEN「極致海鮮」自助餐*
*午市折後低至$323/位
*晚市折後低至$598/位
*即日起至2026年3月1日供應
-
< 時令海鮮/刺身 >
•生蠔
•龍蝦｜蜆｜藍青口｜雪蟹腳｜小龍蝦
•三文魚｜吞拿魚｜希靈魚

海鮮位一定係主攻生蠔 (僅限於週五至週日的晚市自助餐) 當日來自美國，蠔肉算係幾飽滿，鮮甜味道容易接受🦪 其他海鮮就正常發揮；刺身方面，選擇比較少，質素一般，有點失望🫢
*
< 即烤美食/ 熱葷 >
•即切澳洲燒肉眼
•W招牌海味燉湯
•柚子胡椒燒秋刀魚
•燒大蝦
•香煎扇貝配牛柳
•星洲辣椒蟹
•金沙軟殼蝦

兩大重點- 即切澳洲燒肉眼，意外地粉嫩多汁，肉味香濃，食多幾塊都冇問題👍🏻 W招牌海味燉湯，裏面超大塊花膠，仲有鮑魚，飲落係真材實料嘅感覺🥰
*
< 甜品廊 >
甜品有幾款原個蛋糕以及小甜品，個人比較推介斑斕咖央蛋撻，外層超酥脆，內餡亦帶陣陣斑斕香✨ 另外開心果冬甩、馬達加斯加香草泡芙以及士多啤梨啤梨忌廉蛋糕亦值得一試～ 一旁仲有自家品牌Gelato，一共4款口味，但食落好普通😂 成日有浸假牛奶糖味。
-
KITCHEN (尖沙咀)
尖沙咀柯士甸道西1號港鐵九龍站香港W酒店6樓"
,OK便利店,,甜品,28,打卡必到,檸檬雪葩高球、蜜桃雪葩高球,https://www.instagram.com/p/DUaXOfUExkz/,DUaXOfUExkz,,"🍧今期必試! 韓國雪葩Highball火爆登港🍋
-
繼安成宰推出嘅原片檸檬調酒爆紅之後，今次便利店又搵到新嘢，仲要係同平時不一樣嘅highball 😎 雪凍飲又得，冰格冷藏後變甜品雪葩食又得✨ 喺屋企都可以簡單滿足兩個願望～ 
-
🍋 檸檬雪葩高球 ($28)
🍑 蜜桃雪葩高球 ($28)

就咁飲兩款Highball可能都會偏甜，所以記住買之後放入雪櫃冰格冷藏8小時，超神奇地之後變成雪葩質感🧊 教教大家可以自行製作微醺甜品，係屋企都輕鬆製作成人版雪糕Highball刨冰🥰💕 夜麻麻食到真係幸福感爆燈！
-
📍 OK便利店有售

禁止向未滿18歲人士售賣或供應令人醺醉的酒類"
,雪園壹號,灣仔,中菜,488,大班聚會,經典生煎包、火朣雞燉津白湯、外婆紅燒肉,https://www.instagram.com/p/DUA70VHEyIk/,DUA70VHEyIk,,"🥢極低調名人飯堂! 60年上海菜老字號✨
-
地區分類：#fca_銅鑼灣
-
隱藏係老牌酒店內嘅60年老字號上海菜館，主打一系列傳統淮揚菜，有幾款鎮店菜式你一定要知，包括看得見真材實料的火曈燉雞湯，以及邵逸夫爵士而掀起搶購熱潮嘅生煎包🤭❤️ 當然仲有唔少心機手工菜，完全食到老一輩不計功夫用心製作嘅味道～ 依家限定Menu食足8道經典菜式都只係人均4xx，帶屋企人慶祝新年都唔錯～
-
🥢跨越六十周年經典菜 ($488/位)*
*4位起 (16-26/2期間暫停供應)
*必須訂座及於訂座時說明享用此菜單
*茶芥每位$20元，泡菜每碟$20元，另加 10%服務費
-
•冷盤小四拼
一次過試匀4大經典- 手撕烤夫、上海燻魚、醉香豬手、楊州素黃雀。燻魚做到外脆內軟好出色🥰 豬手帶陣陣酒香，而且質感非常爽彈！
*
•火朣雞燉津白湯
超強招牌菜，原全係料仲多過湯🫢🔥 用上火瞳、三黃雞及津白燉煮3-4小時，顏色一睇就知濃厚兼真材實料，飲落散發着金華火腿嘅鹹香！

•乾燒丸子明蝦球
•清炒鱔鰗
•外婆紅燒肉
•麻婆豬蹄筋

六款主菜選擇四款～ 個人大推- 外婆紅燒肉🤭 做到接近入口即化，好入味之餘仲幾特別地加入「虎紋雞蛋」，用上先滷後炸嘅做法，更香口而且更索汁‼️ 另外麻婆豬蹄筋亦係非常嫩，完美吸引惹味嘅麻婆豆腐醬汁，完全係可以送十碗飯🤣
*
•經典生煎包
創下曾經一日賣出超過 1000 隻生煎包嘅歷史～ 當日完全係捧住一試究竟嘅心態，可以話係食過咁多生煎包裏面，外層嘅麵包係做得最鬆軟有彈性✨ 底部係「威化」嘅口感，加上適量嘅湯汁(傳統正宗生煎包是不會爆汁喔) 值得人手一個！
*
•高力豆沙
因為製作繁瑣，所以要係依啲傳統餐廳先搵到😥 綿密輕盈嘅蛋白包裹住香甜豆沙，甜而不膩～
-
雪園壹號 (灣仔)
灣仔摩理臣山道23號南洋酒店地庫1樓"
,勝香園,中環,港式,23,打卡必到,茄牛通、牛油檸檬汁蜜糖脆脆,https://www.instagram.com/p/DUDMmS9k-5h/,DUDMmS9k-5h,,"🍅路邊風味·中環60年鐵皮檔茄牛通🐂
-
地區分類：#fca_中環 
-
天氣涼啲又係食排檔嘅好時候🤭 中環Lunch time瘋狂回訪，大家都討論嘅茄湯，雖然人人都話好普通，係就係唔會好WOW，但加埋塊豬扒，加多隻太陽蛋，無可否認係人生不可畫缺的Comfort food❤️ 🥢

另外一定一定要試牛油檸檬汁蜜糖脆脆 ($23) 即叫即烘，外層超香脆，加左檸檬汁，比一般嘅奶油豬冇咁甜膩🍯 有好幾次都係為咗個豬仔包而來🤭
-
勝香園 (中環)
中環美輪街2號排檔"
,Ryota Kappou Modern,中環,日本料理,,拍拖約會,石燒和牛西冷、沖繩水雲麵 配北海道鮑魚,https://www.instagram.com/p/DUQEib2k8jB/,DUQEib2k8jB,,"🇯🇵沖繩菜單! 米芝蓮一星席前割烹料理🥢
-
地區分類：#fca_中環 
-
首訪依家連續六年榮獲米芝蓮一星嘅現代個烹料理店！由日本主廚兼澤良太主理，巧妙地用上唔同日本食材，而創新嘅方式呈現！建議大家可以坐吧枱位置，望住主廚即席烹調會更有Feel😎 今個限定沖繩菜單除左食足8道菜，仲特意選用唔同沖繩食材，例如沖繩拖羅、水雲、水魚、黑糖等，完美突顯沖繩嘅特色🤭
-
🇯🇵 𝐎𝐊𝐈𝐍𝐀𝐖𝐀 𝐍𝐈𝐆𝐇𝐓 𝐌𝐄𝐍𝐔 
-
平目魚·鮟鱇魚肝
蟹真丈·白味噌湯
時令刺身 (兵庫縣生蠔｜烏賊｜北海道帶子｜春魚｜沖繩拖羅｜金目鯛)
海膽·和牛·烏賊手卷壽司
石燒和牛西冷
沖繩水雲麵 配北海道鮑魚
沖繩產水魚雜炊
士多啤梨銅鑼燒 | 烏龍茶雪糕

一共8道菜沖繩主題菜單✨ 一開始平目魚刺身伴鮟鱇魚肝，以沖繩柑橘醋啫喱以及中式酸菜提鮮，整體清爽輕盈～ 個人最愛石燒和牛西冷，油香&肉香幾平均，配上味噌醬以及松子；沖繩水雲麵剛好可以解一解和牛嘅油膩感，清一清味蕾🥰🥢
甜品除左有銅鑼燒外，仲有好香茶味嘅烏龍茶雪糕，配上沖繩黑糖以及用上沖繩黑糖炒過嘅合桃❤️ 最後飲返杯暖暖的抹茶作結🍵
-
Ryota Kappou Modern (中環)
中環安蘭街18號21樓"
,Nocino,中環,西式,358-489,打卡必到,和牛韃靼、Odette’s 提拉米蘇,https://www.instagram.com/p/DT7cfvME_kj/,DT7cfvME_kj,,"🇨🇭期望過高？！朝聖人氣瑞士意式手工意粉🍴
-
地區分類：#fca_中環 
-
事隔一年，終於有機會試到依間大坑人氣手工意粉，認真由佢新開Bookmark到依家，中環都已經開咗兩間分店🤣 但整體都叫做冇後悔咁遲先試，竟然係手工意粉部份有點小失望，最有驚喜應該係和牛他他以及祖傳提拉米蘇吧～
-
🍴 𝐓𝐀𝐊𝐄 𝐌𝐄 𝐓𝐎 𝐓𝐈𝐂𝐈𝐍𝐎
𝐓𝐚𝐬𝐭𝐢𝐧𝐠 𝐌𝐞𝐧𝐮 ($358-489/pp)
-
< 小食/頭盤 >
•招牌炸瑞士芝士球
•和牛韃靼 

芝士球用上瑞士Gruyère芝，加入了與櫻桃白蘭地，味道香濃，加配了黑松露，但竟然係一啲香味都冇，很失望呢🫢 和牛韃靼，很愛上面放滿脆薯絲，裏面亦加了醃漬洋蔥，添加不少口感，伴上下層嘅牛奶蒜蓉醬很加分！
*
< 自家製意大利麵 >
•松露野菌忌廉寬扁麵
•生紅蝦配布袋芝士雙檜麵 

松露寬扁麵，松露香同樣地未算突出，意粉口感偏腍咗少少，醬汁唔係話太有記憶點🥹 很普通呢。
生紅蝦布袋芝士意粉，會相對上有口感煙靭，但紅蝦混合醬汁後，存在感比較低，有點可惜😮‍💨
*
< 甜品 >
•Odette’s 提拉米蘇
用上Odette’s阿姨家傳食譜，果然老一輩嘅出品係唔會令人失望🤭 就是非常Classic而且高質嘅出品，mascarpone cheese香滑，食落咖啡與酒香並存! 
-
Nocino (鴻豐商業中心) (中環)
中環蘇豪荷李活道49號鴻豐商業中心地舖"
,Leela,銅鑼灣,印度菜,558,拍拖約會,煙燻牛油雞 (Smoked Butter Chicken)、烤切蒂納德鴨肉咖哩角、印度烤本地魷魚,https://www.instagram.com/p/DT2UwR0E1J9/,DT2UwR0E1J9,,"🇮🇳人生印度牛油雞! 全新10道菜Brunch🥂
-
地區分類：#fca_銅鑼灣
-
由米芝蓮一星Chaat印度菜主廚 @chef_manav_tuli 主理，開業冇耐已經拎到米芝蓮推介，可以話信心保證🤭 最重要係菜式份量唔會好似平時大大份，精緻得嚟味道正宗到位，仲可以試多幾道菜❤️ 好似最近新推嘅Weekend Brunch，食足10道菜夠哂癲！
每位自選三款前菜+三款烤肉菜式+兩款主菜+烤餅(分享)+甜點拼盤🥳 
-
🥂 𝐖𝐞𝐞𝐤𝐞𝐧𝐝 𝐁𝐫𝐮𝐧𝐜𝐡 ($558/pp 起)*
*另外可升級120分鐘無限暢飲Saicho有汽茶/香檳/精選雞尾酒
-
< 𝗦𝗧𝗔𝗥𝗧𝗘𝗥𝗦 >
•Mini Raj Kachori 
•Baked Chettinadu Duck Samosa
•Fish Cheek Rasam Soup

迷你印度脆球
烤切蒂納德鴨肉咖哩角，外皮比起平時嘅Samosa更薄脆，裏面係充滿咖哩香嘅鴨肉絲！
魚面頰鮮湯🐟 魚肉係羅望子、胡椒、小茴香等藥膳中燉煮，飲落好暖胃之餘，真係帶點甘香～
*
< 𝗧𝗔𝗡𝗗𝗢𝗢𝗥 & 𝗚𝗥𝗜𝗟𝗟𝗦 >
•Asaf Jahi Chicken Tikka 
•Lamb Seekh Kebab
•Tandori Soya Chaamp
•Tandori Squid (+$90)

黃辣椒烤雞，用上藏紅花、黃辣椒和生石花調味，呈鮮黃色外，仲帶微辣嘅香氣✨
非常建議大家另外試埋印度烤本地魷魚🦑 外層沾上印度香料粉，帶炭香之餘，口感仲好Q彈！
*
< 𝗠𝗔𝗜𝗡𝗦 >
•Smoked Butter Chicken
•Prawn Pulao
•Lamb Taar Korma

必點LEELA招牌- 煙燻牛油雞🐓 一定要叫兩份，否則會爭住食🤣 人生食過最正，特別加入了焦糖蕃茄以及芥末油；食落帶陣陣煙燻嘅香味，完美提升了香料味！咖哩可以配鮮蝦印度香飯，採用陳年印度香米，粒粒分明🍴
*
< 𝗚𝗥𝗔𝗜𝗡𝗦 >
•Garlic Naan
*
< 𝗗𝗘𝗦𝗦𝗘𝗥𝗧 𝗣𝗟𝗔𝗧𝗧𝗘𝗥 >
辣椒朱古力甜品，濃郁嘅朱古力搭配百香果以及克什米爾辣椒嘅辛辣尾韻，幾有驚喜嘅配搭🥰 一旁附上雜果牛奶雪糕、時令鮮果 & 印度香料奶茶～
*
Leela (銅鑼灣)
銅鑼灣新寧道1號利園三期3樓301-310號舖"
,御鐵,銅鑼灣,日本料理,568-698,拍拖約會,海膽龍蝦膏多士、南非鮑魚、廣島蠔、牛舌心,https://www.instagram.com/p/DTu6TC-E7Ta/,DTu6TC-E7Ta,,"🇯🇵$5xx食18品! 港島抵食の鐵板燒🔥
-
地區分類：#fca_銅鑼灣
-
係港島食鐵板燒就一定好貴? 依家人均五百幾起就食足18品‼️日本蠔、澳洲龍蝦、鮑魚、海膽、A4和牛都食到，食足三個鐘，真係捧住個肚返屋企😱 生日仲有畫碟，如果大家最近搵緊地方慶祝，可以考慮吓依間性價比咁高嘅鐵板燒店～
-
🔥 18御品鉄板燒 (午市$568/位, 晚市$698/位)
-
•鱈魚乾
•季節沙律
•刺身兩點
•黑魚子冷奴豆腐
•銀鱈魚
•南非鮑魚
•廣島蠔
•澳洲龍蝦
•海膽龍蝦膏多士
•豚肉蘆筍卷
•牛舌心
•鹿兒島產A4和牛薄燒
•日式炒野菜
•昆布白蜆湯
•海膽海鮮炒飯
•無酒精飲料一杯

食足18品真係唔係講笑，不知不覺都食咗三個鐘🤣 鮑魚Q彈，特意附上鮑魚肝，夠哂甘香；廣島蠔做到外表焦脆，內裏水嫩嘅效果！澳洲龍蝦配上海膽龍蝦膏多士，食落帶陣陣牛油香🦞🧈 個人幾鐘意牛舌心，粉嫩爽彈～最後當然唔少得整返個炒飯，除咗加咗唔少海鮮配料，面層仲放上日本海膽🤭 如果生日嚟食仲有畫碟同埋小甜品添！
-
御鐵 (銅鑼灣)
銅鑼灣駱克道487-489號駱克駅13樓"
,Arbor,中環,西式,,拍拖約會,招牌法國乳鴿、黑邊鮑魚海膽撻配芬蘭魚湯、自家製酸種麵包配黑糖沖繩醬油牛油,https://www.instagram.com/p/DT-XpuykwS1/,DT-XpuykwS1,,"🪾限時沖繩菜單! 米芝蓮2星日系北歐菜🪵
-
地區分類：#fca_中環 
-
絕不後悔摘的米芝蓮2星! 由芬蘭主廚 @eric.raty主理，菜式行日系北歐風格，以大自然為靈感。繼上年七月一訪，今次計落已經4訪，每次都感受到chef嘅大膽創作，次次都被驚喜到🥹❤️ 今個限定沖繩菜單除左食足11道菜，仲巧妙地用上唔同沖繩食材，例如沖繩黑糖、苦瓜、長胡椒、沖繩香檸等，絕對係值得入手嘅Menu✨
-
🌊 𝐎𝐤𝐢𝐧𝐚𝐰𝐚 𝐈𝐧𝐬𝐩𝐢𝐫𝐚𝐭𝐢𝐨𝐧 𝐌𝐞𝐧𝐮
-
•𝗕𝗹𝗮𝗰𝗸𝗹𝗶𝗽 𝗔𝗯𝗮𝗹𝗼𝗻𝗲
•𝗧𝘂𝗻𝗮 & 𝗖𝗮𝘃𝗶𝗮𝗿
•𝗠𝗼𝘇𝘂𝗸𝘂 & 𝗦𝗵𝗶𝗺𝗮 𝗖𝗮𝗿𝗿𝗼𝘁

黑邊鮑魚海膽撻 配芬蘭魚湯，鮑魚加上海膽以及海苔，真係鮮上加鮮！魚湯亦係非常Creamy濃厚🐟🥄
醬油醃漬赤身吞拿魚，以魚子醬、日本水果蕃茄、醃漬青瓜、沖繩昆布香醋汁 & 豆奶忌廉作點綴，整過酸甜開胃～ 
用上沖繩昆布以及黑酒調味的北海道鰤魚，搭配一旁的味醂煮大根，食落水嫩，帶陣陣柚子嘅香氣🥰
*
•𝗦𝗼𝘂𝗿𝗱𝗼𝘂𝗴𝗵 & 𝗞𝗼𝗸𝘂𝘁𝗼 𝗦𝗼𝘆
自家製酸種麵包，配上黑糖沖繩醬油製作嘅牛油🧈 食落係帶陣陣焦糖嘅香味，非常上頭！
*
•”𝗢𝗸𝗶𝗻𝗮𝘄𝗮 𝗕𝗹𝘂𝗲”
•𝗣𝗼𝗿𝗸 & 𝗚𝗼𝘆𝗮
•𝗢𝗸𝗶𝗻𝗮𝘄𝗮 𝗣𝘂𝗿𝗽𝗹𝗲 𝗦𝘄𝗲𝗲𝘁 𝗣𝗼𝘁𝗮𝘁𝗼

北寄貝，配上最近當造嘅高知縣日向下、醃漬茴香 以及乳酪&刁草油醬，個醬汁係幾加分！
豚肉茶碗蒸，最正一定係加咗沖繩苦瓜以及法國松露，茶碗蒸食落仲帶豆乳香！純粹覺得加咗秋葵唔係好夾😂😂
*
•𝗣𝗶𝗴𝗲𝗼𝗻
Arbor招牌法國乳鴿，用上黑醋醃製再香烤，面層搽上沖繩黑糖以及灑上少量花椒，外皮帶焦脆嘅效果✨ 分別配上慢煮洋蔥醬、馬友山椒醬以及黑蒜+沖繩長胡椒醬。一如既往鴿肉做得超嫩的😭
*
•𝗔𝗰𝗲𝗿𝗼𝗹𝗮
•𝗢𝗸𝗶𝗻𝗮𝘄𝗮 𝗦𝘂𝗴𝗮𝗿 & 𝗦𝗮𝗹𝘁
•𝗠𝗮𝗱𝗲𝗹𝗲𝗶𝗻𝗲 & 𝗦𝗵𝗶𝗸𝘂𝘄𝗮𝘀𝗮

甜品環節，以草莓櫻桃撻打頭陣🍓🍒
再嚟係沖繩冬甩，裏面係香滑嘅焦糖吉士，以海鹽平衡返整個味道 (𝗦𝗮𝗹𝘁) 另一邊亦係雲呢拿奶凍，因為加咗沖繩冧酒，所以一聞已經係超香冧酒味🤭❤️
即焗馬德蓮，外層微脆內裏鬆軟，裏面加入了檸檬皮，與一旁附上的沖繩香檸醬很match，酸爽清新🍋
-
Arbor (中環)
中環皇后大道中80號H Queen’s 25樓"
,鳥居居酒屋,銅鑼灣,日本料理,200-400,大班聚會,燒熟成鴿子、熟成香草鴨胸、燒厚切牛舌、柚子雞蠔,https://www.instagram.com/p/DT-DAuWk6XJ/,DT-DAuWk6XJ,,"🏮半價燒鳥店! 自家熟成の脆皮乳鴿🔥
-
地區分類：#fca_銅鑼灣
-
位於樓上嘅依間日式燒鳥居酒屋，估唔到已經不經已開左10年🫢 絕對係一帶打工仔熟客嘅放工聚腳點！除左有一系列半價串燒、海鮮以及酒肴(星期六至四)，一定唔好錯過佢哋自家熟成乳鴿❤️ 原隻即叫即燒，基本上係每枱必點!!!
-
< 自家熟成の推介 >
•燒熟成鴿子 ($98)
•熟成香草鴨胸 ($78)

唔多居酒屋會自己做燒熟，花功夫又花時間～ 依到嘅乳鴿熟成三日，再原隻燒，保留唔少肉汁多，仲可以食匀所有部位🥰 熟成鴨胸切成薄片，食落嘅鹹香好似食Parma Ham咁，配上蒜片很適合送酒🍻❤️
*
< 大割引の推介 >
•四式雞肉串盛合 ($78)
•四式牛肉串盛合 ($98)
•燒厚切牛舌 ($108/2串)
•燒味噌半殼蠔 ($20/特價)
•伊比利亞豬肋條 ($78)
•柚子雞蠔 ($30)
•三黃雞鎚 ($20/2隻)
•三黃雞翼一夜干 ($48/2隻)
•自家製月見免治雞肉棒 ($26/特價)
•皮蛋雞腿卷 ($42)

多款做緊優惠嘅串燒✨ 個人大推燒厚切牛舌，真係比最中心爽嫩嘅位置比你，仲要厚切口感冇得輸！柚子雞蠔肉，一隻雞只有一串嘅蠔肉位，口感軟嫩油潤🤭 食串燒點都要點嘅雞翼，依到用上三黃雞之餘，仲採用一夜干嘅製作方法，令肉味更濃郁🐓
-
鳥居居酒屋 (銅鑼灣)
銅鑼灣軒尼詩道525號澳門逸園中心17樓"
,嘗申滙,中環,中菜,680,拍拖約會,席前東坡肉伴上海菜飯、流沙黃金湯圓、燒椒皮蛋,https://www.instagram.com/p/DTsBcF2E-8s/,DTsBcF2E-8s,,"🥢席前東坡肉! 限時優惠嘆隱秘米芝蓮上海菜🌟
-
地區分類：#fca_中環 
-
置地廣塲 LANDMARK 2026年 全新一輪Taste of the Month 餐飲系列正式登場‼️ 
每月都會精選一間城中人氣餐廳，帶來期間限定優惠專屬菜單✨ 
而今個一月份則係位於置地廣塲頂層嘅米芝蓮推介上海菜餐廳- 嘗申滙。由米芝蓮星級主廚陳天龍師傅主理，每位港幣680元起 就食到11 道菜嚐味菜單，仲要包酒或茶配對😱❤️ 
好簡單只需透過 THE LANDMARK HONGKONG App登記成為 BESPOKE 雋環會員，並以萬事達卡MasterCard簽帳，即可享今次介紹嘅期間限定菜單～ 快啲登記成會員發掘今年更多優惠啦！
-
🥢 𝗧𝗔𝗦𝗧𝗘 𝗢𝗙 𝗟𝗔𝗡𝗗𝗠𝗔𝗥𝗞
嘗・置地 菜單 ($680/位)*
*包含兩杯酒或茶
*由即日起到1月28日｜週一至週三供應
-
•燒椒皮蛋
•金陵鹽水鴨
•四喜手撕烤麩
•涼拌舟山紅蜇頭
*
•生拆蟹肉羹
•韭香軟兜
•蝦籽冬筍豆苗
*
•東坡肉伴上海菜飯
•鮮肉小籠包
*
•桂花酒釀丸子
•流沙黃金湯圓
一共試匀11道菜真心滿足🥰 一開始係4款上海經典前菜，燒椒皮蛋半熟糖心效果做得超好！涼拌紅蜇頭酸爽開胃✨
韭香軟兜，原來係新鮮嘅韭菜配上軟嫩嘅鱔魚，醬汁亦香甜惹味～
重頭戲環節- 席前東坡肉❤️ 閃冷冷啲油出哂嚟，肥肉入口即化，肉質慢燉至軟腍入味，真係可以食十碗飯！鮮肉小籠包亦係爆汁嘅效果～
甜品一定要襯熱食流沙黃金湯圓，流心效果MAX!
-
嘗申滙 (中環) 
中環皇后大道中15號置地廣場中庭告羅士打大廈44樓

@landmarkhk @themerchantshk @fortyfivehk #置地廣塲 #LANDMARK #TasteOfTheMonth #LANDMARKHK #DiningInCentral 

除咗 Taste of The Month，LANDMARK 仲有同 Mastercard 嘅專屬餐飲優惠！喺商場指定餐廳 每滿 $500 即減 $100 💸  真係唔好錯過！"
,壽喜燒 伊勢熊,尖沙咀,日本料理,290-1180,拍拖約會,究極蛋蓋飯、京都姬牛壽喜燒、天婦羅鱈魚白子海膽和牛卷,https://www.instagram.com/p/DUDgqUTk-XW/,DUDgqUTk-XW,,"🇯🇵究極蛋蓋飯! 日廚主理超強壽喜燒🥢
-
地區分類：#fca_尖沙咀 
-
估唔到食壽喜燒，食到日本和牛之餘，仲可以食埋拖羅、海膽 & 白子😱❤️ 咁滿足嘅壽喜燒由日本師傅主理，午市最平$290/位就食到～ 晚市Omakase menu低至$680/位，想豐富啲仲可以試足兩款和牛：京都姬牛 & 仙台牛，仲有唔少菜式都有海膽加持，真係一次過滿足兩個願望😎
-
🍶 廚師發辦 ($1180/pp)
-
< 前菜3品 >
•和牛江戸味噌漬
•海膽豆腐、時令刺身
•海老芋鮟鱇魚肝旨煮
*
< 燒物 >
•天婦羅鱈魚白子海膽和牛卷 
*
< 煮物 >
•鴨肉蕪菁治部煮
*
< 和牛壽喜燒 >
•日本京都姬牛 & 宮城縣仙台牛
•鵝肝或海膽
•日本野菜

當日分別招牌「京都姬牛」以及期間限定「仙台牛」，前者肉質細嫩，而後者嘅油花更細緻，做到入口即化感🐂 每片牛肉配上不同日本嘅季節蔬菜，特別嘅有來自靜岡縣嘅高糖度水果蕃茄等～ 米飯都分別用上北海道夢之美人米 & 北海道糯米，口感會比平時煙韌得多！
最後一片牛肉客人可以選擇搭配鵝肝/海膽，和牛卷住海膽之餘，仲要係面層放上海膽 ，放落口係入口即化嘅感覺💯
*
< 究極蛋蓋飯 >
昇華版嘅蛋蓋飯😍 同平時Sukiyaki唔同嘅位係多左雲朵蛋白，撈飯食口感好正！
*
< 味噌汁 >
*
< 甜品 >
 •季節水果·雪糕最中餅
-
壽喜燒 伊勢熊 (尖沙咀)
尖沙咀棉登徑8號凱譽地下13號舖"
,CulinArt 1862,銅鑼灣,西式,400-500,拍拖約會,威靈頓牛柳、法式雞肉千層酥、甜點盛典,https://www.instagram.com/p/DUdQvCCk2Cu/,DUdQvCCk2Cu,,"✨創意藝術風法國! 入門價嘆威靈頓牛🥂
-
地區分類：#fca_銅鑼灣
-
平時食完個威靈頓牛都幾百蚊起跳，今次竟然係Causal Fine dining餐廳以人均四百幾就可以食到九道菜，其中一道仲係平時要比較多人先食到嘅威靈頓牛柳😱❤️ 仲要係新年都係依個價錢，可以衝～ 
-
🥂𝐒𝐡𝐚𝐫𝐢𝐧𝐠 𝐌𝐞𝐧𝐮 𝐟𝐨𝐫 𝟐 
-
< 𝗦𝗛𝗔𝗥𝗜𝗡𝗚 𝗔𝗣𝗣𝗘𝗧𝗜𝗭𝗘𝗥 𝗦𝗔𝗠𝗣𝗟𝗘𝗥𝗦 >
•田園沙律
•醃漬三文魚
*
< 𝗦𝗘𝗖𝗢𝗡𝗗 >
•烤日本生蠔
•白酒煮青口
•法式雞肉千層酥

一共五款前菜！烤生蠔加上辣肉腸牛油，帶微辣超惹味的🦪 個人最愛法式雞肉千層酥，充滿牛油香嘅酥皮，裏面係滿滿嘅雜菌雞肉餡料，出色喔！💕
*
< 𝗠𝗔𝗜𝗡 𝗖𝗢𝗨𝗥𝗦𝗘 >
•威靈頓牛柳 ($458/位)

一共4款主菜選擇，除左威靈頓牛柳，仲有烤黃油雞（$358半隻）、法式紙包魚($388) 以及法式經典焗龍蝦 ($408)🦞 威靈頓整體做到外皮酥脆，內就軟嫩嘅口感，有點可惜係做得有點鬆散，但牛肉中間位置還是幾粉嫩，感覺可以再生少少😂❤️
*
< 𝗦𝗜𝗗𝗘𝗦 >
•烤西蘭花
•拉特馬鈴薯
*
< 𝗙𝗜𝗡𝗔𝗟𝗘 >
•甜點盛典

一直好欣賞依間餐廳嘅甜品，繼上次大玩畢加索藝術風畫板+甜品餐車，今次就簡單少少，但照樣靚到成幅畫咁✨ 一次過試匀巴斯克芝士蛋糕、合桃蛋糕、棉花糖、朱古力等甜品，勁滿足就對了🥰
-
CulinArt 1862 (銅鑼灣)
銅鑼灣禮頓道29號華懋禮頓廣場地舖及1樓"
,Dieci,中環,西式,300-500,拍拖約會,野豬肉醬寬扁意粉、芝士炸米球、海螺伴香辣蕃茄醬,https://www.instagram.com/p/DTpwrttk88F/,DTpwrttk88F,,"🇮🇹 100分肉醬寛意粉! 中環新開家鄉風意菜🍷
-
地區分類：#fca_中環 
-
中環又多一間有得食手工意粉嘅意大利餐廳😍 位置竟然開係九記牛腩樓梯下嘅角落位，雖然隱蔽，但無阻佢哋平日照舊爆滿 (剛開放二月中，大家快手喇～) 餐廳由意藉主廚 Paolo Olivieri 主理，主打傳統家鄉風味意菜🍴最特別係每月只會呈獻及更新十道季節菜式，所以如果見到吸引，就盡快試左先喇🤫
-
< 𝗧𝗢 𝗦𝗧𝗔𝗥𝗧 >
•芝士炸米球 ($98)
•24個月義大利風乾火腿 ($98)
•海螺伴香辣蕃茄醬 ($98)
•生牛肉他他 ($228)

全部前菜水準在線上✨ 個人幾鐘意爽脆嘅海螺配上酸甜香辣嘅蕃茄醬，以少許胡椒以及橄欖油作點綴，很開胃~
芝士炸米球拉絲效果誇張到一個點😱🧀 外層係炸至酥脆嘅飯球，釀入牛尾肉醬 & 莫薩里拉芝士，一定要同另一半Share，如果唔係瞬間打爆咗自己一半🤣
生牛肉他他特意選用意大利皮埃蒙特牛，肉質鮮嫩，油脂感會較低。加入了藍芝士及黑松露，風味大大提升同時保留了肉嘅鮮味🐂
*
< 𝗣𝗔𝗦𝗧𝗔 & 𝗠𝗔𝗜𝗡 >
•鮮蝦混合意粉 ($238)
繼上一次食到Pasta Mista已經係幾年前🥹 意大利家庭將每日剩餘嘅意粉混合再煮成一道新嘅意粉菜式🍴 裏面最少有5+意粉造型，口感不一，加上海鮮番茄醬汁以及唔少海鮮配料，味道好鮮～

•野豬肉醬寬扁意粉 ($218)
其中一款手工意粉，有返咁上下厚度，口感彈牙!!! 野豬肉以紅酒慢煮熬燉，濃郁嘅肉醬完美掛滿麵條，我比💯

•酥脆羊排 ($298)
來自主廚祖母食譜，之前食過牛肉 & 豬肉版本，估唔到羊肉也不錯🤭 做到外酥內嫩嘅效果，油香充足，唔太覺有羊臊味～ 
*
< 𝗧𝗢 𝗜𝗡𝗗𝗨𝗟𝗚𝗘 >
•自家製意大利榛子脆餅 ($88)
•堅果蛋糕 ($98)

唔知大家有冇買過Cantucci嚟食，依到嘅除左食到唔少榛子粒，佢哋一旁配搭嘅Vin Santo 意大利傳統風乾甜酒醬好有驚喜🌟 帶溫柔嘅酒香亦唔會太甜，剛好match返甜甜的Cantucci
*
Dieci (中環)
中環歌賦街29-31號B樓"
,Peninsula Sunset Cocktail Cruise (半島天星小輪「世星號」),中環,酒吧,,打卡必到,"招牌雞尾酒, 意大利陳年火腿, 青檸蛋黃醬嫩龍蝦卷, 黑松露帶子慕絲",https://www.instagram.com/p/DUf15_hE0pS/,DUf15_hE0pS,,"🌆 暢飲酒水+小食! 半島天星小輪COCKTAILS PARTY🥂
-
地區分類：#fca_中環  #fca_尖沙咀 
-
‼️ 留言「❤️」DM你半島黃昏雞尾酒維港遊訂位資訊!!!!
-
🚢 𝐏𝐞𝐧𝐢𝐧𝐬𝐮𝐥𝐚 𝐒𝐮𝐧𝐬𝐞𝐭 𝐂𝐨𝐜𝐤𝐭𝐚𝐢𝐥 𝐂𝐫𝐮𝐢𝐬𝐞

極少人知道!!! 半島天星小輪「世星號」除左有下午茶之外，仲有黃昏Cocktail派對🎉😱
指定星期五晚係中環碼頭登船 (兩小時航程)，最正係未上船已經派啤酒比大家Pre Drink先🍻 上左船可以選擇室外/室內～ 之後就係瘋狂Free Flow環節‼️ 全程暢飲啤酒、紅白氣泡酒及招牌雞尾酒🍹
更設手工切割意大利陳年火腿，以及精緻Finger Bites + 小甜品輪流出場，包括青檸蛋黃醬嫩龍蝦卷、黑松露帶子慕絲、紅桑子小泡芙、檸檬芝士蛋糕等。甲板更有DJ現場打碟，加埋VIP維多利亞海景，唔該大家冇飲醉唔好返屋企😎🫶🏻
-
📍 Central Pier No. 7"
,PLAISANCE BY MAURO COLAGRECO,中環,西式,,拍拖約會,法式乳鴿鴨肉批,https://www.instagram.com/p/DTxLBK7k3T-/,DTxLBK7k3T-,,"🌊限時體驗! 米芝蓮一星法式乳鴿鴨肉批🥂
-
地區分類：#fca_中環 
-
由法國米芝蓮三星廚師Mauro Colagreco主理嘅法國菜餐廳，係正公司附近，由佢一開幕到依家都食過好幾次🤭 餐廳除左以海洋為設計靈感，菜式更係以可持續發展，以及海鮮食材為主。
今次適逢與沖繩縣合作，由Executive Chef Mitsuru Konishi主理，推出期間限定5道菜Dinner Menu✨ 裏面採用唔少沖繩時令食材，例如沖繩縣石斑魚、花竹蝦、長尾鯛、沖繩香檸等❤️ 想試嘅朋友仔絕對係入手好時候！
-
🥂 𝐎𝐊𝐈𝐍𝐀𝐖𝐀 𝐃𝐈𝐍𝐍𝐄𝐑
-
𝗔𝗺𝘂𝘀𝗲 𝗕𝗼𝘂𝗰𝗵𝗲
4款餐前小食，個人最愛脆脆的牛肝菌馬卡龍，裏面仲夾住西班牙肉腸；另外北海道帶子、酸甜醒胃嘅西瓜蘿蔔撻 以及黃菜頭榛子撻也很清新✨
*
𝗝𝗮𝗽𝗮𝗻𝗲𝘀𝗲 𝗞𝗮𝗯𝘂 𝗧𝘂𝗿𝗻𝗶𝗽 & 𝗢𝗸𝗶𝗻𝗮𝘄𝗮 𝗦𝘂𝗷𝗶-𝗮𝗿𝗮
日本蕪菁 配沖繩縣石斑魚，以蕪菁葉油、三文魚子等點綴
*
𝗬𝘂𝗻𝗻𝗮𝗻 𝗠𝗼𝗿𝗲𝗹 𝗠𝘂𝘀𝗵𝗿𝗼𝗼𝗺 𝘀𝘁𝘂𝗳𝗳𝗲𝗱 𝘄𝗶𝘁𝗵 𝗞𝘂𝗿𝘂𝗺𝗮𝗲𝗯𝗶
雲南羊肚菌·釀沖繩車海老🥄 
*
𝗢𝗻𝗮𝗴𝗮𝗱𝗮𝗶 𝘄𝗶𝘁𝗵 𝗞𝘆𝗼-𝗡𝗮𝗯𝗮𝗻𝗮 & 𝗔𝗻𝗰𝗵𝗼𝘃𝘆
炭燒日本沖繩縣長尾鯛🐟 搭配鯷魚醬，以薑、檸檬、酸豆等提鮮～ 有點可惜係魚外層未夠焦脆。
*
𝗪𝗶𝗹𝗱 𝗣𝗶𝗴𝗲𝗼𝗻 & 𝗗𝘂𝗰𝗸 𝗣𝗶𝘁𝗵𝗶𝘃𝗶𝗲𝗿
𝗥𝗼𝘂𝗲𝗻𝗻𝗮𝗶𝘀𝗲 𝗦𝗮𝘂𝗰𝗲 𝗮𝗻𝗱 𝗟𝗼𝗻𝗴 𝗣𝗲𝗽𝗽𝗲𝗿
法式乳鴿鴨肉批😍 搭配紅酒肝醬以及長胡椒，剛好襯托返香濃嘅肉香！鴿胸看得見的粉嫩，加上油封鴨肉醬，以金黃酥脆嘅酥皮包裹住～ 好鐘意佢以香甜嘅柿解膩❤️
*
𝗦𝗵𝗶𝗸𝘂𝘄𝗮𝘀𝗮 & 𝗠𝗮𝘀𝗰𝗮𝗿𝗽𝗼𝗻𝗲
沖繩香檸雪葩，酸爽解膩！
*
𝗣𝗲𝘁𝗶𝘁 𝗙𝗼𝘂𝗿
-
PLAISANCE BY MAURO COLAGRECO (中環)
中環都爹利街1號1樓"
,Calle Ocho,銅鑼灣,西式,298-428,打卡必到,流心煎蛋配松露薯仔、西班牙海鮮燉飯、西班牙脆皮肉桂西多士,https://www.instagram.com/p/DThu1cbk4Fy/,DThu1cbk4Fy,,"🇪🇸脆皮西多士! 兩層高西班牙菜餐廳🍹
-
地區分類：#fca_銅鑼灣
-
今次真係抵到喊!!! $298/位起就可以試到銅鑼灣慶生勝地嘅兩層西班牙菜餐廳✨ 仲要係晚市食足5道菜😎 之前起碼都要$3xx起，依家絕對係入手好機會！仲有個貴少少嘅Menu，食多款甜品之外，主菜同前菜都更豐富～
-
𝐃𝐢𝐧𝐧𝐞𝐫 𝐂𝐡𝐞𝐟’𝐬 𝐌𝐞𝐧𝐮 ($428/pp)
-
< 𝗧𝗔𝗣𝗔𝗦 >
•西班牙辣肉腸及風乾香腸
•流心煎蛋配松露薯仔
•香蒜欖油大蝦

一系列經典西班牙前菜選擇！個人最愛一定係流心煎蛋配松露薯仔 ❤️ 薯絲炸得非常酥脆，完美吸收蛋汁以及松露嘅香味～
*
< 𝗠𝗔𝗜𝗡𝗦 >
•西班牙海鮮燉飯
•是日魚鮮

點都要食返個Paella先夠滿足！用上西班牙Bomba米，食落煙韌有口感，充分吸收了海鮮醬汁嘅精華✨ 兩道主菜都另外追加了鮮刨黑松露 +$38
*
< 𝗗𝗘𝗦𝗦𝗘𝗥𝗧 >
•西班牙脆皮肉桂西多士
•巴斯克芝士蛋糕

新推嘅西班牙脆皮肉桂西多士🍞 外層係香脆嘅肉桂糖，搭配焦糖醬以及雲呢拿雪糕，比起之前嘅Churros更有驚喜呢～
芝士蛋糕亦做到香濃綿密，配上紅桑子醬不會太膩
-
Calle Ocho (銅鑼灣)
銅鑼灣加寧街8號Fashion Walk 地下K號舖及1樓"
,NON CAFE,尖沙咀,Cafe,100-200,打卡必到,河內蛋咖啡、越式法包、草莓白玉丸子杜拜朱古力布郎尼椰子雪糕列日窩夫,https://www.instagram.com/p/DTnL6RQE0cI/,DTnL6RQE0cI,,"🇻🇳越南夫婦主理! 街尾隱蔽越南Cafe☕️
- 
地區分類：#fca_尖沙咀 
- 
去Cafe千篇一律食ADB 同Pasta? 🤫 依間係尖沙咀街尾位置，由越南夫婦主理～ 主打一系列正宗越南菜以及咖啡，經過食返個Bánh mì飲返杯河內蛋咖啡，超滿足！
-
•越南鮮蝦米紙卷 ($68)
•雞絲越式湯河 ($78)
•越式五花腩法包 ($58/半份, $98/全份)
•越式醬炒牛肉法包($73/半份, $123/全份)

越南當然唔少得食Pho，湯底幾唔錯，清而香，河粉亦夠滑溜🥢 如果tea time嚟可以揀越南法包🥖 配料很到位，肝醬完全係越南嘅味道，最重要嘅法包亦夠香脆，唔會鎅口～ 醬炒牛肉會更惹味點！
*
•焙茶椰子雪糕提拉米蘇白玉丸子列日窩夫 ($108)
•草莓白玉丸子杜拜朱古力布郎尼椰子雪糕列日窩夫 ($138)

最近新出嘅冬日窩夫系列🍴 睇個菜式名，就知超多配料🤣 個人比較推薦草莓口味🍓 配上最近大熱杜拜朱古力+布郎尼+手工椰子雪糕，再配上麻糬皮窩夫，很滿足～ 另一款焙茶搭配椰子雪糕也不錯，tiramisu咖啡香可以再出啲～ 生日仲會有生日牌比你慶祝添🤭
*
•河內蛋咖啡 ($60)
•棉花糖泡沫咖啡 ($55)
•喜馬拉雅粉鹽忌廉咖啡 ($60)

當然唔少得一系列越南特色飲品，除咗經典越南滴漏咖啡、越式斑斕茶等，仲有好耐冇飲過嘅河內蛋咖啡🥹☕️ 面層奶油般嘅泡沫係由蛋黃 & 糖打發而成，飲落去同時會飲得出蛋香同咖啡嘅香味，直程係越南嘅味道！
-
NON CAFE (尖沙咀)
尖沙咀亞士厘道24-38號天星大樓地下C號舖"
,Bakehouse,灣仔,西式,300-400,拍拖約會,牛骨髓和牛面頰酥皮批、海鹽拖肥椰棗馬德蓮、蟹肉海膽三文魚子包,https://www.instagram.com/p/DTckKNkk_FM/,DTckKNkk_FM,,"🍽️神級和牛酥皮批! 灣仔Bakehouse晚市登場🥖
-
地區分類：#fca_灣仔
-
Bakehouse港島嘅粉絲唔洗再出沙田，都食到佢哋嘅晚市Menu喇😭❤️ 照舊都係高質兼抵食，人均三百幾食6道菜，唔少新菜式之餘，好多仲用上Bakehouse自家製麵包，絕對滿足到一眾嘅麵包控😎 
-
🍴𝐃𝐢𝐧𝐧𝐞𝐫 𝐒𝐞𝐭 𝐟𝐨𝐫 𝟐 ($680)*
* 2 Small Bites + 2 Mains + 1 Side + 1 Dessert
*
< 𝗦𝗠𝗔𝗟𝗟 𝗕𝗜𝗧𝗘𝗦 >
•意式迷迭香蒜橄欖油包 
•蟹肉海膽三文魚子包 (+$88)
•一口香甜麻辣炸雞

去Bakehouse點少得食麵包🤣 忍唔住手點咗兩款都係麵包嘅前菜～ 香蒜橄欖油包夠鬆軟而且帶陣陣蒜香，新鮮出爐，熱辣辣即刻食，果然係唔同啲！蟹肉海膽三文魚子包足料到嚇親，外層麵包亦係好香牛油味🧈 另外之前仲試咗麻辣炸雞，外層香脆，偏香甜風味，如果辣啲會更加過癮🥰
*
< 𝗠𝗔𝗜𝗡𝗦 >
•牛骨髓和牛面頰酥皮批 (+$30)
•烤魔鬼魚翼配檸檬味噌牛油醬

全晚MVP和牛面頰酥皮批‼️ 外層係烤至香脆嘅自家製酸種牛角酥皮粒，下層係經過8小時慢煮嘅澳洲和牛肉，配上牛骨髓嘅油香，正到喊😭❤️ 
*
< 𝗦𝗜𝗗𝗘𝗦 >
•烤西蘭花苗配煙燻紅椒蛋黃醬
*
< 𝗗𝗘𝗦𝗦𝗘𝗥𝗧𝗦 >
•法式焦糖布甸
/
•海鹽拖肥椰棗馬德蓮 (+$20)

法式焦糖布甸幾香蛋香，食落甜度剛好🍮 大推海鹽拖肥椰棗馬德蓮，完美吸收拖肥醬，再配上牛奶意式雪糕，好邪惡！
-
Bakehouse (灣仔)
灣仔大王東街14號地舖"
,Ole Spanish Restaurant,中環,西式,288-600,拍拖約會,巴斯克式青豆燉小魷魚、原隻羊仔肩配切片薯仔、巴斯克芝士蛋糕,https://www.instagram.com/p/DTKisDEk_wM/,DTKisDEk_wM,,"🇪🇸神秘木門後的27年正宗西班牙菜✨
-
地區分類：#fca_中環 
-
距離公司只有五分鐘的西班牙菜餐廳，已經差不多六訪🤭 就算經過門口，好多人都未必察覺原來有間餐廳～ 一推開木門已經有Live band迎接，內裏亦係充滿氛圍感🕯️ 最近新廚登場，新菜式都很有水準，尤其係甜品，正到可以開一間甜品舖🤣💕 平日$288/位就已經試到三道菜Set Lunch，中環區算係幾抵玩！
-
< 𝗧𝗔𝗣𝗔𝗦 > 
•蟹肉三文魚子薯仔沙律配多士 ($158)
•巴斯克式青豆燉小魷魚 ($168)
•洋蔥蒜蓉蕃茄汁煮鮮大蜆 ($160)

推薦燉小魷魚🦑 口感Q彈而且裏面掛滿香甜帶鮮嘅醬汁；煮鮮大蜆，除左蜆肉夠厚身，仲完美沾滿以番茄、煙燻紅椒、洋蔥、蒜蓉、白酒等調製嘅醬汁，有提鮮開胃嘅作用🍴
*
< 𝗠𝗔𝗜𝗡 𝗖𝗢𝗨𝗥𝗦𝗘 >
•Sanfaina醬鱈魚焗豆 ($330)
鱈魚做到非常嫩滑，但面層焗過帶焦香感嘅蒜蓉蛋黃醬奶油絕對係Highlight位，更惹味之餘仲同鱈魚嘅油香很Match🙂‍↕️💕

•原隻羊仔肩配切片薯仔 ($598)
夠哂巨型嘅原隻羊仔肩😱🔥 以香料低温慢煮16小時，再用焗爐烘烤至外皮酥脆金黃，同時做到肉質軟嫩兼保留充分肉汁💦 一切輕鬆脫骨，羶味亦比較少；一旁嘅薯仔亦吸收哂迷迭香和百里香嘅香味，整道菜式絕對係高分之作！
*
< 𝗗𝗘𝗦𝗦𝗘𝗥𝗧 >
•巴斯克芝士蛋糕 ($88)
•榛子黑朱古力熔岩蛋糕伴雲呢拿雪糕 ($98)

甜品亦係由主廚Salvador製作，食完可以話係被西班牙菜耽誤的甜品師?!?!🥹❤️ 巴斯克芝士蛋糕香滑而不膩，中間呈軟心效果，面層灑上自家製橘子 crumble &青檸皮細屑，整體意外地很輕盈!!! 
冰火交融嘅心太軟，因用上74%黑朱古力，剛好的可可甘苦味，亦不會過於甜膩🤭 主廚成功將兩款原本很heavy的甜品變得很容易接受呢～
-
Ole Spanish Restaurant (中環)
中環雪廠街24-30號順豪商業大廈1樓"
,7-Eleven,,酒吧,,打卡必到,酒精版明治草莓朱古力,https://www.instagram.com/p/DYewEzEBDsP/,DYewEzEBDsP,,"🍓手殘調酒! 酒精版明治草莓朱古力🍫
-
Threads上爆紅嘅明治青提子朱古力調酒，其實同一牌子，大家嘅童年回憶- 明治三角草莓朱古力都係超級易整😎✨ 便利店裏面搵三款材料就搞得掂，又打到卡又溝到女～ 作為妹豬Pre Drink酒正到喊!!!

🔸維記特濃朱古力奶｜半盒
🔸士多啤梨真露｜適量
🔸維他低糖士多啤梨奶｜倒滿
-
📍 7-Eleven便利店有售"
,吟坐 炉端居酒屋,中環,日本料理,100-200,深夜食堂,吞拿魚蓉爆丼壽司、季節關東煮五盛、烤和牛丼飯,https://www.instagram.com/p/DTPtRHok043/,DTPtRHok043,,"🏮20秒公開! 在港日本人私藏の居酒屋🍶
-
地區分類：#fca_中環 
-
在港日本人夜晚聚腳點，跟住佢哋帶路一定冇錯～ 居酒屋主打爐端燒、關東煮等佐酒菜式，上年年尾先新開，由雙日本主廚主理，當晚90%都係日本客，瞬間好似飛咗去日本咁🤭✨ 平日午市定食$98起，係中環區算係幾抵玩！
-
•季節關東煮五盛 ($95)
•高湯玉子燒佐三文魚籽 ($68)
•吞拿魚蓉爆丼壽司 ($128)
•原隻燒雞腿 ($103)
•日式三款烤魚盛盒 ($158)
•烤和牛丼飯 ($108)

天氣凍當然要食暖笠笠嘅關東煮🍢 神還原日本風味，大根吸飽湯汁好入味！
之後係4款招牌人氣菜式，必點成座山嘅吞拿魚蓉爆丼壽司，綿密嘅口感好滿足！
原隻燒雞腿，面層燒至焦脆，再配以柚子胡椒以及漬物解膩✨ 
日式三款烤魚盛盒，可以試匀燒三文魚、鯖魚以及鰻魚，魚皮都燒得幾靚，魚肉亦保留唔少水份～
烤和牛丼飯，和牛份量多到連飯都見唔到🤣❤️ 顏色非常粉嫩，肉質幾軟腍，配埋隻溫泉蛋一齊食，個飯秒清是常識吧！
-
吟坐 炉端居酒屋 (中環)
中環士丹利街11號Stanley 11 23樓"
,文華扒房及酒吧,中環,西式,1188,拍拖約會,煙燻蜜柑油封本地紅鯛配紫蘇醬、栗子黑朗姆酒雪糕甜品,https://www.instagram.com/p/DTSQ6CkE0jY/,DTSQ6CkE0jY,,"🍴文華扒房翻新前衝刺! 全新炭火煙燻菜單🔥
-
地區分類：#fca_中環 
-
‼️留言「🌟」DM你獨家9折優惠+免費餐前香檳&餐酒各一杯‼️

文華扒房+酒吧將於2 月起暫時關閉進行翻新，所以今個月就係最得機會試新登場法籍大廚Junior Nadje嘅全新菜單🫢❤️ Junior擁有超強星級背景，曾於多間米芝蓮星級餐廳任職，包括Alléno Paris、里昂的La Mère Brazier等～ 而今次整個Menu圍繞火元素與煙燻風味，平衡於煙燻與清新之間✨非常值得大家一試！
-
🥂 𝐃𝐢𝐬𝐜𝐨𝐯𝐞𝐫𝐲 𝐌𝐞𝐧𝐮 ʙʏ ᴄʜᴇꜰ ᴊᴜɴɪᴏʀ ɴᴀᴅᴊᴇ ($1188/位)
-
< 𝗧𝗼 𝗦𝘁𝗮𝗿𝘁 >
•Grilled seasonal vegetables platter
炭烤時令蔬菜沙律🌿 以沙律為唯一嘅前菜，可見主廚對佢嘅出品幾有信心～ 蔬菜炭烤過，清甜得嚟帶炭香嘅點綴。
*
< 𝗙𝗿𝗼𝗺 𝘁𝗵𝗲 𝗦𝗲𝗮 >
•Grilled red mullet , shiso puree , smoked mandarin confit
煙燻蜜柑油封本地紅鯛配紫蘇醬✨ 全晚最愛嘅菜式!!! 魚肉結實鮮嫩，最重要係外皮做到焦脆，帶陣陣煙燻香氣！搭配紫蘇以及香橙元素，剛好Balance返整個味道～
*
< 𝗙𝗿𝗼𝗺 𝘁𝗵𝗲 𝗟𝗮𝗻𝗱 >
•Grilled chicken marinated with tarragon, salsifies potato, sauce supreme
香草龍蒿炭燒烤雞🐓 幾有趣地保留了雞皮下嘅油脂感，彌補返雞胸肉嘅少油份嘅問題，同時雞胸亦處理得很軟嫩～
*
< 𝗣𝗼𝘀𝘁 >
•Artisan cheese selection
/
Tahitian vanilla, chestnut, pear, dark rum ice cream

甜品拜托大家一定要點栗子甜品🌰 同樣係由大廚炮製，以大溪地香草、栗子及香梨入饌的，配上的黑朗姆酒雪糕簡直係MVP嘅存在，酒香突出，點綴了整個甜品，存滿冬日嘅感覺！
-
文華扒房及酒吧 (中環)
中環干諾道中5號香港文華東方酒店1樓"
,Social Goods,中環,Cafe,50-100,打卡必到,Eggies (雞蛋造型蛋撻)、法式千層酥牛角包 (Mille-Feuille Croissant),https://www.instagram.com/p/DTNH7csEx21/,DTNH7csEx21,,"🥐人氣雞蛋蛋撻! 中環新開法式烘焙店☕️
-
地區分類：#fca_中環 
-
中環最近新開最紅一定係依間烘焙咖啡店，上星期開不足幾日，平日11點幾已經Full house😱🔥 由法國主廚主理一系列麵包甜點🇫🇷 款式幾多，經典以及新派都有！最特別又最搶手一定係雞蛋造型蛋撻🥚 聽店員講朝早十點左右已經賣哂～ (昨日還是很幸運地係11:30買到，但出爐數量真的很少呢)
-
Apple Tart ($52)
Mille-Feuille Croissant ($60)
Eggies ($18/pc)
Pistachio Cloud ($60)

其實整體pastries價錢都唔平，但水準絕對在線上✨ 10am前賣清嘅𝐄𝐠𝐠𝐢𝐞𝐬🥚 其實似係Mini蛋撻，香脆嘅酥皮包住香滑嘅custard，但略嫌filling偏少唔夠過癮，但用雞蛋盒裝住又幾IGable嘅🤭
推薦法式千層酥牛角包🥐 用上焦糖化嘅牛角包代替千層酥嘅酥皮，夾住嘅忌廉亦唔會太甜，否則會太Heavy~ 超大一個，同人Share會更好！
-
Social Goods (中環)
中環威靈頓街43號新利大廈LG樓"
,炭兎,灣仔,日本料理,300-500,大班聚會,炭燒名古屋交趾雞、鐵板明太子芝士玉子燒、北海道產豬肉芥辣火鍋,https://www.instagram.com/p/DTZ_19xjykW/,DTZ_19xjykW,,"🇯🇵日本豚肉祭! 朝聖全港最嗨居酒屋🍻
-
地區分類：#fca_灣仔
-
今次終於有機會朝聖依間全港最嗨嘅居酒屋🤣🔥 提提大家真係要Book好位先去，當晚平日都爆場～ 居酒屋由日本人主理，主打備長炭火爐端燒，仲有香港超少地方見到嘅圍爐燒😱✨ 由店員擔當氣氛組，有人慶生即請全場飲Sake，中場玩小遊戲誇張到成支清酒送出去!!! 全晚氣氛超好冇悶場，啱哂同一班朋友去Hight返晚～
-
•北海道產豬肉芥辣火鍋 ($380)
•厚切五花肉平燒 ($98)

兩款用上北海道產豚肉嘅限定菜式✨ 最近天氣凍推薦試豬肉芥辣火鍋，豚肉爽彈帶油香，醬油湯底配上大量芥末，就算唔洗點額外醬汁都好入味🍲 另外厚切五花肉平燒，豚肉肥瘦相間🐖 裏面除左蔬菜仲有芝士～
*
•炭燒名古屋交趾雞 ($168)
•鐵板明太子芝士玉子燒 ($108)

私心推介必點‼️ 席前炭燒交趾雞，雞肉爽嫩而且外層帶陣陣炭香，送酒一絕!!! 玉子燒裏面係滿滿嘅明太子，加上明太子芝士忌廉，絕對係最近食過咁多間居酒屋最正嘅玉子燒！

•自家製法式芝麻栗子蛋糕 ($148)
甜品最特別一定係自家製Mont Blanc😍 仲有黑芝麻口味！綿滑嘅黑芝麻栗子蓉+黑芝麻雪糕，正！

•Mega Habu酒 Highball ($128)
-
炭兎 (灣仔)
灣仔皇后大道東202號QRE Plaza 6樓"
,The Ice Cream & Cookie Co.,上環,甜品,85,打卡必到,Marshmallow Cloud Affogato (焦糖脆餅/茉莉花白朱古力Gelato),https://www.instagram.com/p/DTU1uyAk2TI/,DTU1uyAk2TI,,"☕️冬日隱藏版! 燒棉花糖Gelato x Affogato🍨
-
地區分類：#fca_中環 
-
之前中環雪糕合輯冇機會介紹到嘅新加坡品牌雪糕店，之前試過盒裝覺得一般，但今次去門店食新鮮製嘅Gelato反而有驚喜😆💕 除咗每日有10款口味選擇，發現原來出多咗好多甜品，例如雪糕曲奇三文治，同埋今次特登去試嘅隱藏版燒棉花糖Affogato (門店Menu暫時仲未有Show出嚟喔🤫) 除咗價錢小貴，其他冇乜毛病🤣🤣
-
•Marshmallow Cloud Affogato ($85)

除左可以揀一球自己鐘意嘅Gelato口味，仲可以揀想配熱朱古力定咖啡☕️ 今次終於試到一直想試嘅Biscoff Cookie焦糖脆餅，質感香滑幾香焦糖味，最重要係每啖都食到脆餅🤭❤️ 但點都會偏甜少少，建議配返咖啡Balance返！
另外MVP茉莉花白朱古力，食落帶明顯嘅花香，行小清新路線，就咁食抑或配返杯朱古力都唔會太Heavy✨
-
The Ice Cream & Cookie Co. (上環)
上環歌賦街18號地舖"
,Katsu by Tonari,上環,日本料理,168-200,打卡必到,黑吉列豬柳、吉列豬柳、拌麵,https://www.instagram.com/p/DTfJd0Sk2ll/,DTfJd0Sk2ll,,"🐖韓國團隊打造! 全港最DOPE粉紅吉列豬🥢
-
地區分類：#fca_上環 
-
絕對係香港食過數一數二嘅吉列豬😭❤️ 完勝唔少日本過江龍店～ 依間一月先新開，由韓國團隊打造嘅日式吉列豬專門店，竟然可以將豬肉做到非常粉嫩，而且充滿肉汁！多款醬汁選擇，就算食到最後都唔會膩，而且麵豉湯+白飯+泡菜都係無限refill，就算男仔都夠晒飽！
-
•吉列豬柳 ($168-188)
•黑吉列豬柳- 每日限量 ($178)

新鮮即炸，外層酥脆唔油膩✨ 肉質亦驚人地非常軟嫩，一咬即開，而且保留到唔少肉汁💦 每日限量嘅黑吉列豬柳，炸粉加入左黑竹炭，配上粉紅吉列豬，瞬間化身Blackpink🩷🖤 其實味道上冇乜大不同，但感覺肉質更嫩口！
最正嘅係可以自由配搭醬汁，包括自家製豚肉醬、松露油、芥末、黃芥末、檸檬汁以及海鹽，所以就算食到最後都唔會膩😎
每個Set都包含無限供應麵豉湯+白飯+泡菜😇
*
•拌麵 ($188)
雖然得兩款拌麵選擇，但都夠Dope！烏冬粗身非常煙韌，拌上蔥花、蛋黃、肉醬以及蒜蓉等配料，每一啖蒜香味都超出🥹🥢 食到一半可以加醋解一解膩，食完加埋個飯，撈埋個汁，雙重碳水不得了～
-
Katsu by Tonari (上環)
上環文咸東街147號萬和閣地舖"
,Jungle Grill,葵芳,西式,338-398,大班聚會,德國芝士腸、燒肉眼、燒豬腩肉、燒菠蘿、森巴雞,https://www.instagram.com/p/DTDIwkFE5WX/,DTDIwkFE5WX,,"🇧🇷2小時任飲任食! 全新巴西燒烤自助餐🔥
- 
地區分類：#fca_葵芳 
- 
食肉獸一定唔可以錯過近排新開嘅巴西燒肉‼️ 超誇張15+肉類菜式係你面前即切兼任食😱 仲有大大個沙律吧+雞尾酒/啤酒都可以任飲！新一年又有新嘅Quota食盡佢！

‼️ 由即日起至31/1 新張期內，係依個Post留言Tag 朋友，follow + tag @junglegrillhk，4人同行，一人免費！生日慶祝仲有免費驚喜‼️
-
🍖 2小時巴西燒烤自助餐*
*19:00前離座/20:30後入座：$338/位
*正價時段：$398/位
*價錢包含無酒精飲品暢飲
*任飲啤酒+雞尾酒 +$120/位
-
< 自助冷盤吧+自助下單 >
自助吧以凍肉、沙律菜、意粉為主，仲有幾款凍海鮮以及一款熱湯~ 意大利飯 & 甜品要用手機自助下單 ，但建議大家可以Skip個飯，留位食多啲肉仲好🤣
*
< 巴西燒肉 >
🌟德國芝士腸
🌟燒牛柳/燒肉眼
🌟燒豬腩肉
🌟森巴雞
🌟墨西哥辣椒豬肋條
🌟燒菠蘿
🌟燒雞翼

如果食齊一Round可以試匀18款Items😍 食過好食可以同店員特別Encore~ 個人推介會爆汁嘅脆皮德國芝士腸，超Juicy好啱送啤酒🍻 

肉類方面，唔少得燒牛柳/燒肉眼，個人更愛肉眼，夠軟嫩多汁！燒豬腩肉竟然做到外層焦脆內粉嫩嘅效果，有驚喜！另一款豚肉眼會配蜜糖芥末醬✨ 豬肋條用上墨西哥辣椒醃製，辣勁十足夠惹味～ 雞肉方面除左有大家最愛嘅燒雞翼、蜜糖燒雞鎚，仲有用上10幾款香料+ 椰汁醃製嘅森巴雞🥥🐓 

蔬菜方面，有蒜鹽翠玉瓜、蒜蓉茄子以及冇得輸嘅燒菠蘿🍍🔥 酸甜開胃爆曬汁，超級解膩～
-
Jungle Grill (葵芳)
葵芳興芳路177號葵芳廣場地下18號舖"
,萬豪旅享家「萬味奇遇 2025」,灣仔,中菜,,打卡必到,花膠雲腿燉雞湯、紅燒乳鴿配松露鹽及沙田百花蜂蜜、大嶼蜂蜜龜苓膏,https://www.instagram.com/p/DS4g_5jk4mo/,DS4g_5jk4mo,,"🥂萬豪名廚打造! 10道港式風味新菜式✨
-
地區分類：#fca_灣仔
-
早前好有幸獲得邀請，參加萬豪國際集團旗下嘅萬豪旅享家「萬味奇遇 2025」啟動禮，一邊欣賞銅鑼灣至上環嘅城市美景之餘，仲可以品嚐到由Food Studio精心設計嘅精緻美點💕 絕對係一個幾特別嘅體驗～

今年「萬味奇遇 2025」有超強陣容! 由10 位來自全港 10 間萬豪旗下酒店嘅名廚，以香港本地元素打造10款全新菜式，每一道菜體現到香港文化之餘，仲充滿驚喜～

由即日起，食客可於香港9間指定萬豪酒店的「萬味奇遇」自助餐專區試到以下精選菜式✨
-
•豆豉鯪魚醬脆米餅配千島湖魚子醬
•醉海鮮配海藻沙律及么鳳話梅汁
•招牌艾草茶粿
•花膠雲腿燉雞湯
•大牌檔臭豆腐配咖哩蟹鉗
•紅燒乳鴿配松露鹽及沙田百花蜂蜜
•黑松露銀耳鮮百合炒澳洲和牛粒
•避風塘炒龍蝦海鮮燴意大利飯
•大嶼蜂蜜龜苓膏
•港式奶茶焦糖燉蛋
每一道菜式都充份體現本地食材嘅運用以及地道嘅風味🥰 一致好評，飲到每位嘩嘩聲嘅花膠雲腿燉雞湯，用上大澳漁村花膠，加上本地雞、本地赤肉、雲南金華火腿等慢燉6小時，真係每一啖都係精華‼️

作為「沙田友」，一定要介紹由香港沙田萬怡酒店行政總廚炮製嘅沙田乳鴿😍 做到皮脆肉嫩，特別加入沙田永和蜜蜂場嘅百花蜜，外皮帶陣陣香甜味！

甜品方面，大嶼蜂蜜龜苓膏一定係最近食過最靚嘅甜品🏝️ 沙灘造型襯托海龜造型龜苓膏，配上大嶼山蜂蜜🍯 剛好Balance返龜苓膏嘅甘苦～

@marriottbonvoy #TasteOfWonders #MarriottBonvoy #萬豪旅享家 #一城食材 #萬味奇遇"
,川燒 串燒·酒埸,灣仔,居酒屋,100-200,深夜食堂,高壓鍋蒸乳山蠔、燒鰻魚串、炭燒雞肉串、炭燒豬肉串、日式清酒煮蜆,https://www.instagram.com/p/DSrBhdVE4oW/,DSrBhdVE4oW,,"🏮高壓蒸肥蠔！港島$10抵食串燒居酒屋🔥
-
地區分類：#fca_灣仔
-
‼️$10串燒
‼️Happy Hour 嘆$39杯Highball
‼️宵夜時段，正價Menu 8折
‼️生日限定免費Sake/Whisky Bomb 🥃🎁

喺灣仔搵到最抵玩嘅零晨串燒居酒屋🏮 開至2AM，仲要45+串燒款式選擇！最重要係氣氛幾好，玩埋個Whisky Bomb，店員一定確保每一位客人醉住返屋企！
*
< 海鮮系列 >
•高壓鍋蒸乳山蠔 ($138/6隻)
•燒蘇格蘭蒜蓉粉絲蒸蟶子皇 (時價)
•燒日本汁燒大元貝 (時價)
•鹽燒大頭蝦 ($28)
•黑松露醬燒鮑魚 (時價)
•日式清酒煮蜆 ($58)

海鮮基本講得出嘅都有🤣 但一定要試招牌高壓鍋蒸乳山蠔，用上高壓鍋完美鎖住生蠔汁水以及鮮味🦪 蒸到出嚟每一隻都脹卜卜好肥美～ 另外蟶子皇亦係超厚肉；日式清酒煮蜆嘅湯底係鮮到一個點！
*
< $10串燒 >
•日本燒雞皮
•燒雞軟骨
•燒秋葵
•炸蝦餅
•燒墨魚餅
*
< $15串燒 >
•燒金菇肥牛卷
•燒鰻魚串
•炭燒雞肉串
•炭燒豬肉串
•燒多春魚

試玩一定主攻$10/$15串燒，個人推薦燒鰻魚串/炭燒雞肉/炭燒豬肉串，味道都在線，送啤酒冇得輸🍻
(每款兩串起, 適用於逢星期回至四 晚上時段18:00-23:00 / 星期六 晚上時段18:00-24:00)
*
< 招牌手工系列/前菜 >
•桂花蜂蜜小蕃茄 ($38)
•麻辣脆炸小酥雞 ($38)
•脆炸芝士蝦多士 ($28)
•麻辣紅油抄手 ($32)
•燒法式黑松露鵝肝蘋果多士 ($78)

店內仲有幾多幾特別嘅手工菜式🔥 麻辣紅油抄手嘅麻辣醬幾過癮；鵝肝多士煎至金黃香脆，再配上蘋果解膩以及黑松露作點綴，每一啖都夠哂
-
川燒 串燒·酒埸 (灣仔)
灣仔駱克道399號地舖"
,昼月,銅鑼灣,日本料理,464,大班聚會,聖誕刺身盛、清酒放題、和牛壽喜燒,https://www.instagram.com/p/DSr9qIlk02L/,DSr9qIlk02L,,"🍶免費の清酒放題! 聖誕抵玩居酒屋❄️
-
地區分類：#fca_銅鑼灣
-
出哂名$88暢飲3小時清酒嘅依間港島居酒屋，聖誕都照舊都係依個價之餘，如果Order 聖誕刺身盛，直情送埋清酒放題😎🎄 好貼心知大家聖誕假期要飲返杯Relax下～ 每日有24款清酒坐鎮，有幾款仲係冬季限定❄️ 當日差不多輕鬆試匀哂～
-
🦞聖誕刺身盛· 清酒放題 ($928/2位)
依個刺身拼盤對於二人份嚟講絕對夠哂豐富！當中包括原隻澳洲龍蝦刺身、油甘魚、間白、池魚、深海池魚以及香蔥吞拿魚腩卷 🥢 食刺身最重要係配返杯清酒🍶
*
•燒蟶子 ($78)
•汁燒豆腐 ($28)
•海膽三文魚茶碗蒸 ($88)
•和牛壽喜燒 ($268)

如果帶多幾個朋友嚟，可以散叫下串燒，同樣係佐酒一流😎 聖誕凍返啲，食返個暖笠笠嘅和牛壽喜燒就最好不過！
-
昼月 (銅鑼灣)
銅鑼灣謝斐道535號Tower 535 3樓301號舖"
,Beans Cafe,,Cafe,88-198,拍拖約會,暖冬甜意雪糕火鍋、獨自快樂雪糕火鍋,https://www.instagram.com/p/DTAj6fdk4hr/,DTAj6fdk4hr,,"🎄甜蜜冬日! Häagen-Dazs雪糕火鍋🍨
-
依個冬天大家都需要一點甜🫶🏻 最近Häagen-Dazs與Beans Cafe合作，推出兩款冬日朱古力雪糕火鍋，等大家同另一半或朋友仔食完晚餐之後，可以慢慢一齊嘆埋個雪糕火鍋😉 作為節日嘅甜品一夠晒有儀式感~
-
⛄️ 𝐖𝐚𝐫𝐦 𝐖𝐢𝐧𝐭𝐞𝐫 𝐂𝐡𝐨𝐜𝐨𝐥𝐚𝐭𝐞 𝐅𝐞𝐚𝐬𝐭
  暖冬朱古力火鍋盛宴
-
🌟暖冬甜意雪糕火鍋 ($198/2人份)
可以同另一半或者朋友仔Share嘅雪糕火鍋Set❤️ 除左有Häagen-Dazs期間限定曲奇雪糕系列- 曲奇抹茶及曲奇朱古力雪糕，仲有多款配料，包括新鮮水果、棉花糖及曲奇餅以及朱古力蛋糕～ 沾上暖笠笠嘅Häagen-Dazs 脆皮朱古力，雪糕面層秒變朱古力脆皮，真係雙倍滿足🤭
*
⭐️ 獨自快樂雪糕火鍋×雪糕單球 ($88)
更有一人版雪糕火鍋✨ 可自選曲奇抹茶/曲奇朱古力雪糕一球，配上軟糯棉花糖，一樣咁正咁滿足～
-
Beans Cafe全線分店有售

@haagendazs_hong_kong
@beans_cafe_hk"
,Cruise Restaurant & Bar,北角,酒吧,428,拍拖約會,90分鐘任食法國生蠔、烤橡果飼伊比利亞黑毛豬頸肉、Tai O Mary,https://www.instagram.com/p/DSzr-78k0Ch/,DSzr-78k0Ch,,"🥂270度海景! 空中酒吧任食法國生蠔🦪
-
地區分類：#fca_北角
-
Hyatt Centric 頂樓嘅空中餐廳Cruise，逢星期一至四都有限定Menu✨ 星期二任食和牛、星期三龍蝦主題、星期四戰斧牛扒以及今次星期一嘅生蠔任食菜單!!! 當日6:30到餐廳已經Full左80%‼️ 除左90分鐘任食生蠔外，仲有幾款生蠔前菜，另外仲可以望住靚靚維港景嘆全新以香港離島為靈感嘅雞尾酒🍹✨
-
🦪 𝗢𝗬𝗦𝗧𝗘𝗥 𝗖𝗘𝗟𝗘𝗕𝗥𝗔𝗧𝗜𝗢𝗡 ($428/pp)*
*逢星期一 5-11PM供應
-
< 生蠔前菜 >
•蒜蓉橄欖油漬生蠔
•麻辣生蠔涼拌皮蛋
•冬陰功龍蝦湯
*
< 90分鐘任食生蠔 >
當日係任食法國生蠔🇫🇷 肉質爽脆，海水味唔算好出，算係清爽type，搭配法式經典木犀草醬、馬薩拉醬 & 泰式海鮮醬，食多幾隻都冇難度！記得有枱食左七十幾隻蠔🫢 
*
< 主菜 >
•烤橡果飼伊比利亞黑毛豬頸肉
•鑊炒和牛粒 (+$38)
個人推薦豬頸肉😍 肉質爽彈，配上青木瓜沙律&泰式辣醬很惹味；鑊炒和牛粒就幾夠鑊氣🔥
*
< 配菜 >
•雞蛋炒飯
*
< 𝗦𝗜𝗣 𝗧𝗥𝗜𝗣: 𝗦𝗛𝗜𝗣 & 𝗦𝗔𝗜𝗟 >
一共9杯香港離島系列雞尾酒🍹最特別一定係用上大澳蝦醬，混合黑冧酒 & 澄清番茄汁嘅𝐓𝐚𝐢 𝐎 𝐌𝐚𝐫𝐲，鹹鮮味幾突出；長洲芒果糯米糍夠哂Iconic，而依杯𝐌𝐚𝐧𝐠𝐨 𝐌𝐨𝐜𝐡𝐢飲落就好似食左粒芒果糖咁🥭
-
Cruise Restaurant & Bar (北角)
北角北角邨里1號香港維港凱悅尚萃酒店西座23樓"
,GANTO GELATO,沙田,甜品,50,打卡必到,粟米肉粒飯Gelato、椰汁紅豆冰,https://www.instagram.com/p/DTFtm63kyZq/,DTFtm63kyZq,,"🌽茶餐廳系列! 粟米肉粒飯Gelato🍨
-
地區分類：#fca_沙田
- 
依間人氣本地Gelato店每個月都會轉新主題，而今個月係要着兩條褲去試嘅茶餐廳系列😍 有大家最熟悉嘅凍檸茶檸、港式咖啡、港式奶茶、椰汁紅豆冰、奶醬多，同竟然仲有Show me your love 粟米肉粒飯🤣 加埋常規口味，一共16款口味，每人可以試四款味道～
-
🍨 𝐒𝐦𝐚𝐥𝐥 𝐃𝐨𝐮𝐛𝐥𝐞 ($50/2款口味)
•粟米肉粒飯
•椰汁紅豆冰
•皮埃蒙特榛子
•西西里開心果

大家最好奇嘅粟米肉粒飯，其實有啲似粟米忌廉湯+煙肉碎🌽🥓 味道出奇地Match，鹹甜組合瞬間戰鬥力UP! 😛 
椰汁紅豆冰🫘 就是平時椰汁紅豆冰的味道，但因為試過之前Venchi的版本，感覺有大大粒的紅豆會更有口感～
-
GANTO GELATO (沙田)
沙田沙田正街2-8號新城市廣場三期1樓A121號舖
(另設屯門、觀塘、銅鑼灣、荔枝角分店)"
,Food Studio,灣仔,自助餐,,大班聚會,海膽魚子醬紫菜塔可、新鮮蒸焗龍蝦、龍蝦喇沙、爆膏麵包蟹,https://www.instagram.com/p/DSukHtgk96Y/,DSukHtgk96Y,,"✨任食海膽+魚子醬! 30秒睇全新自助餐5大焦點✨
*
香港萬麗海景酒店全新自助餐廳- Food Studio
9月開幕即係自助餐界爆紅🔥 襯住聖誕節主題，幫大家整合5大重點位！食匀凍海鮮、任食海膽魚子醬、蒸新鮮龍蝦、龍蝦喇沙以及原個自家聖誕蛋糕❗️誇張到仲可以+$168/位暢飲Espresso Martini 🍸☕️
-
🎄FOOD STUDIO｜可可佳節自助晚餐頌宴*
* 由2025年11月29日至12月31日期間供應
*
< 冰鎮海鮮 & 刺身 >
•龍蝦
•雪蟹腳
•麵包蟹
•帶子/翡翠螺/鮮蝦/青口
•帶子/三文魚/吞拿魚/油甘魚/紅蝦

可以主攻爆膏麵包蟹、雪蟹腳以及紅蝦刺身！整體水準在線上❤️ Refill速度亦好快
*
< 招牌回本菜式 >
•新鮮蒸焗龍蝦
•海膽魚子醬紫菜塔可
•招牌魚子醬配小薄餅 (24-25/12供應)
•龍蝦喇沙

重點回本一定係海膽魚子醬紫菜Tacos😎 可以瘋狂Encore!!! 雖然長期有條人龍，但都散得幾快，去到最後就完全唔使排添～新鮮蒸龍蝦比凍龍蝦更正，識玩一定要加埋熱溶芝士🧀🦞 龍蝦喇沙除左有半隻龍蝦，個湯底濃到一個點～
*
< 烤肉區 >
•招牌烤火雞
•香煎鴨肝
•燒乳豬
•蜂蜜丁香烤聖誕火腿
•烤和牛/烤牛肋扒/燒羊架

Grill Station超多選擇❤️ 記住要試聖誕節限定烤火雞以及烤火腿！
*
< 節日甜品 >
最搶眼一定係多款原個蛋糕🎂✨ 包括個人最愛蘋果甘筍合桃蛋糕、必食巴斯克芝士蛋糕、朱古力聖誕樹頭蛋糕、抹茶林明頓蛋糕、開心果牛油蛋糕、菠蘿檸檬椰子蛋糕 & 抹茶木糠布丁！小甜品Tiramisu & 栗子蒙布朗也很好吃🌰 當然仲有唔同口味嘅Gelato~
-
Food Studio (灣仔)
灣仔港灣道1號香港萬麗海景酒店閣樓"
,炙・宴,,日本料理,100-200,打卡必到,輕燒宮崎和牛鰻魚三吃、一本鰻魚三吃,https://www.instagram.com/p/DS7G6dzE60I/,DS7G6dzE60I,,"🇯🇵最強の組合! 宮崎和牛+鰻魚三吃🔥
-
絕對係香港數一數二抵食嘅日式炙燒丼飯專門店！之前都覺得佢哋嘅日本炙燒豚肉飯正，但今次冬季限定推出嘅宮崎牛x鰻魚三食系列，又再次燒到我🥲❤️ 選用4屆榮獲「日本一」殊榮嘅宮崎和牛，配上肥美嘅燒鰻魚真係冇得輸!!! 仲可以試匀三種食法，埋單竟然都係百幾就落到樓?!?!
-
•一本鰻魚三吃 ($168)
•輕燒宮崎和牛三吃 ($188)
•輕燒宮崎和牛鰻魚三吃 ($168)

如果係鰻魚控的話，建議可以Order一本鰻魚三吃～ 原條閃令令超肥美嘅鰻魚好滿足❗️一開始可以先食原味，之後再配以適量嘅芥末、蔥花、海苔以及芝麻調味；最後可以淋上熱茶湯，整個人立刻暖哂☺️🍵
個人最愛一定係輕燒宮崎和牛鰻魚三吃，一次過食匀宮崎和牛+鰻魚😍 特意選用4屆榮獲「日本一」殊榮嘅特上宮崎和牛，顏色粉嫩而且油脂豐富，經過輕燒，油香更突出！估唔到配茶湯飯又幾夾✨
另外可以試埋沖繩豬肉煎餃 ($48) 以及厚炸沖繩島豆腐 ($42)，鐘意煎餃皮薄脆🥟
-
炙・宴 各分店有售"
,Homeland,旺角,西式,200-400,打卡必到,韓式玫瑰醬龍蝦QQ捲捲意粉、原隻波士頓龍蝦明太子海鮮薄餅、火焰桂花啤酒雞,https://www.instagram.com/p/DSfFmwfE0Ro/,DSfFmwfE0Ro,,"⛄️慶祝聖地! 旺角儀式感MAX餐廳🎂
- 
地區分類：#fca_旺角 
- 
最近咁多節日要慶祝，終於有機會朝聖依一間有「最強畫碟」之稱嘅西餐廳，估唔到平日都爆場～ 除左有慶生一條龍服務，仲有個城市夜景俾你睇🤭 個Vibe同儀式感都比到足！
-
•地中海風鮮大蜆青口 配酸種麵包 ($258)
•韓式玫瑰醬龍蝦QQ捲捲意粉 ($228)
•原隻波士頓龍蝦明太子海鮮薄餅 ($248)
•火焰桂花啤酒雞 ($348)
•特濃開心果巴斯克奶蓋蛋糕 ($118)
•精選紅酒 Shiraz ($68)

全晚MVP我頒比玫瑰醬龍蝦捲捲意粉💓 Creamy嘅醬汁掛滿Q彈嘅捲捲意粉，温和嘅辣味好過癮！龍蝦肉外層香炸過，口感更豐富！
超誇張嘅原隻龍蝦海鮮薄餅🍕🦞 應該係最足料嘅薄餅之一～批邊係香脆Type，醬汁加左明太子更惹味了！
另一款好有睇頭嘅菜式- 席前火焰桂花啤酒雞🐓🔥 外皮燒至金黃香脆，亦Keep到唔少肉汁，用手撕嚟食風味瞬間Up!
重點甜品環境，當然要朝聖一下依到嘅超強畫碟🎨 (寫字畫碟費用 $35) 真係超有心思的！
慶祝生日的話仲會播生日歌+即影即有～
-
Homeland (彌敦道) (旺角)
旺角彌敦道726號19樓"
,海玥餐廳,愉景灣,自助餐,888,打卡必到,戶外炭烤海鮮（烤龍蝦、烤生蠔）、即燒原隻乳豬、豐洲直送刺身（深海池魚、金目鯛）,https://www.instagram.com/p/DShqcfZE9Xe/,DShqcfZE9Xe,,"🌊入住180度海景房! 炭燒海鮮早午餐✨
-
地區分類：#fca_愉景灣 
-
‼️留言「❤️」DM你愉景灣180全海景客房Staycation懶人包‼️

喺度一次過入住人生最靚180度海景房，兼
嘆埋最誇張嘅週日户外炭燒海鮮Brunch😎 聖誕期間入住 (2025年12月12日至31日)，連自助早餐+晚餐低至$18xx，如果想入住影片介紹嘅180全海景客房，都只係$24xx😱🔥
-
🌊 鮮遇臻味·週日自助早午餐 ($888/位)*
*時間: 早上11時30分至下午3時
*包含無限暢飲咖啡、茗茶、鮮榨果汁
*無限暢飲指定紅白酒、香檳、清酒及啤酒 (+$200/位)
-
< 户外炭烤區 >
每人半隻烤龍蝦，另外生蠔、鱈魚、帶子、大蝦、秋刀魚等都係任食😱🔥 生蠔就算燒完都係咁脹卜卜🦪 最誇張係有即燒原隻乳豬，燒完喺燒味部就有得拎～
*
< 凍海鮮區 >
•梅酒浸南非鮮鮑魚
•珍寶蟶子王
•阿拉斯加蟹腳
•珍寶貴妃蚌
•俄羅斯魚子醬

全部海鮮都係JUMBO Size會唔會太過分?!🥸 
*
< 刺身區 >
•豐洲直送- 深海池魚
•豐洲直送- 金目鯛
•北海道帶子
•牡丹蝦
•北寄貝/三文魚/紋甲魷魚

完全係壽司店級數嘅刺身🥹✨ 一定要主攻兩款有豐洲直送嘅刺身，兩款都係白身魚，肉質有彈性，夠晒鮮，食多幾轉都唔會膩～ 牡丹蝦超級爽甜，亦可以主攻！
*
< 水果/甜品 >
一共八款水果選擇，最特別係有4款來自日本，包括提子、香梨、蜜瓜以及柿子🇯🇵 一系列自家製甜品，竟然仲有懷舊龍鬚糖 & 糖蔥餅；當然唔少得Häagen-Dazs(超愛Biscoff味🫶🏻) 另外仲有款神秘甜品，當日係芒果椰皇雪糕～
-
📍海玥餐廳(愉景灣)
愉景灣海澄湖畔路88號香港愉景灣酒店地舖"
,板神鉄板燒日本料理,觀塘,日本料理,1190-1390,拍拖約會,澳洲龍蝦、南非鮑魚、A5和牛,https://www.instagram.com/p/DSKKoNhEwI6/,DSKKoNhEwI6,,"🇯🇵聖誕の大滿足! 龍蝦·鮑魚·和牛鐵板燒🎄
- 
地區分類：#fca_觀塘 
- 
聖誕節又係去食西餐?! 依家食日式鐵板燒仲豐富～ 一次過食匀龍蝦+鮑魚+A5和牛+拖羅‼️連前菜 & 甜品都超有心思整埋聖誕造型～ 人均都係一千鬆啲就食足十二道菜，真係分分鐘出去鋸返塊靚啲嘅牛扒都唔止🤭
-
🎄聖誕の盛典二人前 ($2380-$2780/2位)*
*17/12前預約即享85折優惠
*12月24-26, 30-31日供應
-
•前菜、沙律
•刺身五款
•澳洲龍蝦（1隻）
•南非鮑魚
•白鱈魚
•和牛A5薄燒及厚燒/法國鵪鶉
•季節煮物
•炒飯、漬物、麵豉湯
•聖誕限定甜品三點

一共食足12品夠哂滿足🤭❤️ 一開始以三款前菜打開序幕，有聖誕樹菠菜薯仔沙律🎄、七彩炸雞 以及薑餅人造型玉子燒～ 刺身分別為魷魚、帶子、油甘魚、赤身 & 拖羅。

進入鐵板燒環節🔥 原隻澳洲龍蝦，用上蝦頭膏+牛油製作醬汁，夠哂鮮之餘肉質非常爽彈！南非鮑魚超生猛，所以用上鹽同胡椒簡單調味就可以😍 白鱈魚煎至兩面金黃焦脆，配上香草牛油，油份豐富～ 主菜可以選擇A5和牛/法國鵪鶉，但感覺聖誕點都要食牛扒先過癮😛
最後一定有返碗招牌炒飯、漬物、麵豉湯～ 聖誕甜品亦非常有心思，小雪人雪糕大福⛄️ 聖誕餅乾以及可麗露！
-
板神鉄板燒日本料理 (駿業街) (觀塘)
觀塘駿業街43號地舖"
,Twist Pasta Bar,中環,西式,200-400,打卡必到,咖哩牛骨髓通粉 (Bone Marrow Macaroni)、鯷魚多士 (Cantabrian Anchovy Toast)、香辣伏特加長通粉 (Baked Rigatoni),https://www.instagram.com/p/DSXDw3pE3rE/,DSXDw3pE3rE,,"🇮🇹新開意粉店! 九記版咖哩牛腩手工通粉‼️
-
地區分類：#fca_中環
-
話說世一酒吧Bar Leone有個最強風水陣，係附近開嘅餐廳基本都爆滿😂 而依間手工意粉店都唔例外，一新開已經晚晚爆場～餐廳由大家熟悉嘅Honky Tonks、Bourke’s等團隊打造，唔少菜式都大膽地加入香港本土元素，而其中致敬九記咖喱牛腩嘅Pasta，絕對係今年食過最有驚喜之一嘅手工意粉😭❤️ 佢哋嘅酒吧團隊一向好有料，雞尾酒有水準就對了～
-
< 𝗡𝗢𝗧 𝗣𝗔𝗦𝗧𝗔 >
•Cantabrian Anchovy Toast ($60)
•Cacio e Pepe Crochette ($60)
•’Nacho Italiano‘ Steak Tartare ($120)

試左3款主菜，最愛嘅竟然係平時最討厭嘅鯷魚多士😱‼️ 用上香脆嘅Focaccia麵包，上面放上自家製焦化奶油、醃大蔥以及香蔥，配以鯷魚，一啲腥味都冇，取而代之係鹹鮮以及牛油嘅油香！
炸羊奶芝士外層好酥脆，裏面香滑唔會膩🧀 一旁嘅黑蒜蛋黃醬加左唔少分，會係咁追住嚟食!!!
*
< 𝗙𝗥𝗘𝗦𝗛 𝗣𝗔𝗦𝗧𝗔 >
•Squid Ink Spaghetti ($170)
•Baked Rigatoni ($180)
•Bone Marrow Macaroni ($180)

墨魚汁意大利麵，特別在於加入香港蝦籽提鮮🖤 但個人覺得墨魚汁麵嘅鮮味被麵粉味蓋過了～
每枱必點- 香辣伏特加長通粉😍 不自覺會對比香港另一間意大利餐廳的出品。依到嘅酸度 & 辣度會出啲，焗過嚟外層會帶焦脆感；另一間亦會Creamy啲，味道比較温和～
全晚MVP- 咖哩牛骨髓通粉‼️ 以九記牛腩為靈感，用上偏港式風味嘅咖哩汁，煮得超入味軟腍嘅牛腩肉+靈魂牛骨髓，通粉完美掛滿醬汁，充滿香料味以及油香，絕對會Encore~
*
< 𝗣𝗢𝗦𝗧-𝗣𝗔𝗦𝗧𝗔 >
•White Chocolate and Soy Milk Panna Cotta ($80)
•Crispy Egg Roll Cannoli ($60)

2款融入港式元素嘅甜品🤤 用木桶裝住嘅豆腐花意大利奶凍，滑溜帶豆奶香味！
經典意大利甜餡煎餅卷，外層用上40年老字號齒來香蛋卷，口感更酥脆，裏面香滑嘅Ricotta一擁而上🤭❤️ 愛了！
-
Twist Pasta Bar (中環)
中環必列者士街17號地舖"
,曲奇四重奏,尖沙咀,甜品,228-398,打卡必到,招牌蝴蝶酥（推薦伯爵茶味）、2025尊貴禮盒聖誕限定、聖誕造型曲奇,https://www.instagram.com/p/DSR5pE1E81H/,DSR5pE1E81H,,"✨閉眼入手! 香港元祖級蝴蝶酥專門店🤩
- 
地區分類：#fca_尖沙咀 
- 
‼️只要係店內消費，出示依個post即可領取蝴蝶酥體驗裝一份‼️

能夠係香港逆市擴張嘅，依間應該係其中一間🙂‍↕️ 亦係個人最愛蝴蝶酥店之一～ 開業17年，由香港小姐冠軍謝甯創辦，亦係香港第一間曲奇 & 蝴蝶酥專門店，絕對係香港本地烘焙寶藏店之一🤭 最正嘅係今年聖誕，禮盒用上紅金色天鵝鐵盒，大雅實用🦢 同時帶聖誕喜慶感，無論係做手信抑或自己食都咁開心~
-
🎄 2025聖誕禮盒 ($228)
🎁 2025尊貴禮盒聖誕限定 ($398)

個人大推尊貴禮盒聖誕限定‼️ 升級包含 22 種口味！除左有多款口味招牌蝴蝶酥，包括原味、抹茶、伯爵茶、榛子 & 朱古力，真係超級酥脆唔油膩，充滿牛油香🧈 私心推伯爵茶味，茶香意外地出！
仲有10款口味曲奇+ 牛油酥條～ 最特別係超齊款聖誕造型曲奇🤩 有可愛薑餅、好意頭招財貓、優雅天鵝、節日聖誕樹 以及團圓哈哈笑曲奇❤️ 啱哂打卡又好食～
-
曲奇四重奏 (金輝大廈) (尖沙咀)
尖沙咀加拿芬道16號金輝大廈地下F號舖

@cookiesquartetltd"
,Chalet Des Alpes,中環,西式,1088,大班聚會,芝士火鍋、Raclette烤溶芝士拼盤、黑朱古力撻,https://www.instagram.com/p/DScMPUUk_YV/,DScMPUUk_YV,,"🫕 阿爾卑斯小木屋嘆雙重芝士火鍋🏔️
-
地區分類：#fca_中環 
-
留喺香港都好似去咗轉瑞士咁！聖誕最好feel嘅餐廳一定唔少得人氣阿爾卑斯小木屋餐廳⛄️ 今年仲要升級回歸，樓高兩層地方大左～ 酒吧區超壯觀 ！今年Game Room轉移至上層，有得玩足球機、巨型層層疊、UNO以及桌球🎱 真係會同朋友玩到唔捨得走！

用餐後更有機會贏取瑞士雙人豪華之旅 (包括瑞士國際航空香港來回經濟艙機票、兩張頭等八日瑞士旅行通行證，以及在瑞士頂級四、五星級酒店住宿)🤩 真真正正去個瑞士旅行!!!
-
⛷️𝐂𝐡𝐚𝐥𝐞𝐭 𝐃𝐞𝐬 𝐀𝐥𝐩𝐞𝐬 𝐌𝐞𝐧𝐮 ($1088/pp)*
*由即日起至15/1/2026供應
*包含暢飲礦泉水/氣泡水/氣泡茶及汽水
*暢飲香料熱紅酒/精選紅白酒及氣泡酒/喜力啤酒 (+$200/位)
*暢飲法國歌榭香檳/蛋奶酒/精選開胃酒/86 Spritz/氈酒湯力/馬丁尼/斯佩特櫻桃酒 (+$600/位)
-
•羊萵苣沙律
•聖丹尼爾火腿、煙燻火腿、沙樂美米蘭腸
•烤溶芝士拼盤
•芝士火鍋
•黑朱古力撻、香緹忌廉

與上年嘅Menu大同小異，今次嘅Raclette烤溶芝士更好食，可以Feel到外圍烤得脆脆嘅口感🧀 芝士火鍋同以往一樣用上埃文達芝士+格魯耶爾芝士，芝士味超香濃!!! 分別加入了白酒 & 櫻桃白蘭地，酒香比出面食到嘅更出✨ 最後軟心黑朱古力撻冇得輸🤭
-
📍Chalet Des Alpes (中環)
 18 Shelly Street"
,港灣壹號,灣仔,中菜,,大班聚會,魚子醬三十年陳皮鮮鴨膶腸乳豬脆鍋巴、三十年陳皮鮮臘肉蒸黃花魚柳、燕窩鮮肉臘腸焗蛋撻,https://www.instagram.com/p/DSPvwB4k3OQ/,DSPvwB4k3OQ,,"🥢聯乘澳門老字號臘味店! 打造最強臘味菜式✨
-
地區分類：#fca_灣仔
-
留言「❤️」DM你兩款獨家發售特上燕窩鮮肉臘腸+三十年陳皮鮮鴨潤腸購買連結‼️

人生第一次試成個Menu全部都係臘味菜式😱🔥 今個冬天米芝蓮推介粵菜廳- 港灣壹號與有「臘味專家」之稱，1964年澳門老品牌- 龍天燒臘，聯乘推出獨家限定發售臘腸+潤腸！最特別係喺臘腸裏面加入了燕窩，取代傳統肥豬肉，感覺更健康✨ 而潤腸則加了三十年陳皮，入口超級香～
餐廳更用臘味炮製出多款時令菜式，完全係為冬天而設，帶屋企人嚟一定滿意🤭
-
🥢港灣壹號 x 澳門龍天燒臘- 時令精選套餐*
*每位包含Les Massales 2020香檳一杯
-
•港灣薈萃
(水晶皮蛋子薑｜蟹粉小龍包｜魚子醬三十年陳皮鮮鴨膶腸乳豬脆鍋巴)
•香檳茸水東芥菜炒鮮肉臘味
•三十年陳皮鮮臘肉蒸黃花魚柳
•荔浦芋蓉鴛鴦腸焗豆胚
•鮮肉臘味炒糯米飯
•三十年陳皮桃膠燉津梨
•燕窩鮮肉臘腸焗蛋撻｜三十年陳皮鮮鴨潤腸南乳蓮蓉酥
•三十年陳皮話梅山楂茶

整個Menu，由頭至尾以自家臘腸連貫所有菜式✨ 一開始已經比佢哋嘅膶腸乳豬脆鍋巴驚艷到，膶腸以及乳豬嘅油香融合，再以魚子醬作點綴，味道甘香油潤❤️
另外蒸黃花魚柳亦係個人最愛，放上三十年陳皮+鮮臘肉一齊蒸，陳皮嘅香味以及臘肉嘅油份充分滲透於魚肉中～
甜品竟然係燕窩臘腸蛋撻，但意外地超好吃😭✨ 酥皮非常酥脆，臘腸嘅鹹味剛好Balance返蛋漿嘅甜味～最後嘅陳皮話梅山楂茶非常解膩！
-
港灣壹號 (灣仔)
灣仔港灣道1號君悅酒店7-8樓"
,鳳園椰子雞,旺角,火鍋,200-300,打卡必到,美好冬日椰子雞、肉肉聖誕樹、海鮮拼盤,https://www.instagram.com/p/DSUdzU9ky5Q/,DSUdzU9ky5Q,,"🎄聖誕夠養生! 冬日足料滋潤椰子雞🐓
- 
地區分類：#fca_旺角 
- 
今個聖誕快啲Tag你哋嗰個需要養生嘅朋友仔，去試依個超抵玩，人均只要$2xx就可以食足八道菜嘅椰子雞套餐！

‼️依家只要用餐時提及「FCA」，即可以免費兌換「銀耳桃膠蓮子羹」一份
‼️ OpenrRice收藏打卡送聖誕蘋果包
-
🎄聖誕限定美好雙人套餐 (優惠價$588, 原價$776)*
*需於OpenrRice上訂座購買方可享用優惠價
*價錢已包含加一服務費
*送季節限定毛絨公仔兩隻
-
•美好冬日椰子雞（半隻雞）
•肉肉聖誕樹
•海鮮拼盤
•娃娃菜
•米飯2碗/公仔麵
•士多啤梨氣泡水
•蘋果氣泡水
•雪花椰絲樹

冬日椰子雞伴上士多啤梨、楊桃 & 蘋果，立刻變得超節日感✨ 加埋整個泰國椰青，成個湯底變得超清潤香甜，直程可以當湯飲嗰隻～ 雞肉亦夠Q彈帶椰香～
聖誕限定- 肉肉聖誕樹🌲🥩 有咩開心過食得嘅聖誕樹，仲要係鋪滿牛肉，食肉獸表示很滿意～ 另外仲有可以食匀生蠔、鮑魚 & 鮮蝦嘅海鮮拼盤🦪 蠔肉超級肥美的!!!
最後仲有夠哂夢幻哪士多啤梨氣泡水 & 蘋果氣泡水，以及QQ的雪花椰絲樹，帶椰香不會太甜，秒清🤭❤️
-
鳳園椰子雞 (旺角)
旺角豉油街36-42號榮高大廈地下至2樓"
,弁慶 御好燒 鐵板燒,中環,日本料理,200-400,拍拖約會,熱熔芝士大阪燒、爆量蔥花大阪牛筋御好燒、免治雞肉燒,https://www.instagram.com/p/DSZ8FFKkyHt/,DSZ8FFKkyHt,,"🇯🇵大阪過江龍! 全港最好feelの御好燒🔥
-
地區分類：#fca_中環 
-
食御好燒一定要嚟依間! 係中環返工咁耐，依間係大廈樓上嘅大阪過江龍御好燒x鐵板燒店，已經變咗放工後嘅落腳點🤩‼️ 由多位日本師傅主理，當晚有一半嘅客都係日本人～ 平日七點左右都機乎坐滿哂人! 建議大家嚟到一定要坐吧枱位，見到師傅席前炮製之餘，成個氣氛中特別好✨ 
-
•長芋明太子 ($68)
•沖繩早摘水雲 ($68)
•大阪烤牛小腸 ($78)
•免治雞肉燒 ($93)
•炒雜菜 ($80)
•熱熔芝士大阪燒 ($118)
•爆量蔥花大阪牛筋御好燒 ($158)

超鍾意依度嘅水雲，除咗食御好燒嘅時候可以解一解膩，其鍾意依度加咗八爪魚&秋葵，味道更豐富✨ 
上次試過再Encore嘅免治雞肉燒，好鍾意口感上帶點空氣感，而且裏面加咗冬菇同馬蹄，加上蛋汁，一個認真唔夠🤣
大阪燒除咗推薦可以拉絲嘅熱熔芝士大阪燒 (芝士竟然做到一啲都唔膩🧀) 今期限定大阪牛筋御好燒都好正！爆多蔥花之外，牛肉軟腍入味，加上焦香嘅大阪燒，很好吃!!!
-
弁慶 御好燒 鐵板燒 (中環)
中環士丹利街11號Stanley 11 6樓"
,大四囍,跑馬地,中菜,200-400,大班聚會,臘味荔芋雞煲、順德煎焗魚咀、金沙鮮魷、懷舊焗釀蟹蓋,https://www.instagram.com/p/DSCcPkJEZTW/,DSCcPkJEZTW,,"🥢臘味荔芋雞煲! 豪宅區隱藏手工粵菜✨
- 
地區分類：#fca_跑馬地 
- 
如果唔係親戚介紹依間幾隱蔽嘅中菜，都唔知原來跑馬地都可以用親民嘅價錢嘆到傳統粵菜🤭 果然老一輩先夠識食！餐廳由老師傅主理，有唔少手工順德菜，例如順德魚肉羹、蟹肉炒大良鮮奶等 ，真係特別考功夫🔥 當然唔少得每台必點招牌豉油雞以及焗豬扒飯～ 無論係過冬抑或係家庭聚會都啱哂！
-
•臘味荔芋雞煲 ($268)
•順德煎焗魚咀 ($268)

兩款冬季菜式❄️ 大推食完會成個人暖笠笠嘅臘味荔芋雞煲！醬汁充滿芋頭以及臘味嘅香味，質感濃稠，完美掛滿每件雞件～ 第一次食煎焗魚咀，外層煎至金黃焦脆，臉頰肉位置特別充滿膠質，非常惹味，送酒一流！🐟❤️
*
•懷舊焗釀蟹蓋 ($138)
•金沙鮮魷 ($108)
•鮮菠蘿咕嚕肉 ($158)

另外叫左幾道小菜同屋企人Share✨ 焗釀蟹蓋要打前預訂喔~ 食落係滿滿嘅蟹肉絲，裏面有炒香過嘅洋蔥、忌廉、芝士等，好嘅係唔會膩～
必點金沙鮮魷，Q彈嘅魷魚掛滿鹹香沙沙嘅鹹蛋黃醬💛 真係會食唔停口！
送飯一流嘅咕嚕肉，醬汁做到拉絲嘅效果～ 咕嚕肉做到外脆內嫩，但油脂感再重啲會開心啲🤭
-
大四囍 (跑馬地)
跑馬地昌明街1-3號地舖"
,Mason Pocket,上環,Cafe,50-100,打卡必到,經典蛋撻、朱古力蝴蝶酥、牛角包,https://www.instagram.com/p/DSMve0lk_2c/,DSMve0lk_2c,,"🥐OPPA主理! 新開爆焰千層蛋撻Café☀️
- 
地區分類：#fca_上環
-
少有行非洲民族風格嘅咖啡店，仲係由韓國Oppa團隊主理，咁有對比嘅組合點可以唔試🤭❤️ 店內空間感幾好，亦有唔少户外位置～ 最搶眼一定係堆到成座山嘅自家製千層蛋撻 & 牛角包(當然仲有靚仔Oppa🙂‍↕️)‼️ 咁嘅畫面朝早真係特別醒神✨
-
•經典蛋撻 ($38)
•牛角包 ($32)
•朱古力蝴蝶酥 ($46)
•鮮奶咖啡 ($50)
•西柚梳打 ($60)

人手一個超厚餡嘅千層蛋撻😍 外層做到好酥脆，蛋漿夠滑溜而且見到有唔少雲呢拿籽! (但可能新開嘅關係有個蛋撻未熟透) 
牛角包外脆內濕潤，見到裏面嘅蜂巢狀都做得唔錯🥐 
成塊面咁大嘅朱古力蝴蝶酥😱 夠香脆之餘仲幾香牛油味，但真係要兩個人share就對了～
-
Mason Pocket (上環)
Queen‘s Terrace, 1 Queen Street, Sheung Wan"
,Feuille,中環,西式,588-1288,拍拖約會,炭烤石岐乳鴿、西貢龍蝦配龍蝦粥、自家製麵包配Dill Pil Pil醬、煙燻雲呢拿雪糕,https://www.instagram.com/p/DS2Qx8WE4ZE/,DS2Qx8WE4ZE,,"🥂人生必試! 米芝蓮1星+綠星法菜🌿
-
地區分類：#fca_中環 
-
依間主打可以由種子吃到開花結果嘅現代法國菜餐廳，整個菜單圍繞住生長期，由「穀物、種子」、「葉、根、莖」伸延至
「花、果實」及「追根溯源」🌳 所用食材亦主要用上本地～ 短啲嘅Dinner Menu都係$1288/位起，Lunch $588/位起，價錢算係幾親民～整體無論係用餐氣氛以至食物質素亦值得一訪！
-
🇫🇷 𝐌𝐞𝐧𝐮 𝐒𝐢𝐠𝐧𝐚𝐭𝐮𝐫𝐞*
-
< 𝗚𝗿𝗮𝗶𝗻𝘀 & 𝗦𝗲𝗲𝗱𝘀 >
•Lamiaceae Seed - Kombucha
•Mustard Seed - Shiso - Sea Grape
•Sobacha - Comté - Yeast
•Long Pepper - Chestnut - Chervil
•Juniper - Mussel “Éclade”

以招牌奇亞籽康普茶打開味蕾，酸酸甜甜帶微炭酸，清新開胃✨ 
之後係酥脆嘅紫蘇葉，配上少量芥末籽以及海葡萄作點綴，加上芫荽Jelly、香葉芹等，味道很Earthy🌲 
康提芝士泡芙，酥脆嘅外層裏面包住香滑嘅康提芝士忌廉，以面層嘅火腿骨啫喱作點綴。
杜松子青口，右手邊係經過煙燻嘅新鮮青口，配以杜松子汁以及發酵香蕉醬；左手邊係法式白酒煮青口雪糕，意外地容易接受，係清爽嘅鹹鮮味！
*
< 𝗥𝗼𝗼𝘁𝘀, 𝗦𝘁𝗲𝗺𝘀 & 𝗟𝗲𝗮𝘃𝗲𝘀 >
•Feuille Bread - Dill Pil Pil Daikon
Feuille自家製麵包，裏面加左唔少南瓜籽 & 葵花籽🥰 但最特別一定係Dill Pil Pil醬，用上魚骨嘅膠原蛋白，再混合刁草油，質感軟滑，帶陣陣刁草清香🌿

•Kuruma Prawn
兩款做法嘅花竹蝦✨ 一邊以薑醃製，再配以南瓜蓉、南瓜籽、魚子醬以及紅芥菜葉沙律，整體行小清新路線；另一邊以嘅花竹蝦則搭配煙燻蝦頭蛋黃醬，味道濃厚帶鮮！
*
•Wild Fish
當日魚鮮選用香港養殖白姑魚，外層輕輕火炙過，中間保留刺身般粉嫩感🐟 配上蒜香沙巴翁以及泰式羅勒醬～

•Sai Kung’s Spiny Lobster
西貢龍蝦🦞 經過炭火烤製，面層帶焦糖薑蓉甜甜的味道，配以龍蝦沙巴翁醬！另外仲可以夾埋以本地香米製作嘅龍蝦粥，綿軟嘅口感又幾特別～
*
•Mycetes
以姬松茸+白松露+松茸嘅三菌組合，一入口菌香直衝鼻腔，配上松木custard 以及紹興酒汁，非常earthy令人好舒服嘅感覺🤍

•Shiqi Pigeon
熟成3日嘅石岐乳鴿，用炭烤方法達至皮脆肉嫩嘅效果！配以本地種植蔬菜香葉、濃厚乳鴿汁以及艾草沙巴翁蛋黃醬，剛好平衡返整個味道😍 擺盤亦好似個花園咁～
*
< 𝗙𝗹𝗼𝘄𝗲𝗿𝘀 & 𝗙𝗿𝘂𝗶𝘁𝘀 >
•Torch Ginger Flower - Sake
•Magnolia - Chocolate - Rosella

以薑味雪葩伴清酒泡沫清一清味蕾🥄
清新輕盈嘅無花果甜品🥰 下層係杏仁餅，中層係由白朱古力、雲呢拿、無花果醬以及無花果葉組合，搭配新鮮無花果！另一邊附上無花果雪糕、加上無花果油、無花果醋以及無花果粉，真係諗唔到無花果可以有咁多變化😱✨
*
< 𝗢𝗿𝗶𝗴𝗶𝗻𝘀 >
•Brioche - Black Banana - Vanilla
•Hay - Pecan
•Pâte de Fruit

一開始展示嘅Brioche Dough已經烘好，加入了可可豆 & 開心果，入口新鮮鬆軟，配上濃縮香蕉汁以及MVP煙燻雲呢拿雪糕(如果出邊有得賣，我會食10球嘅好味程度🤣)
乾草焦糖燉蛋，雖然樣子唔太討好，但食落香滑得嚟帶點煙燻嘅香味🩶
-
Feuille (中環)
中環威靈頓街198號The Wellington5樓"
,Alva House,沙田,自助餐,589-642,拍拖約會,冰鎮蟹盛、即開生蠔、日式磯燒鮑魚、香印提子&榴槤主題甜品、煎鴨肝,https://www.instagram.com/p/DRb07OsEjpS/,DRb07OsEjpS,,"✨入住2日1夜! 嘆「蟹』主題自助餐🎄
-
地區分類：#fca_沙田
-
留言「❤️」DM你自助晚餐+Staycation攻略!!!

嚟緊聖誕節又唔知去邊嘅朋友仔就記住Bookmark依個post🎄 帶大家平平哋係香港嚟個小旅行✨ 平時食個晚市自助餐都要七百幾起跳，但今次包住埋一晚豪華客房，人均都只係$10xx起!!! 特別啲係可以免費租單車🚴 當然唔少得用埋個Gym以及酒店大堂嘅共享工作空間～ 
-
🦀 環球蟹饌盛宴自助晚餐*
*供應日期：即日至2025年11月30日
*網上預訂可享買二送一優惠，平日折後平均$589/位，假日折後平均$642/位
-
< 重點必食推介 >
•冰鎮蟹盛 ( 麵包蟹/ 鱈場蟹腳/ 鮮三點蟹/加菲蟹 )
•即開生蠔
•日式磯燒鮑魚
•港式薑蔥炒蟹
•花膠鮑螺片
•香印提子&榴槤主題甜品
•自家製意大利雪糕
•Häagen-Dazs雪糕

Alva Hotel嘅自助餐一向高質，由其係今次嘅凍海洋區，集齊麵包蟹、鱈場蟹腳、三點蟹、加菲蟹、凍龍蝦等🦞 比較少見嘅即開生蠔都有，人流去得幾快，食多幾轉都得！刺身可以主攻阿根廷紅蝦，超大隻厚肉！真係見過海鮮最齊全嘅Buffet之一！

另外幾欣賞佢哋有天婦羅、鐵板燒及爐端燒嘅Live Station🔥 當中唔好錯過日式磯燒鮑魚以及煎鴨肝！

甜品絕對係另一MVP位！今期係以香印提子&榴槤為主題！榴槤控可以直衝榴槤斑蘭蛋糕、冰糖榴槤燉蛋、榴槤流心蛋糕、榴槤奶凍以及自家製榴槤意大利雪糕🤭 大家最愛嘅Häagen-Dazs雪糕亦有成6款口味選擇！中場仲有限定宇治抹茶雪糕配十勝紅豆及白玉🍵 賣相味道拍得住日式甜品店！
-
Alva House (沙田)
沙田源康街1號帝逸酒店1樓"
,SUGAR BROTHERS,佐敦,甜品,78-458,打卡必到,傳統聖誕Yule Log Cake（海鹽焦糖流心榛子味）、拿破崙蛋糕、聖誕雜錦禮盒,https://www.instagram.com/p/DSFlFNaEn0a/,DSFlFNaEn0a,,"🎄一切流心! 拿破崙X聖誕樹幹蛋糕🪵
- 
地區分類：#fca_佐敦
- 
留言「❤️」DM你傳統聖誕𝐘𝐮𝐥𝐞 𝐋𝐨𝐠 𝐂𝐚𝐤𝐞 $50優惠碼‼️

香港竟然有做拿破崙做到出神入化嘅小店😱 由五星級酒店甜品師班底主理，亦係全港首創字母拿破崙始祖!!! 唔少明星都揾過佢哋訂蛋糕～ 今年聖誕蛋糕店與Anchor 安佳合作🐄🥛，以安佳草飼乳製品，包括牛油、淡忌廉等製作出超強甜品組合- 聖誕拿破崙樹幹蛋糕✨ 啱晒想要一個不一樣聖誕蛋糕嘅你～
-
🎄傳統聖誕𝐘𝐮𝐥𝐞 𝐋𝐨𝐠 𝐂𝐚𝐤𝐞 （優惠價 $458)
一共3款口味：雲尼拿士多啤梨、藍莓芝士海鹽奶蓋，以及海鹽焦糖流心榛子味！吉士用上Anchor牛油 & 忌廉，香滑帶陣陣牛乳香；最特別係內層竟然係招牌拿破崙，整體做到外柔軟內香脆嘅口感🥰 仲有小薑餅人作點綴！個人推薦海鹽焦糖流心榛子味，不會太甜而且流心效果超邪惡的!!!!😭❤️
*
🎅🏻聖誕雜錦禮盒 (優惠價 $368)
💛桂花薑餅人曲奇(優惠價 $78)

另外仲有兩款聖誕甜品禮盒🎁❄️ 聖誕雜錦禮盒裏面除左有皇牌超酥脆嘅原味蝴蝶酥外，仲有5款口味曲奇：芝士夏威夷果仁、京都抹茶、雙重朱古力、桂花薑餅人& Baileys 咖啡！可以試唔咁多口味真係好滿足😌
聖誕節點少得嘅薑餅人🤭 帶點橙皮及桂花嘅香味～同樣用上Anchor牛油🧈 無添加化學劑純天然外，整出嚟嘅曲奇都好鬆脆！
@anchor_food.professionals.hk
-
SUGAR BROTHERS (佐敦)
佐敦長樂街19號木的地酒店地下4-5號舖"
,Dragonfly,中環,酒吧,194-400,打卡必到,"Festive Afternoon Tea Set, Comfort Rum Punch",https://www.instagram.com/p/DR1la5BEbcf/,DR1la5BEbcf,,"🎄聖誕下午茶! 打卡全港最美蜻蜓酒吧🧚
-
地區分類：#fca_中環 
-
有近500隻蜻蜓陪你嘆嘅聖誕下午茶✨ 酒吧隱藏係歷史古蹟大館內，被稱為香港最美酒吧之一！好似置身於19世紀波希米亞氛圍下，近聖誕節嚟成個Vibe啱哂，出片率100～下午茶三層架都係人均$194，份量超足的，唔係淨係for打卡咁簡單🙂‍↕️❤️ 

另外可以一次過試埋最近新出，以新藝術風格為靈感嘅雞尾酒🍸個人比較推介Comfort Rum Punch ($148)，以白冧酒 & 椰子冧酒做Base，加入椰子水、煉奶 & 菠蘿泡沫，係非常易入口，帶熱帶風味嘅雞尾酒🌴
-
🧚 𝐅𝐞𝐬𝐭𝐢𝐯𝐞 𝐀𝐟𝐭𝐞𝐫𝐧𝐨𝐨𝐧 𝐓𝐞𝐚 𝐒𝐞𝐭 ($388/2pp)*
*包含茗茶兩位
*+$68氣泡酒或精選雞尾酒一杯
*+$288/位- 三小時無限暢飲氣泡酒、紅白酒、啤酒、Bellini、Bloody Mary、Mojito雞尾酒
-
< 𝗦𝗪𝗘𝗘𝗧 >
•覆盆子海綿蛋糕
•水果吉士迷你撻
•迷你馬卡龍
•金寶脆脆配雜莓忌廉杯
•迷你薑餅
•聖誕手工朱古力
*
< 𝗕𝗥𝗘𝗔𝗗 & 𝗣𝗔𝗦𝗧𝗥𝗜𝗘𝗦 >
•瑪德蓮蛋糕
•英式鬆餅
•朱古力鬆餅
•雜莓醬餡甜冬甩
•丹麥提子卷
*
< 𝗦𝗔𝗩𝗢𝗨𝗥𝗬 >
•香烤玉米肋骨
•野菌芝士撻
•辣肉腸及芝士配牛油包
•迷你鹹派
-
Dragonfly (中環)
中環荷李活道10號大館10&13座監獄長樓及C倉地下G01&G03號舖"
,Casa Sophia Loren,灣仔,西式,398,拍拖約會,招牌龍蝦手工幼麵配龍蝦濃醬、法國David Herve生蠔,https://www.instagram.com/p/DRwavrpkdiC/,DRwavrpkdiC,,"🇮🇹龍蝦手工意粉! 任食法國生蠔早午餐🍾
-
地區分類：#fca_灣仔
-
講到慶祝聖誕最有Feel嘅地方，其中一間一定係百年歷史和昌大押內嘅依間意大利餐廳🇮🇹⛄️ 之前都試過佢哋嘅週末Brunch，同樣係任食法國生蠔+多款意式前菜，主菜可以試埋招牌龍蝦手工寬條麵✨ 但今次係聖誕節主題，仲要人均$3xx/位，比之前五百幾一位仲平左😱🎄
整個12月餐廳聯乘法國香檳Perrier-Jouët🥂，推出24日嘅Advent Calendar，只要係當日享用指定菜式/菜單，即可免費嘆香檳一杯!!!
-
🎄 𝐀’𝐓𝐀𝐕𝐎𝐋𝐀 𝐁𝐮𝐟𝐟𝐞𝐭 𝐁𝐫𝐮𝐧𝐜𝐡 ($398/pp)*
*3小時暢飲紅白酒 (+$200/pp)
*3小時暢飲PJ香檳/紅白酒/Mimosa/ Bloody Mary/Espresso Martini (+$200/pp)
-
< 𝗕𝘂𝗳𝗳𝗲𝘁 𝗖𝗼𝗿𝗻𝗲𝗿 >
一系列海鮮/意大利前菜/沙律任食🥗 當日海鮮包括凍蝦、蜆、魷魚以及青口！當然唔少得法國David Herve生蠔任食🦪‼️ 每次半打咁order～ 食落爽甜，以任食嚟講幾高質🙂‍↕️❤️ 其餘仲有煙三文魚、巴馬火腿、即焗薄餅等選擇～
*
< 𝗠𝗮𝗶𝗻 > 
•龍蝦幼麵配龍蝦濃醬 (+$98)
•羊膝配黑葉甘藍 (+$98)

其實唔洗另外加錢就已經食到海鮮燉飯/燒牛肉/西班牙豬腩肉卷等主菜🤭 但建議大家一定要Upgrade試下依到嘅招牌龍蝦手工幼麵🦞 醬汁濃厚充滿海鮮嘅鮮味，亦有唔少新鮮龍蝦肉，真係每次嚟都會order～ 羊膝一睇就知叫入味，肉質滑嫩，係略嫌搭配嘅黑葉甘藍有點偏重味了。
*
< 𝗗𝗲𝘀𝘀𝗲𝗿𝘁 > 
•精選雪糕，蛋糕及鮮果
•意大利檸檬甜酒

甜品拼盤亦超有睇頭，一次過食匀雪糕、檸檬雪葩、朱古力慕絲蛋糕、鮮果以及意大利飯後甜酒Limoncello🍋
-
Casa Sophia Loren (灣仔)
灣仔莊士敦道60-66號和昌大押1樓"
,馬德拉葡國餐廳,,葡國菜,200-300,拍拖約會,鴨肉千層面佐低溫香草蛋、招牌芝士熔岩馬介休球、迷迭香烤全雞,https://www.instagram.com/p/DSmfaYZkxFx/,DSmfaYZkxFx,,"🎄澳門過聖誕! 人均2百幾嘆葡式聖誕大餐🇲🇴
-
地區分類：#fca_澳門
-
聖誕節又想去個小旅行嘅朋友仔，不況考慮過澳門一轉✨ 估唔到咁有儀式感嘅葡式聖誕大餐可以咁抵玩!!! 依間葡國餐廳 @madeira.mo 由50幾年葡餐經驗大廚坐鎮，直程係官也街附近超方便，樓高三層湖水綠葡式小樓非常顯眼❤️ 連澳門朋友都非常推薦！除咗人均二百幾就可以嘆聖誕大餐，食完飯仲可以帶埋招牌芝士熔岩馬介休球 (MOP 38)以及葡撻 (MOP 12)返香港做手信添🌟
-
⛄️ 𝐂𝐡𝐫𝐢𝐬𝐭𝐦𝐚𝐬 𝐌𝐞𝐧𝐮 𝐟𝐨𝐫 𝐓𝐰𝐨
  聖誕二人餐 ($520/二位用)
-
< 𝗔𝗣𝗘𝗥𝗜𝗧𝗜𝗙 >
•蘋果南瓜湯力
*
< 𝗦𝗧𝗔𝗥𝗧𝗘𝗥𝗦 >
•琅蜜堅果烤南瓜
/
•串燒風味豬腩肉
•馬介休溏心蛋 (MOP 68)
*
< 𝗦𝗼𝘂𝗽 > 
•耶路撒冷濃湯
*
< 𝗠𝗔𝗜𝗡 𝗖𝗢𝗨𝗥𝗦𝗘 >
•芝士忌廉馬介休撻佐蔓越莓汁
•鴨肉千層面佐低溫香草蛋

主菜4選2，個人超推鴨肉千層面，手撕鴨肉醬濃厚入味，配上蛋漿很不錯💓 另外仲有燉牛尾以及薯蓉鹹牛肉配非洲雞選擇～

•迷迭香烤全雞 (MOP 268)
•葡式釀魷魚筒 (MOP 198)

另外亦可以單點聖誕限定迷迭香烤全雞🐓🔥 咁大隻雞真係要出面整先做到皮脆肉嫩嘅效果!!! 一切見住爆哂汁，外皮亦帶迷迭香嘅香味，同朋友Share就最好不過🍴 
另外第一次試葡式釀魷魚筒，係Q彈嘅魷魚筒裏面釀入加了魷魚嘅肉碎🦑 醬汁鹹香帶鮮！
*
< 𝗗𝗘𝗦𝗦𝗘𝗥𝗧 >
•布朗尼松果塔
-
馬德拉葡國餐廳 (氹仔舊城區)
氹仔舊城區地堡街292號地舖"
,THE STAGE,灣仔,酒吧,100-200,拍拖約會,Cheese Fondue (雙重芝士火鍋)、Triomphe of French Fries (炸薯條山),https://www.instagram.com/p/DSHnBuokrKT/,DSHnBuokrKT,,"🫕炸薯條山! 古蹟內嘆雙重芝士火鍋🎷
-
地區分類：#fca_灣仔
-
原來喺百年古蹟裏面嘆芝士火鍋係咁浪漫✨ 依間爵士樂酒吧隱藏喺和昌大押裏面，喺出邊睇真係充滿神秘感～ 亦係個人灣仔裏面最鍾意嘅酒吧！佢哋Happy Hour超抵玩，除左有買一送一優惠(一杯紅酒都係$50🍷)，仲可有$10愛爾蘭生蠔🦪 最近臨近聖誕，竟然有芝士火鍋食，人均都係百幾左右，可以慢慢嘆之餘仲可以聽Jazz，儀式感真係比到足😍
-
•Cheese Fondue ($258)
分別用上兩款瑞士芝士：Gruyere & Emmentaler🇨🇭食落超香濃，酒味亦唔會太Over，整體味道Balance得幾好～ 火鍋配料除左有必備脆麵包 & 薯仔，仲有醃青瓜以及法式風乾香腸！聽住Live Music慢慢嘆，簡直係人生贏家🤭❤️

•The stage Burger ($198)
•Triomphe of French Fries ($188)

逢星期二5-11PM每位$200就可以食到成座山咁高嘅薯條+ 2小時暢飲有汽/紅白酒😱 夜晚仲有DJ坐鎮～ 連醬汁都有3款揀，牛油果醬超上癮的，食食下真係唔覺意會食哂🤣
*
✨𝓜𝓾𝓵𝓵𝓮𝓭 𝓦𝓲𝓷𝓮 ($138)
✨𝓒𝓱𝓻𝓲𝓼𝓽𝓶𝓪𝓼 𝓟𝓪𝓷𝓮-𝓽𝓲𝓷𝓲 ($138)
✨𝓡𝓾𝓭𝓸𝓵𝓹𝓱’𝓼 𝓡𝓮𝓭 𝓢𝓶𝓸𝓴𝓮 ($138)

3款聖誕限定Cocktails🍹 冇飲到唔叫過左聖誕嘅熱香料紅酒🍷✨ 加入聖誕麵包，混合杏仁酒&杏仁奶，飲落Creamy帶肉桂香，但對唔鍾意杏仁嘅人嚟講應該有啲藥水味🤣 最後最Fancy嘅聖誕波波Cocktail，帶紅莓酸酸甜甜嘅味道，加上微汽泡感，感覺女士們會很喜歡🎀
-
THE STAGE (灣仔)
灣仔莊士敦道60-66號2樓"
,火土燒肉,尖沙咀,日本料理,468,打卡必到,二人精選和牛套餐、A5宮崎牛三角腹肉、A5宮崎和牛幻切沙巴當,https://www.instagram.com/p/DR9RgRHki1G/,DR9RgRHki1G,,"🏕️户外飄雪! 露營風和牛燒肉Giveaway🎄
- 
地區分類：#fca_尖沙咀 
- 
尖沙咀鬧市竟然落雪?!❄️ 為香港十二月帶嚟白色聖誕嘅原來係依間日式燒肉店，主打露營風格，今年「白色雪地」户外酒吧再度回歸☃️ 比大家可以係飄雪下欣賞Live Band，打卡4米聖誕樹之餘，兼可以Shisha以及户外烤肉~ 最新仲多左聖誕小木屋，比家嘆關東煮+露營小食 (晚市喺室內消費，即可到戶外聖誕小木屋換取爆谷🍿🥰)
-
🔥二人精選和牛套餐 ($468/位)
-
•熱帶風情海鮮雞尾酒杯
•A5宮崎牛三角腹肉
•伊比利亞豬肋條
•北海道豚腩卷
•A5宮崎和牛幻切沙巴當
•味噌蟹肉甲羅燒
•月見夢王蛋醬燒飯團
•柚子梅素冷麵
•飲品 (草莓莫斯卡托甜酒)

幫大家睇過，最抵食一定係依個8品二人和牛套餐‼️ 試匀兩款A5宮崎牛，包括三角腹肉+ 幻切沙巴當，前者肉質軟嫩，油脂分佈平均，做到入口即化！幻切沙巴當為「羽下」位置，油脂感更豐富，係一口爆油嘅感覺😱❤️ 食埋柚子梅素冷麵好解膩～
———————————————————————
📅遊戲日期：7/12/2025 - 11/12/2025
-
🥇頭獎x2: 火土精選和牛套餐x1 (價值$1,030)
-
📍換領地點
火土燒肉 (尖沙咀)
尖沙咀河內道18號K11購物藝術館3樓314號舖
-
參加方法:
1.Follow
@hearth.yakiniku_atum 
@foodcafealcoholic
2.Like依張相❤️
3.留言tag一位朋友仔👫
-
‼️依家cap埋個post上自己story並tag埋我哋2個嘅IG page 即增加10次中獎機率！🍔會mark低你哋個名再入機抽‼️
-
留言次數不限，越留得多中獎機會就越大😍 截止後會係IG story公佈結果！若中獎者必需顯示已follow 以上IG, 係通知後一日內未有回覆，將會重新抽過🙇🏽‍♂️
中獎名單記錄請查看IG story Highlights！
-
Foodcafealcoholic 及 @hearth.yakiniku_atum 保留最終決定權"
,都爹利會館,中環,中菜,358,打卡必到,梅醬燒鵝批、魚籽澳洲帶子燒賣、脆皮雪山叉燒包,https://www.instagram.com/p/DRg-kg7kqiQ/,DRg-kg7kqiQ,,"🥢大癲燒鵝批! 抵食米芝蓮一星點心🍹
-
地區分類：#fca_中環
-
生日飯果然冇揀錯！米芝蓮一星中菜都爹利會館係八月翻新重開，三樓為粵菜廳，而四樓就行比較Causal時尚路線嘅點心+酒吧✨ 最重要係低至$358/位就可以食足7道菜，點心小菜自由組合🥰 食完飯仲可以出去露台嘆返杯以風水學為靈感嘅Cocktail~ 
-
𝐓𝐡𝐞 𝐔𝐩𝐩𝐞𝐫 𝐑𝐨𝐨𝐦 𝐒𝐞𝐥𝐞𝐜𝐭𝐞𝐝 𝐌𝐞𝐧𝐮 ($358/pp)
-
•魚籽澳洲帶子燒賣 (+$10)
•脆皮雪山叉燒包
•翡翠白菜餃
•滑蛋炒蝦球 (+$30)
•都爹利X.O.醬小炒王
•蒜蓉時蔬
•豉油皇炒麵
•香芒楊枝甘露 (+$40)

一定要點的帶子燒賣!!! 大大粒真材實料，而且幾Juicy~ 脆皮雪山叉燒包外酥內鬆軟，裏面係香甜叉燒餡❤️ 一開始係到諗點解滑蛋炒蝦球要加錢，但原來係蝦仲多過蛋，蝦肉好爽彈，蛋亦炒得很滑溜！最後食返碗有爆珠嘅香芒楊枝甘露🥭
*
•麻辣龍蝦氣泡春卷 ($88/pc)
•梅醬燒鵝批 ($98/2pc)
•乾蔥豆豉雞球煲 ($258)

另外個人推介必點梅醬燒鵝批‼️外層金黃酥皮超加分！配上滿滿嘅梅醬燒鵝內餡，很好吃🥹🔥 另外麻辣龍蝦氣泡春卷，一咬充滿空氣感，裏面有唔少龍蝦肉🦞係略嫌麻辣味唔夠出～
-
都爹利會館 (中環)
中環都爹利街1號3樓"
,蠔埕,尖沙咀,日本料理,501-750,打卡必到,火焰玫瑰大閘蟹蟹粉蟹肉雞湯金勾翅、蟹粉明太子醬炭燒珍寶蠔、煙燻花雕熟醉大閘蟹、蟹粉釀阿波尾雞翼,https://www.instagram.com/p/DReZKRekpMv/,DReZKRekpMv,,"🦪$1日本蠔! 三重大閘蟹+金勾翅宴🦀
- 
地區分類：#fca_尖沙咀 
- 
年度最癲大閘蟹餐!!! 食匀三隻大閘蟹＋金勾翅+ 日本蠔＋日本和牛＋炭火串燒😱❤️ 當然唔少得蟹粉菜式！追加手掌咁大嘅日本生蠔都係$1隻～ 我諗冇乜邊到揾到平過佢哋掛😂
-
🦀 炭燒大閘蟹蟹粉雞湯金勾翅全宴*
*原價$938/位，8折後$750.4/位(未連加一)
*免費升級120分鐘暢飲三粒米清酒

🐂蟹粉炭燒珍寶蠔串燒和牛輕食宴+ 90分鐘Sake 放題*
*原價$668/位，75折後$501/位(未連加一)
-
•煙燻花雕熟醉大閘蟹海蝦海鮮拼盤 🦀🐂
•蟹粉明太子醬炭燒珍寶蠔🦀🐂
•清蒸大閘蟹(5兩)🦀
•炭燒大閘蟹（5兩）🦀
•火焰玫瑰大閘蟹蟹粉蟹肉雞湯金勾翅🦀
•炭燒串燒拼盤（廚師發板）🦀🐂
•鹿兒島A5黑毛和牛80g+雜菜盛盒涮涮鍋🦀🐂

其實兩個餐最大分別在於有個大閘蟹雞湯金勾翅+兩隻爆哂膏嘅5兩大閘蟹🤩 但兩個餐都會有煙燻花雕熟醉大閘蟹，甜甜的充滿酒香～另外仲集齊生蠔 & 熟蝦！

兩款蟹粉菜式🥳 XL Size燒蠔，配上蟹粉明太子醬，入口夠哂水嫩惹味！最誇張一定係一梳梳嘅雞湯金勾翅‼️加左大閘蟹蟹粉+蟹肉，每一啖都係精華！另外招牌炭燒串燒，今期有蟹粉釀阿波尾雞翼，絕對係心機手工菜！
-
蠔埕 (尖沙咀)
尖沙咀彌敦道176號The Nate2樓A號舖"
,MOA Dining,尖沙咀,西式,588,拍拖約會,自家製麵包拼盤、卡邦尼意粉、澳洲穀飼牛肋眼M5+,https://www.instagram.com/p/DRzAF4xEsET/,DRzAF4xEsET,,"‼️餐廳最近已取消麵包放題‼️

🥖任食手工麵包! 藝術館隱藏海景餐廳🍴
- 
地區分類：#fca_尖沙咀 
- 
唔係上網睇都唔知，原來依間隱藏喺藝術館裏面嘅餐廳最近翻新重開🤫 除咗唔使喺出邊人迫人就睇到VIP級維港夜景外，仲新推自家製麵包車任食!!! 唔使上網爭崩頭之外，對住個夜景食麵包都零舍有feel🤣❤️ 餐廳主打地中海菜，幾欣賞佢哋嘅手工意粉，另外雞尾酒都幾好啱打卡，嚟到絕對係儀式感滿滿✨
-
🌊 𝐃𝐢𝐧𝐧𝐞𝐫 𝐒𝐞𝐭 𝐌𝐞𝐧𝐮 ($588/pp)*
* 四道菜套餐（前菜＋ 主菜＋前甜品＋甜品）
-
< 𝗠𝗔𝗗𝗘-𝗜𝗡-𝗥𝗘𝗦𝗧𝗔𝗨𝗥𝗔𝗡𝗧 𝗕𝗥𝗘𝗔𝗗 𝗦𝗘𝗟𝗘𝗖𝗧𝗜𝗢𝗡 >
自家製麵包拼盤 (+$58/pp)
任食5+款自家手工麵包🥖 仲要用Trolley席前Serve儀式感MAX!!! 經典嘅Brioche、Sourdough、Focaccia & Scone等都有，切完會再係廚房加熱～ 附上嘅松露曼徹格芝士牛油好香滑🧈 配上精選地中海橄欖油，真係一啲都唔馬虎❤️
-
< 𝗦𝗧𝗔𝗥𝗧𝗘𝗥 >
•蒜香蝦
•油甘魚
*
< 𝗠𝗔𝗜𝗡 𝗖𝗢𝗨𝗥𝗦𝗘 >
•澳洲穀飼牛肋眼M5+
•卡邦尼意粉

依到嘅主菜都做得唔錯🥰 牛肋眼扒夠粉嫩，而且煙燻薯蓉意外地出色！卡邦尼意粉用上手工Pasta，正宗全蛋冇落忌廉夠抵讚，帶芝士+火腿鹹香！
*
< 𝗣𝗥𝗘-𝗗𝗘𝗦𝗦𝗘𝗥𝗧 > 
•MOA糖水
用酸爽雪葩解膩✨ 裏面幾得意仲放左奶凍 & 馬卡龍！
*
< 𝗖𝗛𝗢𝗜𝗖𝗘 𝗢𝗙 𝗗𝗘𝗦𝗦𝗘𝗥𝗧 >
•提拉米蘇
•白松露與牛奶朱古力

依到嘅Tiramisu唔係太係我杯茶，但意大利軟芝士做到幾軟滑，係下層嘅海綿蛋糕偏乾；餐牌上寫左用上伯爵茶慕斯，但就唔覺有茶香😢 
-
MOA Dining (尖沙咀)
尖沙咀梳士巴利道10號香港藝術館1樓"
,夜首爾,尖沙咀,韓國菜,400-500,大班聚會,韓國延坪島醬油蟹、烤牛腸牛胃、馬鈴薯排骨湯,https://www.instagram.com/p/DR9RmcoEgpN/,DR9RmcoEgpN,,"🔥烤爆油牛腸! $98實現醬油蟹自由🇰🇷
- 
地區分類：#fca_尖沙咀 
- 
又比我揾到食烤牛腸嘅好地方，竟然仲見到$98 醬油蟹任食?!?! 依間由韓國人主理嘅餐廳自己都去過幾次，嘢食一向正宗夠大份❤️ 最近竟然少有地做醬油蟹放題，仲要係韓國延坪島直送，真係食多幾隻已經回本～
幫大家睇過，係Openrice訂位仲有全單8-85折🤫
-
•韓國延坪島醬油蟹 ($250/1隻, $460/2隻)
•90分鐘醬油蟹任食 (+$98)

每抬每人點正價醬油蟹就可以+$98/位無限追加嘅醬油蟹(公蟹及沒有蟹蓋～)+海苔飯‼ 佢哋標明醬油蟹係由韓國延坪島直送✈️ 蟹肉鮮甜結實而且爆哂膏，醬油亦都唔會死鹹～ 仲好食過上次韓國旅行單點吃的醬油蟹!!! 話明白飯小偷，當然唔少得撈埋個海苔飯一齊食，爽到爆🤭
*
•烤牛腸牛胃 ($520)
超邪惡烤韓牛牛腸🐂🔥 大腸照舊爆哂油，油香十足，配燒酒就一流！個人最愛小腸，外煙韌內綿密嘅口感真係不得了，燒到金黃香脆真係不得了！牛胃係食過咁多間最爽彈唔痴牙！
*
•馬鈴薯排骨湯 ($420)
完全就係韓國正宗嘅味道😭❤️ 排骨有成6大舊，燉至軟腍入味，輕鬆脫骨！湯底嘅紫蘇葉味好突出，辣到剛好，食完成個人暖笠笠～
*
夜首爾 (尖沙咀)
尖沙咀寶勒巷13-15號寶力大廈地舖"
,AMA Ristorante by The Amatricianist,灣仔,西式,400-600,拍拖約會,香烤阿拉斯加黑鱈魚柳、意式寬扁麵配太平洋紅鮋魚及乾烏魚子碎、香辣蒜油紅蝦配檸檬汁,https://www.instagram.com/p/DVN4SFGk5Sp/,DVN4SFGk5Sp,,"🇮🇹意廚主理! 二訪香港少有傳統羅馬菜✨
-
地區分類：#fca_灣仔
-
灣仔一帶又唔少人氣意大利餐廳，但依一間係少有地主打傳統正宗羅馬菜🍴今次餐廳聯乘美國阿拉斯加海產，用上2款美國優質海鮮: 美國太平洋紅鮋魚 & 美國阿拉斯加黑鱈魚，製作出2款限定菜式✨ 以意大利烹調手法帶出海鮮嘅鮮味！美國阿拉斯加海產仲係堅持無抗生素、無激素、無人工飼料‼️ 以達至海洋資源可持續性～
-
•意式寬扁麵配太平洋紅鮋魚及乾烏魚子碎($278)
用上來自美國太平洋紅鮋魚，高營養兼低脂肪，富含 Omega-3 脂肪酸以及膠原蛋白。魚肉呈粉紅色，肉質細緻有彈性，而且油脂適中🥰 切成細粒保證每一啖都食到魚肉～ 面層灑上乾烏魚子碎提鮮！

•香烤阿拉斯加黑鱈魚柳 ($318)
用上美國阿拉斯加黑鱈魚，營養價值極高，含優質蛋白質、Omega-3 脂肪酸，並且出哂名油脂豐富，入口有近似奶油般口感，肉質滑嫩！好鍾意外皮煎至焦脆，配上意大利黑醋及威尼斯醋漬柑橘醬，酸甜清新🍊 與魚肉很Match!
*
•香煎魷魚配橄欖油及蒜蓉 ($118)
•香辣蒜油紅蝦配檸檬汁 ($178)
•炭燒小牛骨髓 ($148)

另外試咗三款前菜都好出色✨ 原條魷魚好Q彈，就咁作簡單嘅調味已經充分突出鮮味🦑 香辣蒜油紅蝦好惹味，個靈魂蒜油吸收晒紅蝦嘅精華，攞嚟點麵包食一流😭❤️!!!! 炭燒牛骨髓完全係入口即化，幾鍾意面層加咗開心果碎，陣間唔少口感～
-
AMA Ristorante by The Amatricianist (灣仔)
灣仔莊士敦道206-212號208 JOHNSTON 25樓

#ProductofUSA #AlaskaSeafood #阿拉斯加海產"
,甬府,灣仔,中菜,498,打卡必到,莼菜黃魚羹、榨菜雪耳炒魚片、酸湯面疙瘩、寧波湯圓,https://www.instagram.com/p/DR7Cf9nkgmh/,DR7Cf9nkgmh,,"🥢食足10道菜?! 米芝蓮一星寧波菜🌟
-
地區分類：#fca_灣仔
-
原來用清水煮湯丸都可以咁正?! 依間連續5年攞米芝蓮一星嘅正宗寧波菜，一向都好多熟客支持✨而且估唔到行政午餐套餐咁抵食，以入門價就可以嘆足十道菜，而且唔少菜式都係出面比較少機會食到🤫 帶爸爸媽媽嚟絕對有小驚喜～
-
🥢 午市套餐 𝐋𝐮𝐧𝐜𝐡 𝐌𝐞𝐧𝐮 ($498/pp)*
* 茶位費HK$28/位
-
•辣拌自製魚餅
•卤焅花菇
•莼菜黃魚羹
•水潺春捲
•榨菜雪耳炒魚片
•萬年青河蝦仁
•錐栗魚鲞燒仔排
•是日時蔬一款
•酸湯面疙瘩
•寧波湯圓

一開始係四款前菜自選葷素各一，然後係個人超愛嘅莼菜黃魚羹，除左飲到最後都係keep住最熱嘅温度，黃魚好滑嫩而且莼菜增加唔少口感🐟

進入海鮮環節，一定要點的雪里蕻咸菜炒鮮甜爽口太湖淡水蝦仁；另外榨菜雪耳炒魚片也炒得超有鑊氣的🔥 主食最多人點的酸湯面疙瘩，辣味適中開胃，疙瘩帶點煙

大家都食過嘅寧波湯圓🥄 但依到除左係手工製之餘，仲係特意用上清水加以少量糖漬桂花作點綴，感覺更能突顯黑芝麻嘅香氣以及甜味～
-
甬府 (灣仔)
灣仔駱克道20-24號金星大廈地下2號舖及1樓"
,陳儀興潮州小館,啟德,中菜,200-400,深夜食堂,鵝片拼鵝肝（滷水鵝粉肝）、潮州蠔餅、脆皮落湯錢,https://www.instagram.com/p/DR4JtQuk3F-/,DR4JtQuk3F-,,"🥢60年滷水汁! 影后也愛的老牌打冷店❤️
- 
地區分類：#fca_啟德 
- 
一直好鍾意睇衛詩雅嘅飲食片，估唔到除咗識做戲仲咁識得食🤭 今次跟住佢去朝聖一間60年老字號打冷店，因為片裏面介紹嘅炸蠔餅太吸引了!!! 最近開左啟德新分店，大家可以更方便試到佢哋嘅鎮店六十年滷水汁以及一系列正宗潮州打冷美食‼️ 係啟德體育園睇完show去食宵夜都係個唔錯嘅選擇!
-
•鵝片拼鵝肝 ($253)
•鹽焗花螺 ($238)
•韭菜炒蜆肉 ($70)
•潮州蠔餅 ($78)
•汕頭咸菜生蠔煲 ($198)
•石斛羊肚菌烏雞燉湯 ($88)
•香煎韭菜粿 ($40)
•脆皮落湯錢 ($88)
•綠豆清心丸 ($40)

超多潮洲打冷美食，但一定要朝聖鎮店六十年嘅滷水‼️ 用上獅頭鵝，鵝肉入味而且個滷水汁有料到，味道豐富有層次；大推滷水鵝粉肝，係食過咁多間最軟嫩!!! 
另一必點- 潮州蠔餅❤️ 炸得超酥脆乾身，唔會油膩，裏面係粒粒脹卜卜嘅蠔肉，送啤酒真係一絕🍻 依到嘅韭菜粿水晶皮幾煙韌，裏面嘅韭菜餡亦夠哂香！
最後甜品亦係充滿潮州特色，脆皮落湯錢係軟糯嘅糯米糍炸至面層焦脆，再沾上花生、芝麻和糖粉，很愛QQ的口感🥰
-
陳儀興潮州小館 
地址: 香港九龍城啟德沐和街2號啟悅苑零售大樓地下1-3號舖
電話: +852 69273138"
,The Bayside,紅磡,地中海菜 / 泰國菜,200-300,拍拖約會,和牛船麵、黑松露芝士吐司、雞肉沙嗲串、魚柳墨西哥夾餅,https://www.instagram.com/p/DRZkM_9Eilp/,DRZkM_9Eilp,,"🌊『泰』CHILL! 海旁嘆濃厚和牛船麵🍹
-
地區分類：#fca_紅磡 
-
最近天氣涼返啲，啱晒搵間海景餐廳出面Chill下~ 人均二百幾就可以食足6道菜，兩個人食就試匀8款前菜🥰 最特別係成個Menu融合了地中海+泰國菜式，俾大家自由Mix & Match!!!
-
🌊 𝐁𝐫𝐮𝐧𝐜𝐡 𝐛𝐲 𝐭𝐡𝐞 𝐁𝐚𝐲 ($238/pp)*
* 每份套餐包含一杯飲品：黑咖啡/檸檬茶/泰式奶茶/汽水
*2小時無限暢飲有汽酒/紅白酒/西班牙果酒/啤酒/Gin Tonic
-
< 𝗧𝗢 𝗦𝗧𝗔𝗥𝗧 >
•柚子乾蝦沙律
•三文魚他他
•牛油果芒果米紙卷
•法國新鮮生蠔
*
< 𝗧𝗢 𝗪𝗔𝗥𝗠 𝗨𝗣 >
•雞肉沙嗲串
•魚柳墨西哥夾餅
•泰式蝦餅
•黑松露芝士吐司

兩個人食8款前菜係幾開心🤭 個人推介雞肉沙嗲串，會拉絲嘅黑松露芝士吐司以及炸至香脆嘅魚柳墨西哥夾餅🌮
*
< 𝗧𝗛𝗘 𝗠𝗔𝗜𝗡 𝗘𝗩𝗘𝗡𝗧 >
•班尼迪蛋配煙三文魚
•和牛肉醬長通粉
•和牛船麵 ($128)

主菜質素唔錯而且份量很足！班尼迪蛋做到流心效果🍳 而且底層烘過帶焦脆感！一定一定要點的和牛船麵，湯底濃厚正宗，牛肉亦嫩嫩的🥢
*
< 𝗔 𝗦𝗪𝗘𝗘𝗧 𝗙𝗜𝗡𝗔𝗟𝗘 >
•提拉米蘇
•芒果糯米飯
-
The Bayside (紅磡)
紅磡德豐街18號黃埔花園地下G1號舖"
,雅谷餐廳,跑馬地,西式,858,拍拖約會,招牌拿破崙蛋糕、咖哩水魚湯、法式鴨肝醬、燴牛尾跟麵條、蒙古式生牛肉片,https://www.instagram.com/p/DQ_gzBrk9x7/,DQ_gzBrk9x7,,"🌹坐時光機! 穿越半世紀傳奇法國餐廳🇫🇷
-
地區分類：#fca_跑馬地
-
香港少有超過半世紀嘅法國餐廳，已經漸漸成為跑馬地其中一個地標～裏面嘅經典的設計、古董傢俬擺設、銀器餐具等都帶大家去返60年代咁🥂 連服務生都係效力超過50載嘅元組級別!!! 
一系列經典招牌菜式，席前炮製嘅蒙古式生牛肉片($450) 以及要七小時工序製作，入口非常軟腍嘅燴牛尾跟麵條 ($620) 當然唔少得招牌拿破崙蛋糕 ($150) 足256層，唔少食客都特意訂做生日蛋糕🎂✨ 今個聖誕節去感受下個氛圍都唔錯～
-
🥂 𝐀𝐦𝐢𝐠𝐨 𝐌𝐞𝐧𝐮 𝐃é𝐠𝐮𝐬𝐭𝐚𝐭𝐢𝐨𝐧 ($858/pp)*
*葡萄酒配對 (+$298/pp)
*週一至週四晚上供應，必須提前預訂
-
•慢煮鮮鮑魚·藜麥·山椒粉
/
•法式鴨肝醬·金桔·野莓·蜜瓜
*
•咖哩水魚湯
/
•泡沫龍蝦湯
*
•智利海鱸魚·紫蘇忌廉
*
•西柚雪葩
*
•松露牛柳·千層薯·蘆筍
/
•法式鴨胸·甘筍小丸·車厘子紅酒汁
*
•冷壓鮮果酸汁
•咖啡·朱古力·杏仁餅
•咖啡或茶

一共試匀6道菜✨ 必點鮮鴨肝醬，綿密甘香，搭配金桔 & 蜜瓜，剛好Balance返個味道！

另外亮點位一定係依間餐廳嘅靈魂菜式- 咖哩水魚湯🥄 熬製超過七小時，充滿咖哩嘅香味以及帶點骨膠原嘅感覺～ 慢煮三日三夜泡沫龍蝦湯，香滑而且每啖都係精華🦞

主菜個人更愛法式鴨胸，肉質幾粉嫩結實，配上嘅車厘子紅酒汁也不錯
-
雅谷餐廳 (跑馬地)
跑馬地黃泥涌道79A號雅谷大廈地舖"
,香港嘉里酒店大堂茶座,紅磡,Cafe,300-400,打卡必到,頂級魚子醬、黑森林芭菲、栗子蘋果蛋糕,https://www.instagram.com/p/DRRiUVkkqIO/,DRRiUVkkqIO,,"🎄原盒魚子醬! 奢華冬日下午茶🥂
-
地區分類：#fca_紅磡 
-
留言「❤️」DM你8折優惠訂位攻略+ 免費飲苿莉花朱古力特飲!!!
-
🥂 「奢華獻禮」魚子醬下午茶*
*原價 $758/2位, 8折後 $606.4/2位
*12月14日或之前可享8折早鳥優惠 (另收加一服務費，並以原價計算)
*日期: 2025年11月1日至2026年1月4日
-
< 𝐒𝐓𝐀𝐑𝐓𝐄𝐑 >
•頂級魚子醬
*
< 𝐒𝐀𝐕𝐎𝐔𝐑𝐈𝐄𝐒 >
•蟹肉酥盒
•吞拿魚韃靼
•煙三文魚三文治
*
< 𝐒𝐂𝐎𝐍𝐄𝐒 & 𝐁𝐑𝐈𝐎𝐂𝐇𝐄 >
•原味鬆餅
•法式布里歐
*
< 𝐒𝐖𝐄𝐄𝐓𝐒 >
•栗子蘋果蛋糕
•蜂蜜金橘蛋糕
•法國白乳酪配黑醋栗蛋糕
•黑森林芭菲

整過鹹甜點都達到酒店水準，有小驚喜喔！但首先用原盒Caviar打頭陣已經要比個Like🤭 仲要配料超齊全，有齊俄羅斯小圓餅、蛋黃、洋蔥 & 法式酸奶油比大家慢慢嘆～

甜品加入不少秋冬元素🍂 有以肉桂海綿蛋糕做base嘅黑醋栗蛋糕；整個蘋果造型嘅栗子蘋果蛋糕🍏 以及個人最愛嘅黑森林芭菲，酸酸甜甜嘅櫻桃酒奶凍，配以車厘子雪葩，賣相亦超Fancy的🍒✨
-
< 𝐁𝐄𝐕𝐄𝐑𝐀𝐆𝐄 >
一系列茶&咖啡選擇，仲要款式夠多🥰 最重要係可以2小時無限添飲!!! (要同一款式) 幾特別有鴛鴦/港式絲襪奶茶/招牌朱古力揀！當然亦可以+$228加配Veuve香檳2杯🍾 
-
香港嘉里酒店大堂茶座 (紅磡)
紅磡紅鸞道38號香港嘉里酒店1樓"
,Emmer Pizzeria,中環,西式,100-200,拍拖約會,THE CONTROVERSIAL (菠蘿薄餅)、BURRATA WITH BRUSSELS SPROUTS、SALMON 薄餅加蛋,https://www.instagram.com/p/DQ3x2bUE9pL/,DQ3x2bUE9pL,,"🍕驚現傳說級菠蘿薄餅! 中環新開薄餅店🍷
-
地區分類：#fca_中環 
-
金鐘呢間薄餅店開到嚟中環，但竟然連Openrice都未有地址?! 開係Landmark但薄餅最平都係$125起🤭‼️ 佢哋嘅Pizza主打用上有成萬年歷史嘅EMMER古老穀麥，再結合裸麥與頂級意大利麵粉，天然兼低麩質，營養比其他Pizza高喔～ 用嘅焗爐係鋼造旋轉式，做到全方位烘烤，打造輕盈薄餅餅芯及鬆脆批邊❤️ 口味都有近13款選擇！

佢哋Happy Hour都好抵玩，由4-8PM $48起，意大利餐酒都係$52/杯，開一支$2xx，今次開Zaccagnini Magnum (1.5L)只係$495，抵到喊🤭🍷
-
< 𝗔𝗣𝗣𝗘𝗧𝗜𝗦𝗘𝗥𝗦 / 𝗦𝗔𝗟𝗔𝗗𝗦 >
•CHARCUTERIE PLATE ($118)
•BURRATA WITH BRUSSELS SPROUTS ($138)
•ROMAINE CAESAR ($105)*
* 添加雞肉或煙三文魚 (+$22)

除左有送酒一流嘅意式凍肉拼盤 (巴馬火腿、辣味扁肉腸、意式豬肉腸)，個人最愛布拉塔芝士，食得出夠新鮮水嫩，配上爽脆嘅抱子甘藍、蔓越莓乾 & 榛子，增加左唔少口感🥰❤️
*
 < 𝗣𝗜𝗭𝗭𝗔𝗦 >
•SALMON ($192)
•THE CONTROVERSIAL ($168)

薄餅款式分為Old School & New School 派🤭 當然每樣嚟返一個！經典嘅煙三文魚薄餅，配上馬斯卡邦軟芝士、水牛芝士、紅洋蔥、刁草等，味道Balance得幾好，批邊亦夠脆！建議大家要加雞蛋 (+$22)，夾埋蛋汁一齊食不得了😎✨
另一款「爭議性」薄餅，因為佢放左菠蘿🍍‼️ 大家又接唔接受到喔呢🤣 但因為係新鮮菠蘿，食落冇咁突兀，搭配意大利辣肉腸、戈貢佐拉藍芝士、水牛芝士、忌廉、乾蔥、墨西哥辣椒等配料，比上一個味道更輕盈！
*
< 𝗗𝗘𝗦𝗦𝗘𝗥𝗧𝗦 >
•AFFOGATO ($58)
-
Emmer Pizzeria (中環)
置地廣塲中庭2樓217A號鋪"
,Pici / The Pizza Project,中環,西式,250-400,打卡必到,大閘蟹粉手工圓麵、大閘蟹粉薄餅、軟殼蟹藏紅花忌廉濃湯,https://www.instagram.com/p/DRMXi_1kugh/,DRMXi_1kugh,,"🦀快閃限定! 蟹粉薄餅+大閘蟹粉手工圓麵🦀
-
地區分類：#fca_中環 #fca_尖沙咀 
-
大閘蟹系列菜式由即日起至11月30日供應～
-
📍𝐏𝐢𝐜𝐢
•軟殼蟹藏紅花忌廉濃湯 ($120)
•熱帶蟹肉沙律 ($140/套餐+$20)
•大閘蟹粉手工圓麵 ($280/套餐+$98)
•柚子意式奶凍 ($65)

Tasting Menu用$298/pp就可以食匀2個Starters + 3個Pasta + 2款甜品‼️ 所以基本上整個大閘蟹系列菜式都試到～ 

個人幾鐘意軟殼蟹忌廉濃湯，係幾Creamy嘅龍蝦湯～ 大閘蟹粉手工圓麵，除左放上滿滿嘅蟹粉，手工圓麵仲係加左大閘蟹粉+藏紅花，口感相對上較煙韌💛 最後的柚子奶凍，個人覺得有點偏甜了🥲
*
📍𝐓𝐡𝐞 𝐏𝐢𝐳𝐳𝐚 𝐏𝐫𝐨𝐣𝐞𝐜𝐭

•蟹肉水牛芝士炸薄餅 ($130/套餐+$20)
•大閘蟹粉薄餅 ($298/套餐+$98)
•薑汁檸檬意式雪糕 ($98)

Tasting Menu用$258/pp就可以食匀2個Starters + 2個Pizza + 2款甜品‼️ 

今期焦點一定係大閘蟹粉薄餅🍕🦀 上面鋪滿蟹黃及大閘蟹粉，焗嘅時候蟹油完美滲入批底，加埋水牛芝士真係不得了～ 記住一定要襯熱食，如果唔係都幾油下🤫 最後食返個薑汁檸檬意式雪糕，Gelato嘅薑味都幾出，配上糖漬薑片 & 柚子忌廉，幾解膩！
-
中環蘇豪卑利街26號地舖"
,Babette,中環,西式,398,拍拖約會,法式黃酒燉三黃雞、法式火腿芝士多士、法式炒蛋、黑朱古力慕絲,https://www.instagram.com/p/DRCEa2Ik6GM/,DRCEa2Ik6GM,,"🇫🇷米芝蓮法國廚! 法式黃酒燉三黃雞🐓
-
地區分類：#fca_上環 
-
最近幾鐘意去依間Bistro，除左主廚曾經係多間米芝蓮餐廳做過，包括之前介紹過嘅Amber、Louise等，食物水準有保證外，幾鐘意餐廳成個Vibe夠Casual，價錢亦親民✨ $3xx食足6道菜，當中唔少菜式超水準發揮，例如法式炒蛋、法式黃酒燉三黃雞 & 黑朱古力慕絲🥰 推薦大家今個Weekend過嚟試下～
-
🥂 𝐁𝐫𝐮𝐧𝐜𝐡 𝐒𝐞𝐭 𝐌𝐞𝐧𝐮 ($398/pp)*
*逢星期六、日及公眾假期 11:30-2:30
*暢飲有汽酒、法國紅白酒 (+$228/pp)
-
•𝗖𝗿𝗼𝗾𝘂𝗲 𝗠𝗼𝗻𝘀𝗶𝗲𝘂𝗿 
法式火腿芝士多士
•𝗢𝗲𝘂𝗳 𝗕𝗿𝗼𝘂𝗶𝗹𝗹é 
法式炒蛋
•𝗦𝗮𝗹𝗮𝗱𝗲 𝗱𝗲 𝗖𝗼𝗻𝗰𝗼𝗺𝗯𝗿𝗲
青瓜沙律配希臘乳酪
•𝗧𝗮𝗿𝘁𝗲𝗹𝗲𝘁𝘁𝗲 𝗱𝗲 𝗦𝗮𝗶𝗻𝘁-𝗝𝗮𝗰𝗾𝘂𝗲𝘀
日本帶子撻

一共4款前菜都幾有水準✨ 個人最愛法式火腿芝士多士，多士烘得香脆，裏面夾住火腿+熱溶芝士，加上黑松露醬&炸蒜作點綴，也太好吃了吧🥹‼️ 
另外加左明太子嘅法式炒蛋，口感超級水嫩💦 如果每日朝早都食到，我願望早幾個鐘起身🤭
*
•𝗣𝗼𝘂𝗹𝗲𝘁 𝗝𝗮𝘂𝗻𝗲
法式黃酒燉三黃雞🐓 法國家庭式菜，用上香港三黃雞，經過黃酒醃製12小時，再用黃酒牛油雞汁一齊煮！雞肉嫩口而且充分吸收醬汁嘅精華，食落帶陣陣酒香🥰 搭配雞油越光米飯一流！作為Brunch嘅主菜夠滿足又唔會太heavy~ 
*
•𝗠𝗼𝘂𝘀𝘀𝗲 𝗔𝘂 𝗖𝗵𝗼𝗰𝗼𝗹𝗮𝘁 
黑朱古力慕絲
•𝗣𝗮𝗶𝗻 𝗣𝗲𝗿𝗱𝘂 
法式吐司

朱古力慕絲用上80%黑朱古力，以淡淡咖啡香作襯托，食落香滑唔會太膩🙂‍↕️
法式吐司外層金黃，口感軟綿綿的🍞 搭配雲呢拿吉士醬以及酸酸甜甜嘅血橙果占，味道Balance得剛好！係底層有點烘得太焦了😥
-
Babette (中環)
中環德輔道中173號南豐Place地下G-3號舖"
,鍋霸吃到飽台式養生火鍋,旺角,火鍋,163-488,大班聚會,藥膳養生花膠雞湯、極上Prime Grade霜降牛小排、蟶子皇、手工黑松露墨魚滑、花膠片,https://www.instagram.com/p/DRO9APgEnEW/,DRO9APgEnEW,,"🥢食足7小時! 旺角抵食台式火鍋放題🥢
-
地區分類：#fca_旺角
-
午市最平$163/位4.5小時無限任食60+火鍋配料及飲品(啤酒都有🍻)，連MovenPick & Dryers雪糕都係任食，簡直係秒速回本🤣🔥
晚市同樣夠抵玩，最平$223/位任食120分鐘，加多少少錢已經食到靚牛+海鮮，仲要食足150分鐘🤭 另加$40升級無限時任食7小時!!! 完全唔洗趕時間～
-
🥢 台灣吃到飽火鍋套餐*
*LV 3 升級海鮮＋美國Prime Grade 霜降牛小排+西班牙伊比利亞黑毛豬
*LV 3 150分鐘任食
* 7:30pm前離座 $391/位，正價時段 $488/位，9:00pm後入座 $415/位
‼️另加$40升級無限時任食7小時!!!
-
< 台灣養生火鍋湯底 >
應該係我見火鍋放題裏面湯底最多選擇🤣 有成20款揀～ 依家天氣推薦大家試吓藥膳養生花膠雞湯，夠滋補；台灣麻辣湯辣度足夠，越食越過癮🌶️
*
< 精選肉類 >
•極上Prime Grade 霜降牛小排
•美國Prime Grade 極上牛頸脊
•Prime Grade 牛肩胛肉
•西班牙伊比利亞黑毛豬

大家閉眼主攻霜降牛小排就對了🙂‍↕️❤️ 油脂分布幾平均，入口軟嫩，意外地高質！極上牛頸脊以及牛肩胛肉嘅肉味會更香濃！
*
< 海鮮 >
•蟶子皇
•鮑魚
•九節蝦
•游水海蝦
•沙白
•廣島蠔

海鮮有比較少有嘅蟶子皇，就算煮完都幾大隻！蝦都有2款選擇也太幸福了吧～ 沙白亦係大大粒，食得出夠新鮮😆
*
< 火鍋配料 >
100+ 火鍋配料任食🥰 最正係花膠片任食！當中亦推介一系列手工丸，幾特別有梅菜豬肉丸、麻辣牛丸等，細細粒可以試多幾款～連餃子都係手工製！另外手工黑松露墨魚滑亦值得一試🫡

< 自助區/飲品 >
除左醬油 & 茶飲等，最受歡迎一定係個雪糕櫃，任食MovenPick & Dryers雪糕🍦Lv2已包暢飲生啤！但如果係酒鬼一定要揀Lv3，可以加碼Free Flow 純米大吟釀+ 法國紅白酒+燒酒🤩 真係夠哂盡興！
-
鍋霸吃到飽台式養生火鍋 (旺角)
旺角彌敦道601號創興廣場4樓

鍋霸吃到飽台式養生火鍋 (佐敦)
佐敦彌敦道219號莊士倫敦廣場6樓"
,Café Kool (九龍香格里拉),尖沙咀,自助餐,328-538,大班聚會,清蒸大閘蟹、蒜蓉粉絲蒸龍蝦、雞油花雕蒸蟹伴陳村粉、即製車輪餅,https://www.instagram.com/p/DQ1hBTrk9Ik/,DQ1hBTrk9Ik,,"🦀30秒睇! 香格里拉「蟹」自助餐4大重點🦀
-
地區分類：#fca_尖沙咀
-
留言「🦀」DM你7折訂位攻略‼️

秋天食大閘蟹是常識吧～ 依家就連自助餐都可以食到大閘蟹!!! 仲有一系列蟹主題菜式以及海鮮，絕對滿足哂班海鮮控！下面幫大家列出4大重點位，等大家食得有攻略🤭❤️
-
🦀 金秋「蟹」逅環球海鮮自助餐*
*午市七折後低至$327.6/位
*晚市七折後低至$537.6/位
*即日起至2025年11月16日供應
* 所有價目需另收以原價計算之加一服務費
-
< 蟹主題菜式 >
•清蒸大閘蟹乙隻
•雞油花雕蒸蟹伴陳村粉
•蟹黃蟹鉗蒸蛋白
•蟹肉茶碗蒸
•蟹粉葱油拌稻庭烏冬
•避風塘炒蟹
*
< 時令海鮮/刺身 >
•蒜蓉粉絲蒸龍蝦
•即切吞拿魚表演 (逢星期五至日及公眾假期的晚市)
•日式鐵板燒鮑魚
• 蒲燒鰻魚

凍海鮮方面都好齊全，鱈場蟹腳、麵包蟹、小龍蝦、蜆、青口、鮮蝦、龍蝦鉗都有，但個人而言最正一定係蒜蓉粉絲蒸龍蝦🦞✨ 比一般嘅凍龍蝦更加鮮！
*
< 甜品 >
估唔到原來呢度嘅甜品區咁正!!! 款式可以話係見過咁多間酒店數一數二！除咗當日咁啱有一系列萬聖節節造型甜品，竟然仲有一區係中式甜品🤭 仲有比較少係自助餐見到嘅即製車輪餅，以及小朋友見到最開心嘅朱古力噴泉❤️當然仲有一系列咖啡/茶/果汁自助暢飲～
-
Café Kool (尖沙咀)
尖沙咀麼地道64號九龍香格里拉閣樓"
,Shake Shack,,西式,100-200,打卡必到,白松露雞肉堡、香芋曲奇忌廉奶昔、白松露波浪薯條,https://www.instagram.com/p/DQ6WEy_E8Ql/,DQ6WEy_E8Ql,,"✨新品登場! 意大利白松露系列回歸🇮🇹
-
等左好耐嘅Shake Shack意大利白松露系列終於回歸😭❤️ 首推白松露雞肉堡 + 香芋曲奇忌廉奶昔!!! 各位松露控可以衝了！呢個系列由2025年11月6日至2026年1月4日限定供應，橫跨整個聖誕，俾大家係咁有氣氛嘅情況下嘆返個Burger～
🍔 白松露雞肉堡 ($74)
🍔 白松露芝士牛肉堡 (單層 $78｜雙層$101)
🍔 白松露芝士大啡菇堡 ($82)
全新成員：白松露雞肉堡🐓 閉眼點就對了！香脆炸雞加上半融芝士、火箭菜、自家醃製紅蔥頭，以及濃郁白松露醬，整個味道balance得剛好唔會膩，而且白松露香味突出😍 
🤍 白松露波浪薯條($48)
佢哋嘅招牌波浪薯條一向好正，但今次MVP頒比個白松露醬，超級Creamy兼好香白松露 味，又係會食唔停口嗰隻🙂‍↕️❣️
*❣️依家購買任何意大利白松露系列漢堡，以港幣$85仲可以入手Shake Shack與本地香氛品牌 @Becandle 攜手推出嘅限量版松露香薰ShackBurger 蠟燭，造型超可愛的🕯️🥹

💜 香芋曲奇忌廉奶昔 ($52)
夢幻紫色超吸引!!! 用上自家製雲呢拿雪糕做Base，加入香濃香芋醬以及香脆曲奇碎，加上面層嘅鮮忌廉+香脆曲奇碎作點綴，飲落香滑帶陣陣香芋嘅香甜味✨ 夠濃厚超滿足～
-
📍全線香港和澳門Shake Shack分店有售"
,Honjo,上環,日本料理,598,打卡必到,熱石龍蝦尾、醬油甜蝦刺身、鮟鱇魚肝細卷、抹茶焦糖燉蛋,https://www.instagram.com/p/DRHij_JElBH/,DRHij_JElBH,,"🔥四手聯乘! 『料理狂人』快閃香港‼️
-
地區分類：#fca_上環
-
Netllix黑湯匙「料理狂人」尹南魯強勢襲港，與Honjo主廚Kyle打造四手聯乘菜單‼️Miss左頭幾日見唔到料理狂人都唔緊要，依家仲剩返兩個禮拜可以試佢哋嘅合作菜式🤭 依家帶大家用20秒睇匀全個Menu 14道菜!!!
-
🍶𝟒 𝐇𝐀𝐍𝐃𝐒 𝐒𝐄𝐓 𝐌𝐄𝐍𝐔 ($598/pp)*
*由即日起至11月30日供應
-
< 𝗔𝗠𝗨𝗦𝗘 𝗕𝗢𝗨𝗖𝗛𝗘 >
•烤日本枝豆
•醬油甜蝦刺身
*
< 𝗦𝗠𝗔𝗟𝗟 𝗕𝗜𝗧𝗘𝗦 >
•辣味吞拿魚他他
•鮟鱇魚肝細卷
/
•牛油香草鮑魚
•帆立貝熱情果

個人幾鐘意佢哋嘅醬油甜蝦刺身，幾鮮甜✨ 鮟鱇魚肝細卷亦一致好評，面層醬汁鹹香綿密～牛油香草鮑魚口感Q彈，帶陣陣牛油香🧈
*
< 𝗠𝗔𝗜𝗡𝗦 >
•油甘魚鮫煮物
•熱石龍蝦尾 (+78)
•牛油咖哩銀鱈魚
•哈里薩辣醬慢煮羊架(+78)
•栗子燉牛肋條
•三黃雞味噌燒

主菜每人揀一款，私心推介熱石龍蝦尾，用上龍龍蝦🦞口感鮮嫩，配上蟹籽、黑魚子、三文魚子以及底下嘅蒜香飯，口感味道都做得不錯！當然唔少得有脆卜卜嘅飯焦🤭❤️ 另外三黃雞味噌燒以及牛油咖哩銀鱈魚也不錯一試！
-
< 𝗗𝗘𝗦𝗦𝗘𝗥𝗧 >
•黃豆粉最中
•抹茶焦糖燉蛋

Honjo嘅甜品一向都唔錯，由其係佢哋嘅焦糖燉蛋，幾香抹茶味，而且質感滑溜🍵～
-
Honjo (上環)
上環皇后大道西77-91號1樓"
,牛角Buffet,尖沙咀,日本料理,605-876,大班聚會,北海道白老牛羽下肉、日本九州A4+黑毛和牛、日本松葉蟹腳、味噌蟹肉甲羅燒,https://www.instagram.com/p/DRKHbgIkotu/,DRKHbgIkotu,,"🇯🇵年度最強燒肉! 任食九州A4+黑毛和牛+松葉蟹🔥 
- 
地區分類：#fca_尖沙咀 
- 
留言「🔥」DM你第二位50% OFF訂位攻略‼️ 
 
最近食過最豪嘅燒肉!!! 可以兩款靚日本和牛打孖咁任食，有少有期間限定嘅北海道白老牛+入口即化日本九州A4+黑毛和牛🐂❤️另外仲有日本松葉蟹腳、味噌蟹肉甲羅燒、燒鰻魚及燒鴨肝等190品特選燒肉及海鮮😱✨ 加埋自助吧，超級滿足~ 
- 
🔥 LV5伝說之燒肉130分鐘放題* 
‼️第2位半價優惠‼️ 
🔺星期一至四- 折後$1209/2位 
(平均$605/位，原價為$806/位) 
🔺星期五至日- 折後$1314/2位 
(平均$657/位，原價為$876/位) 
*優惠期由即日起至2025年12月8日 
(優惠未連服務費)
- 
< 北海道白老牛 > 
•肉眼 
•後腰肉 
•赤身肉 
•羽下肉 
* 
< 日本九州A4+黑毛和牛 > 
•肉眼 
•西冷 
•肩脊肉 
•厚切黑毛和牛 
•壺漬黑毛和牛 
 
北海道白老牛 & 日本九州A4+黑毛和牛都係主攻牛肉😎 白老牛油花分布均勻、肉質細嫩，個人會比較推薦油份較重嘅羽下肉，香而不膩；九州A4+黑毛和牛大推肉眼 & 西冷位置，另外壺漬過會更惹味～ 
另外可以試埋佢哋嘅極尚牛舌心以及牛肉漢堡，加埋蛋黃一齊食又可以送多碗飯🤣 
* 
< 海鮮 > 
•日本松葉蟹腳 
•味噌蟹肉甲羅燒 
•味噌鮑魚 
•塩燒牛油鮑魚 
•醬油脆脆北海道帆立貝 
•牛油廣島蠔 
•燒鰻魚 
 
食得LV.5海鮮選擇也太多了吧!!! 大家可以主攻Lv.5限定日本松葉蟹腳 + 味噌蟹肉甲羅燒！蟹腳燒一燒啲鮮味出哂嚟🦀✨ 另外多款調味嘅鮑魚亦係任食，Size亦不小喔～ 
* 
< 自助區 > 
每次嚟第一時間衝自助吧，因為點都要食返碗牛角飯🤭🍚 當然唔少得仲有關東煮，咖哩飯，炸物、沙律，前菜，小甜品以及雪糕機～ 森永牛乳布丁 & 焦糖吉士布丁都可以任食🍮 記住用手機落單喇～ 
- 
牛角Buffet (尖沙咀) 
尖沙咀彌敦道132號美麗華廣場1期地下G08-G09號舖 
其他分店 
牛角Buffet: 灣仔、旺角、觀塘、葵芳 & 沙田分店; 
牛角放題實施店: 深水埗、新蒲崗、屯門市廣場、香港仔、筲箕灣"
,翠玉軒,中環,中菜,960,拍拖約會,陽澄湖大閘蟹、原隻花雕醉頂鴿、蟹粉海皇燴仿翅,https://www.instagram.com/p/DQ87Z9NE-79/,DQ87Z9NE-79,,"🦀正宗陽澄湖大閘蟹🥢澎湃蟹粉菜式! 
-
地區分類：#fca_中環 
-
秋天當然要食大閘蟹，跟我黎食陽澄湖大閘蟹套餐啦❤️ 我食完第二日已經立刻訂位帶屋企人再去食～ 套餐除左有清蒸陽澄湖大閘蟹，可以比大家慢慢拆蟹之餘，仲有以蟹粉入饌嘅菜式，夠哂滿足！

成個套餐好豐富，最正當然係主角🦀陽澄湖大閘蟹，由總廚專登去生態環境優越嘅江蘇陽澄湖挑選嘅優質生猛大閘蟹，每隻都有原產地紅標防偽蟹扣，保證係嚟自湖心養殖區！當晚兩隻都係公蟹，兩隻5両蟹都爆哂膏，蟹黃食落夠鮮夠甘香，白膏好正，蟹肉飽滿！
前菜都好有誠意，原隻花雕醉頂鴿，擺盤也太美了吧！而且肉嫩，食得出陣陣酒香！椒鹽鮮鮑魚彈牙惹味😌另外兩款蟹粉菜式- 蟹粉海皇燴仿翅 & 蟹粉扒豆苗! 前者好足料而且飲落有唔少蟹膏以及薑粒🥄豆苗就好嫩，配搭蟹粉超match! 最後當然唔少得薑茶甜湯丸以及暖笠笠嘅薑茶驅一驅寒🔥

食完2隻陽澄湖大閘蟹真係唔夠喉，我地仲買埋十隻禮盒裝返屋企慢慢歎! 平均每隻都只係$128 (蟹公5両/蟹乸4両)，仲可以免費送埋貨📦🚚好抵食!!
.
📍「秋蟹盛宴」陽澄湖大閘蟹二人套餐
美心皇宮、翠園(廣場飯店除外)、八月花、映月樓：滙豐7折優惠價$748
翠玉軒：滙豐7折優惠價$960

📍十隻陽澄湖大閘蟹禮盒 
優惠價: $1,280 免運費
提前兩日到美心中菜網站預訂或到全線美心中菜分店預訂!
.
.
翠玉軒 (中環)
中環干諾道中8號交易廣場二座4樓401號舖

 @maximschinese 

#把握大閘蟹季 #大閘蟹粉菜式 #大閘蟹套餐 #爆膏大閘蟹 #美心中菜 #香港必食 #香港美食 #相機食先#chinesefoodlover #hongkongbestrestaurant
#HairyCrab #crab"
,洋食商店,大角咀,日本料理,200,拍拖約會,特惠關西壽喜燒、黑松露燉飯、澳洲M9和牛西冷,https://www.instagram.com/p/DRUGB-WklIh/,DRUGB-WklIh,,"🇯🇵人氣小店! 超強和牛壽喜燒x燉飯🏮
-
地區分類：#fca_大角咀
-
應該係香港數一數二最抵玩嘅壽喜燒‼️人均二百食五道菜壽喜燒套餐，仲要有專人幫你燒埋同煮埋個黑松露燉飯！啤酒 & Lemon Sour買一送一🍻 圍起啤酒都係$44/杯夠抵玩！
-
🐂 特惠關西壽喜燒 ($398起/2人前)
•小食兩款
•澳洲M9和牛西冷&美國頂級牛頸脊 (+$50)
•蔬菜拼盤
•黑松露燉飯
•飲品兩杯

每人二百就可以食到成個壽喜燒Set性價比認真唔錯🙂‍↕️❤️ 小食方面揀左明太子玉子燒 & 燒和牛牛舌，個人更愛加左明太子醬的玉子燒 ，質感水嫩～
牛肉方面，最基本已經可以食到美國頂級牛頸脊 + 日本國產牛頸脊🥰 但建議大家亦可以Upgrade食澳洲M9和牛西冷，大大塊而且油脂豐富好多，入口質感亦夠軟嫩！有店員幫手燒，坐定定等食就OK😏
最後MVP黑松露燉飯，賣相普通但人人食完都讚！食落係好Creamy加充滿黑松露香，份量剛好不會太膩～
最後加左自家製海鹽忌廉法式焦糖布甸 ($45)咁就夠哂滿足🍮
-
洋食商店 (大角咀)
大角咀利得街11號利奧坊·曉岸地下G504號舖"
,Cruce,中環,西班牙菜,300-500,打卡必到,黑毛豬叉燒西班牙燴飯、八爪魚腿·豬頸肉·黑白煙燻薯蓉、馬友一夜乾·沙白,https://www.instagram.com/p/DQZMVnQk2VK/,DQZMVnQk2VK,,"🇪🇸創意Tapas! 中環超正西班牙飯✨
-
地區分類：#fca_中環 
-
係中環返工嘅人都知依個位係短時間內轉過好幾次手，所以應該都唔易做🥲 最近發現新開左間主打Paella嘅西班牙菜小店，行港式Fushion路線～ 食材嘅配搭上以及擺盤都睇得出花咗唔少心思🫶🏻 最特別係Lunch Time仲有西班牙2餸飯，配料可以自由配搭🤭❤️ Happy Hour仲以Free Flow 自家製Sangria，也太開心了吧～
-
< 𝗢𝗡𝗘-𝗕𝗜𝗧𝗘 >
•A5和牛鵝肝他他·藤椒·迷你油炸鬼 ($138)
•海膽·黑魚子·西班牙薯仔蛋餅 ($98)

帶點Fushion元素嘅和牛鵝肝他他🐂  配上香脆嘅港式油炸鬼又幾有趣！
西班牙薯仔蛋餅，食得出一片片薯仔嘅口感🥔 面層放上大大塊海膽，加上黑魚子嘅點綴，也太滿足了吧
*
< 𝗦𝗧𝗔𝗥𝗧𝗘𝗥 & 𝗧𝗔𝗣𝗔𝗦 >
•伊比利亞黑毛豬火腿·蜜瓜 ($138)
•西班牙蒜油紅蝦 ($158)
•八爪魚腿·豬頸肉·黑白煙燻薯蓉($238)

大推八爪魚腿·豬頸肉😍 八爪魚腿嫩嫩的，豬頸肉做到非常爽彈!!! 超愛底層香滑嘅紅椒粉煙燻薯蓉以及加入了香茅嘅墨汁醬，整個組合非常Match!
•
< 𝗦𝗜𝗚𝗡𝗔𝗧𝗨𝗥𝗘 𝗠𝗔𝗜𝗡 >
•馬友一夜乾·沙白 ($228)
馬友風乾左一晚再煎前，魚皮超香脆而且魚肉水嫩🐟 Highlight位一定係底層嘅白菜魚湯，飲得出放左大量白菜熬煮而成，我可以飲十碗!!!
*
< 𝗣𝗔𝗘𝗟𝗟𝗔 >
•黑毛豬叉燒西班牙燴飯 ($388)
點可以錯過佢哋嘅Paella😎 意外地在水準！飯粒煙韌而且底面都做到帶焦脆感，混入新鮮番茄醬很開胃！MVP 西班牙黑毛豬叉燒，粉嫩帶油香🐖💕 一旁仲有炸豬皮增加口感！
*
< 𝗗𝗘𝗦𝗦𝗘𝗥𝗧 >
•黑松露西班牙火腿巴斯克芝士蛋糕 ($108)
•芒果糯米飯腐皮拿破崙 ($118)

更像飯後吃芝士platter嘅鹹香西班牙火腿巴斯克✨ 入口帶陣陣黑松露香氣，搭配香甜蜜瓜，剛好Balance返整個味道！
用腐皮做嘅拿破崙，雖然層次感冇經典拿破崙咁多，但酥脆感還是有的～ 裏面分別夾住芒果&糯米飯忌廉🥭🍚
-
Cruce (中環)
中環威靈頓街78號地舖"
,SKYE Roofbar and Dining,銅鑼灣,酒吧,120-200,打卡必到,香港街道靈感Cocktails、韓牛法式多士、韓牛年糕串燒,https://www.instagram.com/p/DQRd8c1ky7V/,DQRd8c1ky7V,,"✨VIP級香港夜景! 香港TOP.1 天台酒吧🥂
-
地區分類：#fca_銅鑼灣
-
最近其中一間很愛去的酒吧～ 除左有個VIP級香港夜景外，最重要係之前試過佢哋以香港街道為靈感嘅Cocktails，全部也很不錯🙂‍↕️❤️ 總之唔係淨係得個景嘅酒吧～依個月仲有一系列與韓國農水產食品流通公社香港支社合作推出嘅韓牛小食✨ 配埋當晚來自韓國嘅兩位Oppa調酒師，夠哂啱Feel🇰🇷
-
•韓牛煎餅 ($140)
•韓牛年糕串燒 ($140)
•韓牛雜菜卷 ($140)
•韓牛餃子 ($120)
•韓牛法式多士 ($160)
•韓式炸雞 ($140)
-
SKYE Roofbar and Dining (銅鑼灣)
銅鑼灣告士打道310號柏寧酒店27樓"
,豐信餃子店,太子,中菜,50-100,深夜食堂,金沙芝士粟米鮮肉餃、椰子鮮雞豬骨湯、芫荽豬肉餃配酸辣湯,https://www.instagram.com/p/DQoUeybE31L/,DQoUeybE31L,,"🥟人生餃子店! 大癲爆汁金沙餃🥢
-
地區分類：#fca_太子
-
唔洗點介紹大家應該都知嘅餃子店😎 每次都秒清嘅椰子鮮雞豬骨湯+隻隻脹卜卜超足料嘅餃子，簡直係每晚嘅Comfort Food‼️ 私心推薦兩個神級Combo: 酸辣湯+芫荽豬肉餃 & 芝士粟米鮮肉餃+轉邪惡金沙餃，不敗組合無誤～
-
< 餃子 >
•芫荽豬肉餃 拼 薺菜馬蹄鮮肉餃 ($57)
•白菜鮮肉餃 拼 韭菜鮮肉餃 ($44)

佢哋個椰子鮮雞豬骨湯正就係人都知，無味精真材實料咁煲，每次都會飲哂個湯🤣 都估唔到第一次試酸辣湯底都咁正，爆茜+爆蒜，仲要滿滿辣椒，勁惹味，辣得幾過癮🌶️🥵 配芫荽豬肉餃，雙重芫茜夠哂正！

•芝士粟米鮮肉餃 拼 麻辣白菜鮮肉餃 ($64)
食煎餃識玩嘅一定要+$17轉邪惡金沙餃😭❤️ 面層鋪滿鹹香嘅鹹蛋黃碎，餃子外皮亦煎至金黃香脆，成件事夾埋超Match!!! 建議點芝士粟米餃，加埋芝士正到一個點🌽
*
< 小食 >
•甜蜜蜜雞中翼 ($23)
•涼拌爽脆竹筍 ($28)
•涼拌海蜇 ($22)
•秘汁鹵蛋 ($19)

仲有一系列自家小食+飲品！每次都會叫返支
羅漢果甘草茶 ($12)～
-
豐信餃子店 (太子)
太子汝州街15, 17號地下A號舖"
,Grandma’s Scones,灣仔,甜品,35,打卡必到,日本焙茶麻糬鬆餅、檸檬糖霜鬆餅、巴馬臣車打芝士鬆餅,https://www.instagram.com/p/DQL_r05E31q/,DQL_r05E31q,,"🍂Threads爆紅打卡位! 全港最迷你鬆餅店🍂
-
地區分類：#fca_灣仔
-
係灣仔居高臨下嘅大廈中間，竟然多左間迷你小木屋🚪? 其實係由Grandma’s Scones 打造嘅雜貨店x甜品屋～ 裏面有個小吧枱位俾你望住出邊街景一邊食鬆餅！當日有8款口味鬆餅出售，但一過Lunch time就好快賣哂，所以唔好掛住打卡住，買返個Scone先🤭
-
日本焙茶麻糬 ($35)
檸檬糖霜 ($35)
巴馬臣車打芝士 ($35)
Échiré Butter Cheesecake芝士蛋糕
開心果焦糖香蕉蛋糕
-
Grandma’s Scones (灣仔)
灣仔皇后大道東170號地舖"
,家賀屋刺身寿司專門店,灣仔,日本料理,200-400,拍拖約會,活伊勢龍蝦刺身、鹽燒仙台熟成牛舌芯、月見極丼,https://www.instagram.com/p/DQg6q0Skz-o/,DQg6q0Skz-o,,"🦞半價嘆龍蝦+生啤! 港島抵食の居酒屋🇯🇵
-
地區分類：#fca_灣仔
-
終於俾我喺港島搵到間飲酒一流嘅居酒屋🤭❤️ 每日6PM起日本生啤50% OFF，$34就已經飲到🍻 完全係做爛市，港島依個價位冇得輸!!! 當然唔少得一系列佐酒小食，仲有日本直送海鮮～ 節日慶祝仲有免費畫碟，唔怪得就算開係樓上都咁爆場✨
-
•活伊勢龍蝦刺身 ($398)
•北海道秋刀魚刺身 ($228)

半價後竟然三百幾已經食到日本活龍蝦，仲要係刺身級數😱🦞 起完肉都好多，晶瑩通透，食落超爽甜的！北海道活白象拔蚌刺身亦都係三百幾就食到！當然唔少得入秋必食秋刀魚，仲要原條咁食，因為當造所以好肥美！
*
•鹽燒仙台熟成牛舌芯 ($128)
仙台牛舌芯厚切爽彈，經過熟成肉味感覺更香濃了！真的很想配返碗白飯🤣🐂
*
•月見極丼（$208）
•月見櫻花海老丼 ($145)

每枱必點超足料嘅刺身丼飯🥢 極丼可以一次過食匀海膽+三文魚子+拖羅蓉，一啖過好滿足！壽司飯用上赤醋米加分～ +$60仲可以升級定食，可以自選主食+味噌湯+沙律菜+海鮮燉蛋‼️
*
•開心果雪糕脆窩夫杯 ($68)
單點甜品可享生日免費畫碟服務，儀式感瞬間拉滿🫶🏻 (每日有設名額，提提大家提早預訂喔～)
-
家賀屋刺身寿司專門店 (灣仔)
灣仔灣仔道83號1樓"
,族ZOKU,灣仔,日本料理,368,大班聚會,招牌炸薯條、鹿兒島豚肉卷、燒九州雞翼、虎蝦天婦羅,https://www.instagram.com/p/DQy8P3WE4V-/,DQy8P3WE4V-,,"🍸港島酒店! 暢飲馬丁尼+任食居酒屋美食🏮
-
地區分類：#fca_灣仔
-
人均$3xx就可以係港島酒店居酒屋，任食一系列日式卷物+串燒，仲可以無限暢飲Sake, Martini等酒精😱❤️ 最重要係有DJ / Live Music，夠哂有Feel，啱哂同一班朋友飲飽食醉！
-
🇯🇵 𝐓𝐇𝐈𝐒 𝐈𝐒 𝐈𝐙𝐀𝐊𝐀𝐘𝐀 ($368/pp)*
* 逢星期三 18:00-21:00 供應
*90分鐘無限任食+暢飲
-
< 𝗠𝗢𝗥𝗜𝗪𝗔𝗦𝗘 >
•三文魚他他墨西哥脆餅
•香辣枝豆
•招牌炸薯條
•虎蝦天婦羅 (+$58)
•黃金煎生蠔 (+$58)

< 𝗠𝗔𝗞𝗜𝗠𝗢𝗡𝗢 >
•油甘魚卷
•三文魚牛油果卷
•鹿兒島豚肉卷
•Zoku卷
•炸軟殼蟹卷 (+$48)
•A5和牛卷 (+68)

< 𝗞𝗨𝗦𝗛𝗜𝗬𝗔𝗞𝗜 >
•燒九州雞翼
•照燒三文魚
•日本香芋
•招牌味噌豚肉
•北海道帶子

10+款居酒屋美食任食！個人推薦佐酒一流嘅招牌炸薯條，超香脆，加上木魚絲食唔停口🤭虎蝦天婦羅亦做到外脆內爽彈🍤
日本卷物Encore必點鹿兒島豚肉卷，加左辣味噌+大根，層次豐富！
即燒串燒點燒九州雞翼冇得輸，外層金黃焦脆🔥🐓 照燒三文魚意外地嫩滑；招牌味噌豚肉油香豐富～
-
< 𝗞𝗔𝗡𝗣𝗔𝗜 >
依到Free Flow飲品嘅選擇可能係我見過最多🤣 最大路嘅紅白酒、有汽酒、啤酒，Highball, Sake任飲，仲有1款即調Martini (用上日本燒酎做Base) 🍸 ~ 當然亦可以加錢upgrade暢飲PJ Champagne/Espresso Martini/Mocktails/Saicho有汽茶等！真係會飲到係咁去廁所🤭
-
族ZOKU (灣仔)
灣仔駱克道330號The Hari Hong Kong 2樓"
,Foodhall by Moon Thai,觀塘,泰國菜,200-300,打卡必到,烤香茅豬頸肉、泰式鐵板蠔餅、蛋咖喱牛肉配煎薄餅,https://www.instagram.com/p/DQq54c0E3hE/,DQq54c0E3hE,,"🪷泰國水燈節! 觀塘打工仔寶藏泰菜🇹🇭
-
地區分類：#fca_觀塘
-
原來觀塘返工嘅人有咁正嘅泰菜食，真係羨慕死人😭❤ 最近嘅水燈節二人套餐人均只係二百幾食足6道菜，CP值爆哂燈！仲要餐廳環境超舒適，味道夠哂正宗地道～ 食完飯仲可以放水燈，許埋個願打埋卡，嚟緊一定心想事成！

‼️讀者優惠：只要係官網預約留言內容打上👉🏻 “FCA”，每個二人餐可免費獲得2杯水果茶‼️(原價$76/2杯)
-
🪷 水燈節二人套餐 ($498)*
* 供應日期：11月1-30日 6PM後供應 (需要提早預訂)
* 另收加一服務費
-
•泰式魚餅
•烤香茅豬頸肉
•泰式椰汁雞湯
•泰式鐵板蠔餅
•蛋咖喱牛肉配煎薄餅
•斑蘭椰汁千層糕
•泰式椰汁西米糕
•南瓜布甸

一開始兩款小食份量也很足，超愛烤香茅豬頸肉，外層烤至焦香，食落肉質爽彈，點埋泰式燒烤醬好惹味🔥 
主菜推薦大大份嘅泰式鐵板蠔餅😎 唔多地方食到，而且上枱時夠哂熱辣辣！裏面啲蠔幾飽滿，幾乎每一啖都食到蠔肉～ 下層用上爽脆嘅芽菜墊底，整體唔會太油膩！另外蛋咖喱牛肉亦超推🥰， 咖哩香濃，裏面嘅牛肉好似食極都有，配上煎薄餅一流!!!
最後有齊三款泰式甜品嘅拼盤❤ 斑蘭椰汁千層糕煙韌帶班蘭香；泰式椰汁西米糕係有芋頭個款；南瓜布甸清甜冇乜負擔感🙂‍↕✨
-
Foodhall by Moon Thai (觀塘)
觀塘道348號宏利廣場1樓101號舖

@foodhallbymoonthai
#FoodhallbyMoonThai #水燈節"
,牛之鍋,荃灣、銅鑼灣,火鍋,238-388,大班聚會,澳洲M8和牛、海鮮吧游水海鮮、烤榴槤、雪燕榴槤忘返、燒牛舌,https://www.instagram.com/p/DQlwTMlk0S7/,DQlwTMlk0S7,,"🔥低至$238! 無限時任食海鮮x和牛火鍋放題🔥
-
地區分類：#fca_荃灣 #fca_銅鑼灣
-
冇食放題一段時間，估唔到而家已經玩到咁癲?! 😱‼️ 最近發現依個只係$238就可以無限時任食嘅火鍋放題，任食成個海鮮吧!!! 連港島分店都係依個價錢，食足5.5小時～ 加多少少錢仲可以任食榴槤、乳鴿、刺身、M8和牛等！最特別係所有甜品都係自家製，連榴槤忘返 & 榴槤芭菲都食到🥳 今次真係完全失守了！
-
‼️澳洲M8和牛祭典‼️
🔺晚市無限時任飲任食放題 (17:30-23:00)
🔺特價時段19:30前離座或21:00後入座
𝐀餐 (正價時段 $258/特價時段 $238)
𝐁餐 (正價時段 $298/特價時段 $278)
𝐂餐 (正價時段 $388/特價時段 $368)
-
< 全新海鮮吧 >
超齊全嘅海鮮吧✨ 包括鮑魚、生蠔、蟶子、青口、海蝦、鮮蝦、沙白、花蜆以及瀨尿蝦！有陣仲見到有大頭蝦😍 咁嘅價錢食到大大隻生蠔🦪以及游水海鮮真係冇投訴！
*
< 期間限定 >
•烤榴槤
•蒜蓉燒生蠔
•燒乳鴿
*
< 刺身 >
集齊三文魚、吞拿魚、希靈魚、泰式生蝦、珍寶赤蝦、北寄貝～ 整體質素正常發揮，可以主攻大大隻嘅赤蝦🙂‍↕️❤️
*
< 串燒 >
個人重點推介- 燒鮑魚、燒牛舌、燒八爪魚 & 燒雞心！🔥 即叫即燒，用孜然粉調味到位！
*
< 澳洲M8和牛 >
如果升級左和牛嘅朋友仔可以食匀和牛肥牛片、和牛黃瓜條、和牛五花展、和牛牛小排以及和牛牛肩胛🐂 選擇比想像中還要多呢～
*
< 自家製甜品 >
另一個亮點位一定係10+款自家製甜品🥹❤️ 有係一般放題店揾唔到嘅宇治抹茶芭菲、芒果綿綿冰、軟雪糕窩夫等！最正係仲有榴槤甜品，包括雪燕榴槤忘返 & 榴槤芭菲🌟 記住車埋舊榴槤肉落去，雙重大享受!!!
-
📍牛之鍋
地址: 荃灣荃華街3號悅來坊2樓202號舖
訂座電話：2613 8178
地址: 銅鑼灣堅拿道西10號冠景樓2樓A號舖
訂座電話：2628 1186

#牛之鍋 #ushishabu #銅鑼灣美食 #causewaybay #荃灣美食 #tsuenwan #放題 #任食 #火鍋 #打邊爐"
,Moo-lah Restaurant,中環,韓國菜,150-400,打卡必到,港式慢煮韓牛腩麵、炸韓牛柳三明治、Born & Bred 燒韓式肋骨扒,https://www.instagram.com/p/DQbdqWzE0mq/,DQbdqWzE0mq,,"🥢GD也朝聖! $148離地清湯腩麵?!🐂
-
地區分類：#fca_中環 
-
賣$148一碗嘅清湯腩，點解都咁多人去朝聖?!😱🥢 就連G-Dragon係香港完演唱會都要去！完來餐廳由首爾米芝蓮推介嘅Born & Bred團隊打造，連碧咸、Big Bang 成員太陽都到訪過～ 主打用上1++ (No.9) 等級韓牛‼️嚟到除左要打卡碗牛腩麵外，記住要同GD親筆簽名牆影埋相啊🤣
-
韓式辣椒泡菜 
原味泡菜 
蘿蔔泡菜 
*
Born & Bred 燒韓牛扒150克 ($478)
Born & Bred 燒韓式肋骨扒 150克 ($388)

點都一定要點嘅Born & Bred 韓牛扒，用上炭火去燒，咁先襯托到個肉香！個人偏愛韓式肋骨扒，帶甜甜的韓式醬油味，而且肉質軟嫩，富剛好的油香🐂🫶🏻
*
炸韓牛柳三明治 ($288)
堪稱💯嘅韓牛三明治！烘得金黃香脆嘅多士，夾住外脆內嫩嘅牛柳，牛肉軟腍，一咬就開，食得好爽🙂‍↕️
*
•韓式牛腩石鍋飯 ($148)
天氣涼左點少得熱辣辣嘅石鍋飯🤭❤️ 下層嘅飯粒完美吸收牛腩嘅油香！但因為調味比較輕手，可以配返啲伴菜一齊食會更好！
*
•韓式辣牛腩湯麵 ($138)
•港式慢煮韓牛腩麵 ($148)

嚟到必試韓牛版清湯腩🥢 個湯幾香而且韓牛腩經過慢煮，接近入口即化嘅感覺!!! 個蘿蔔超水嫩的💦 辣牛腩湯麵就會偏重味啲，辣得幾過癮，麵條近似公仔麵QQ的，如果前一晚飲完酒再食依碗麵一定好爽~
-
Moo-lah Restaurant (中環)
中環蘇豪荷李活道66號地舖"
,毫無分串陀地串燒酒場,銅鑼灣,串燒,100-200,打卡必到,唔L同沙嗲牛麵、流心維他奶芝士年糕、鹵水牛舌、蒜蓉燒蠔,https://www.instagram.com/p/DPlY_ThE8Y9/,DPlY_ThE8Y9,,"🔥爆紅串燒店! 尋找人生沙嗲牛肉麵🥢
-
地區分類：#fca_銅鑼灣
-
邊個會諗到串燒店裏面招牌竟然係沙嗲牛肉麵?!?! 而且仲要勁高質兼足料😎 店內行型格港風夠哂貼地～ 最特別係依度竟然食到會拉絲嘅維他奶串燒😱 配埋大家最愛嘅維他奶，竟然幾Match!!! 午市加五毫子仲可以轉埋1L勁量凍飲！
-
< 維他奶系列 >
•維他奶醬燒免治雞肉條 ($38)
•維他奶醬燒翠玉瓜 ($20)
•維他奶醬燒獅子狗 ($32)
•維他奶醬燒豆卜 ($32)
•維他奶醬燒日本小甜薯 ($20)
•流心維他奶芝士年糕 ($38)

以為用維他奶醬配串燒會好奇怪，但其實又意外地Match🫢❤️ 比起就咁芝士會冇咁Heavy，仲帶陣陣豆香！私心最愛維他奶醬燒獅子狗 & 流心維他奶芝士年糕!!! 年糕香脆內煙韌，裏面係流心芝士，加上拉絲維他奶醬，不得了!!! 
當然要配返杯維他奶奶凍紅豆冰 ($32) & 維他奶奶凍黑芝麻冰 ($32) 好鐘意裏面加左奶凍😍
*
< 招牌推介 >
•厚豬五花肉 ($24)
•鹵水牛舌 ($38)
•原條蒜香燒茄子 ($48)
•蒜蓉燒蠔 ($68/半打)
•和牛炒飯 ($48)
•唔L同沙嗲牛麵 ($58)

竟然比佢哋嘅鹵水牛舌驚艷到🥹✨ 睇顏色就知超入味，仲要滷得很軟腍；
想嘆蒜蓉燒蠔？依家只要Follow FB/IG，每台惠顧10串或以上，即可以加$68換半打蒜蓉燒蠔🔥
一定要點嘅招牌唔L同沙嗲牛麵，湯底濃厚帶花生香，而且掛滿Q彈公仔麵，牛肉亦係比到足🥢 絕對會為左依碗麵而再訪!!! 
-
毫無分串陀地串燒酒場 (銅鑼灣)
銅鑼灣謝斐道526號地舖"
,Casa Cucina,銅鑼灣,西式,368-400,打卡必到,甲殼海鮮闊扁意粉、濃湯煮蜆、24小時慢燉牛小排,https://www.instagram.com/p/DP83k4NEw6l/,DP83k4NEw6l,,"🍷港島抵食之選! 粉系休閒手工意粉店🍴
-
地區分類：#fca_銅鑼灣
-
港島食Handmade Pasta嘅地方淨係知嗰幾間？🤭💕 不況試下依間以粉紅色為主調，行休閒風嘅意式餐館～ 有Bar Counter可以飲返兩杯Cocktails夠哂寫意～ 最重要係有提供手工意粉以及意式創新料理，近期仲見有手工Pizza食添！4道菜Dinner Set都只係$368/位起，港島區嚟講幾抵玩😎
-
🍷 𝐏𝐑𝐄𝐌𝐈𝐔𝐌 𝐃𝐈𝐍𝐍𝐄𝐑 𝐒𝐄𝐓 ($398/pp)
-
< 𝗦𝗢𝗨𝗣 𝗢𝗙 𝗧𝗛𝗘 𝗗𝗔𝗬 >
*
< 𝗔𝗣𝗣𝗘𝗧𝗜𝗭𝗘𝗥 >
•濃湯煮蜆
•意大利半軟芝士伴帕爾馬火腿

每次必點招牌之一，以冬陰公為靈感嘅煮蜆，醬汁裏面加左青檸葉，帶出返蜆嘅鮮味～
*
< 𝗠𝗔𝗜𝗡 𝗖𝗢𝗨𝗥𝗦𝗘 >
•甲殼海鮮闊扁意粉
•24小時慢燉牛小排 (+160/15oz)

點都要試吓佢哋主打嘅手工意粉🍴推介依款加左虎蝦、藍蟹煮成嘅海鮮闊扁意粉🍝 麵條有彈性，充分掛滿一絲絲嘅蟹肉以及蕃茄海鮮醬～ 
牛小排經過24小時慢燉，中間位置非常軟嫩，幾鐘意搭配嘅可可肉汁，附上嘅牛油薯蓉亦夠軟滑🐂😍 (影片文字更改，應為15oz)
*
< 𝗗𝗘𝗦𝗦𝗘𝗥𝗧 >
•濃縮咖啡淹沒雪糕
•士多啤梨新地雪糕

好可惜今日Tiramisu sold out 🥹 但Affogato都不錯，好香咖啡味，本身個雲呢拿Gelato都有啲甜，剛好Balance返☕️🍦 但士多啤梨新地雪糕就真係甜左啲，但口感幾滑嘅～
*
< 𝗖𝗢𝗖𝗞𝗧𝗔𝗜𝗟>
•COCONUT NEGRONI ($108)
店內亦提供一系列雞尾酒 & 紅白酒🍹 個人最愛椰子Negroni🥥 用上椰子Gin做base，加上杯邊嘅椰絲，飲落更清新！
*
Casa Cucina (銅鑼灣)
銅鑼灣百德新街57號Fashion Walk地下C及D號舖"
,The Victuals,灣仔,西式,598,拍拖約會,14天雞油熟成牛舌芯、慢煮日本海參配墨魚慕絲,https://www.instagram.com/p/DQCBGiOE102/,DQCBGiOE102,,"🐂肉匠小店！罕有雞油熟成牛舌🍷
-
地區分類：#fca_灣仔
-
留言「DRY AGED」DM你免費升級「咖啡豬」讀者優惠‼️

少有玩熟成玩到出神入化嘅小店😱❤️ 估唔到用雞油&咖啡粉可以做到熟成!!! 依間係樓上嘅自家乾式熟成扒房，一入門口已經放滿晒唔同紅白酒🍷 裏面播放住黑膠碟夠哂Chill~ 6道菜Menu都係五百幾起，絕對拍得住Fine Dine質素，以滿島區而言價錢同質素絕對比到你～
-
🍷 𝐓𝐇𝐄 𝐕𝐈𝐂𝐓𝐔𝐀𝐋𝐒’ 𝐆𝐑𝐀𝐍𝐃 𝐓𝐀𝐒𝐓𝐈𝐍𝐆 𝐌𝐄𝐍𝐔 ($598/pp)
-
< 𝗘𝗡𝗧𝗥𝗘𝗘𝗦 >
•赤貝紫菜撻
•香煎松阪豬
•慢煮日本海參配墨魚慕絲

兩款海鮮前菜都好出色✨ 特別鐘意慢煮日本海參，外層鋪上脆脆的青檸寶雲酥，裏面釀入墨魚慕絲，口感做到外脆內Q彈💖 搭配三文魚子以及海膽醬西米，絕對係高分之作！
赤貝紫菜撻加入了蜆湯啫喱 & 醃青瓜，反而係行小清新路線～
香煎松阪豬🐖 由4層組成，肉質爽彈帶油香，配上青蘋果有解膩嘅作用！
*
< 𝗦𝗢𝗨𝗣 >
•龍蝦濃湯 (+$48)
用上足25斤龍蝦頭+蝦殼去煲，飲得出每一啖都係精華，真材實料嘅味道🦞🥄
*
< 𝗠𝗔𝗜𝗡 𝗖𝗢𝗨𝗥𝗦𝗘 𝟭 >
•慢煮鴨髀鴛鴦腸焗飯
大家很熟悉臘味飯嘅味道，但用上辣肉腸代替臘腸，加上潤腸以及慢煮鴨髀肉，味道就更濃厚🤩 冬天是一定成個人暖笠笠～ 飯粒亦夠濕潤煙韌！
*
< 𝗠𝗔𝗜𝗡 𝗖𝗢𝗨𝗥𝗦𝗘 𝟮 >
•14天雞油熟成牛舌芯
/
•每月特選- 羊腰柳肉釀黃菜頭

大推!!! 好耐冇食過咁嫩嘅牛舌芯🥹❤️ 用雞油包住熟成14日！一切就開，口感軟腍但卻保留到一定嘅Texture，油香突出！
每月特選- 羊腰柳肉！裏面釀入釀黃菜頭，可以一減油膩感，但羊臊味可能會偏重。
另外仲有21日乾式熟成西冷以及15日乾式熟成咖啡豬梅頭選擇～
*
< 𝗗𝗘𝗦𝗦𝗘𝗥𝗧𝗦 >
•杜拜朱古力
•招牌提拉米蘇 (+$88)

超Fancy嘅自家製杜拜朱古力☀️ 配上海鹽焦糖醬，以龍鬚糖作點綴！招牌提拉米蘇嘅Mascarpone cheese輕盈帶空氣感，見到有唔少雲呢拿籽，咖啡味亦夠突出☕️ 睇得出花咗唔少心機！
-
The Victuals (灣仔)
灣仔軒尼詩道99號彰顯大廈3樓"
,宮崎肉本舖,天后,日本料理,480-980,拍拖約會,A5宮崎櫻花牛西冷伴海膽魚子醬、A5宮崎櫻花牛牛柳三文治、三角腩,https://www.instagram.com/p/DP01INBE6U1/,DP01INBE6U1,,"🐂小區搵到寶! 抵食の宮崎櫻花和牛燒肉店🔥
-
地區分類：#fca_天后
-
真係自從去過一次之後，食和牛燒肉都會去依間！新店由銅鑼灣搬咗去天后，照樣主打A5宮崎櫻花牛，但成件事就更加抵食🥹❤️
16品晚市菜單都只係$480/位，就已經食到4款宮崎牛以及一系列日本料理！再想試多啲的話，推介足18品「宮」晚市菜單，食匀6款宮崎牛😍 而最貴嘅Menu可以食埋A5 宮崎櫻花牛牛柳三文治 + A5宮崎櫻花牛西冷伴海膽魚子醬，滿足感MAX‼️ 建議咁多位大胃王嚟挑戰～
-
🌸 櫻 ($980/位)
-
•精選前菜三品
•宮崎肉本舖和風沙律
•和牛他他
•A5 宮崎櫻花牛三品
（前腿肉、三角腩、內後腿肉）
•磯煮鮑魚
•A5 宮崎櫻花牛三品
（肩口肉、稀有部位兩款）
•精選野菜
•A5 宮崎櫻花牛牛柳三文治
•軟殼龍蝦天婦羅
•大蜆清湯
•A5 宮崎櫻花牛西冷 伴海膽魚子醬
•白飯魚天婦羅蕎麥麵
•是日甜品及鮮果

一共18品，點都一定係捧住個肚出門口🤭 最貼心嘅係每次到燒肉環節，店員都會攞住個牌幫係介紹A5 宮崎櫻花牛嘅位置！
今次就試匀前腿肉、三角腩、內後腿肉、肩口肉、只有1.5%和尚頭 & 1.8%牛臀肉🌟 想爆油感MAX的話一定係三角腩+和尚頭，遍佈油花，油脂感非常豐富😭❤️
「櫻」Menu先有嘅A5宮崎牛柳三文治🥪🐂 牛柳係超級軟腍，配上烘得香脆嘅麵包，正！
最後又係Menu獨有，全餐飯MVP- A5宮崎櫻花牛西冷🔥 鮮嫩誘人嘅粉紅色，油脂分布平均！薄切嘅關係入口接近入口即化，油香大爆發🥹 仲要配上海膽+魚子醬一齊食，發夢都諗緊呢個味道!!!!
-
宮崎肉本舖 (天后)
天后清風街15號地舖"
,四季酒店 POP UP STORE,中環,甜品,50-100,打卡必到,崧子叉燒菠蘿包、班蘭咖吔葡式蛋撻,https://www.instagram.com/p/DP3Z9HHE64U/,DP3Z9HHE64U,,"🌟四季酒店! $19蛋撻+米芝蓮叉燒菠蘿包🌟
-
地區分類：#fca_中環 
-
留言「❤️」DM你蛋撻+叉燒菠蘿包出爐時間‼️

經過IFC @hkifcmall，見到四季酒店 @fshongkong 少有地搞Pop Up Store！最正嘅係可以買到米芝蓮二星餐廳「龍景軒」嘅崧子叉燒菠蘿包😍💕 每日得一輪，當日仲要限量28個，每人限購2個～ 
四季酒店出品嘅蛋撻都只係賣$19/個 (上網睇係酒店食要$55/個)，平足一大半!!!! 有幾特別嘅班蘭咖吔口味，所以忍唔住一次過買左半打自己食🤣 
-
崧子叉燒菠蘿包 ($48)
班蘭咖吔葡式蛋撻 ($19)
原味葡式蛋撻 ($19)
西西里開心果布朗尼丹麥酥 ($48)

推薦點都要試下崧子叉燒菠蘿包，菠蘿皮做到好香脆，放耐左都唔會腍😍 裏面唔少叉燒餡，幾鐘意裏面放左洋蔥+崧子，增加左唔少口感～ 
葡式蛋撻外皮酥脆唔油膩，亦夠蛋香而且口感滑溜，但就偏甜～ 推介可以試班蘭咖吔口味，中間會有層咖吔醬🌿
西西里開心果布朗尼丹麥酥，Umm，可以唔洗試😂😂 
-
四季酒店POP UP STORE
Kiosk LA1, ifc mall (Zara附近)
營業日期：即日起至一月十二日"
,龍蝦吧餐廳,金鐘,西式,898,拍拖約會,招牌燒牛扒、龍蝦湯、華記農場豬肉、黑糖撻,https://www.instagram.com/p/DQJcFSxk5QY/,DQJcFSxk5QY,,"🌟每月快閃限定! 米芝蓮主廚x週日烤肉🥂
-
地區分類：#fca_金鐘
-
估唔到依家去食Sunday Roast都可以食到米芝蓮級菜式?! 😍 其實係港島香格里拉龍蝦吧餐廳由六月至十二月，與不同頂級餐廳客席廚師，聯手打造英式週日烤肉～之前包括Ando、Estro等米芝蓮餐廳🌟 而今次就係聯乘米芝蓮一星+綠色Roganic，Menu除左有Roganic限定菜式，當然唔少得Lobster Bar招牌燒牛扒、原隻波士頓龍蝦等!!! 

嚟緊幾個月仲有三間米芝蓮一星餐廳：Epure、Arcane、Louise坐鎮，每個月只限一場，大家好好把握機會啦‼️
*
𝐋𝐎𝐁𝐒𝐓𝐄𝐑 𝐁𝐀𝐑 𝐀𝐍𝐃 𝐆𝐑𝐈𝐋𝐋 𝐗 𝐑𝐎𝐆𝐀𝐍𝐈𝐂
🥂 𝐒𝐮𝐧𝐝𝐚𝐲 𝐑𝐨𝐚𝐬𝐭 𝐌𝐞𝐧𝐮 ($898/pp)*
*Epure - 26th Oct
*Arcane - 23rd Nov
*Louise - 7th Dec

☘️: Roganic 菜式
-
< 𝗔𝗣𝗣𝗘𝗧𝗜𝗦𝗘𝗥𝗦 >
•Puffed Yi-O Rice & Smoked Cod Roe ☘️
•Freshly Sucked Raw Gillardeau Oysters
•Fried Potato Cake & Caviar
•Mushroom on Toast
•Demitasse Creamy Lobster Bisque 
•Caesar Salad

6款前菜排場夠哂震撼🤭✨ 由Roganic打造嘅二澳米脆片配煙燻鱈魚子，帶鹹香嘅同時又幾小清新；超愛龍蝦湯，上面有層foam，入口係絲滑，而且好濃厚🦞
*
< 𝗠𝗔𝗜𝗡𝗦 >
•Wah Kee Farm Pork ☘️
•Roast Beef

Sunday Roast當然唔少得Lobster Bar經典燒牛扒、燒原隻龍蝦以及原條多寶魚‼️ 每次見到都比個Size嚇親🤣
Roganic菜式則用上本地華記農場豬肉，腩位富油脂感，Loin位都做到好軟嫩🥰 配上豬肉炸丸子、酸椰菜以及黑合桃蘋果醬～
*
< 𝗗𝗘𝗦𝗦𝗘𝗥𝗧𝗦 >
•Brown Sugar Tart
•Hundred Flower Honey & Chamomile ☘️

甜品部分超出色的！最重要係Family style大大份🤭❤️ 黑糖撻配豆乳焦糖芝麻雪糕，撻邊以及底層脆脆的，很香牛油味！黑糖嘅甜道也很容易接受～ Roganic嘅百花蜜洋甘菊奶油蛋糕，面層嘅忌廉非常輕盈，入口帶陣陣花香以及無花果嘅香甜🌼 
-
龍蝦吧餐廳 (金鐘)
金鐘金鐘道88號太古廣場港島香格里拉6樓"
,鐘路餐廳,佐敦,韓國菜,200-400,大班聚會,牛腸拼盤、清燉全雞+粥,https://www.instagram.com/p/DPtZnt0E0a4/,DPtZnt0E0a4,,"🇰🇷韓國人主理！新開正宗烤牛腸+燒肉店🔥
-
地區分類：#fca_佐敦
-
終於俾我喺香港搵到食韓式烤牛腸嘅地方🥹 仲要連清燉一隻雞+超鮮雞粥都超好食!!! 依間最近先知新開嘅韓國菜餐廳，由在港36年韓國人主理~ 整體性價比幾高，未食已經有一系列免費韓式小菜 (份量亦超慷慨的)❤️ 今次真係衝住佢哋嘅燒牛腸，有專人燒真係唔同啲，做到外脆內爆油，夜晚睇到依段片真係不得了😂
-
•牛腸拼盤 ($398)
嚟到一定要食韓國牛腸拼盤，唔多地方食得到，仲要係話明用上韓牛🐂 一次過食匀牛肚+大腸+腸頭!!! 最重要係有專人幫你燒，保證燒至外脆內爆油嘅效果🥹❤️ 依到食到最正嘅燒大腸，因為中段切開左中間嚟燒，所以油香更出!!! 牛肚亦煙韌帶焦香！
*
•頂級五花腩二人餐 ($288)
燒式燒肉點少得五花腩🐖 油脂感剛好，肉質爽彈，有埋炒泡菜&芽菜比你包生菜一齊食！要抵讚嘅係附送嘅蔬菜籃好新鮮，仲有紫蘇葉添～ 
*
•煎雞肉香蔥餅 ($128)
可以果斷放棄平時嘅海鮮煎飽，因為原來放雞肉仲好食！外層煎至金黃脆口，裏面放入雞肉+香蔥，非常香口，下酒一流🍻
*
•清燉全雞+粥 ($388)
每枱必點‼️ 原隻雞再放自家熬煮雞湯一齊煮，所以真係越煮越入味，雞肉軟腍，湯底充滿雞嘅鮮味🐓 一定要留返啲湯，因為最後煮嘅粥先係精華，完美吸引哂雞湯嘅精華，秒清！
-
鐘路餐廳 (佐敦)
佐敦柯士甸道19-23號永發大廈地下5號舖"
,Gold Star,上環,韓國料理,100-200,打卡必到,大麥蝦韭菜煎餅、鮑魚人蔘雞湯,https://www.instagram.com/p/DRt2e5IkdNA/,DRt2e5IkdNA,,"🇰🇷冬天必訪! 新開蔘雞湯專門店🐓
- 
地區分類：#fca_上環
-
最近上環悄悄地新開了人蔘雞湯專門店，由全韓國人班底主理，走高級韓國料理路線✨ 新開頭兩日已經好多韓國人捧場，除左蔘雞湯，仲有牛肋骨湯及少量麵類選擇🥢 感覺天氣涼涼哋食挺暖胃的～
-
牛油煎鮑魚 ($98)
大麥蝦韭菜煎餅 ($58)
牛肋骨章魚湯 ($178)
鮑魚人蔘雞湯 ($208)

前菜非常推薦大麥蝦韭菜煎餅，除咗煎至兩面金黃香脆，仲好香蝦味，係出面韓國餐廳食唔到嘅味道🥰
就咁普通人參雞湯$168，見到用上高壓煲原隻雞去煮，真材實料嘅味道，雞肉軟腍輕易脫骨🐓 但整體口味會偏清淡，自行加返啲調味會比較好，人蔘味亦冇想像中突出。
牛肋章魚湯，湯頭清澈唔油膩，亦係主要飲返牛肉嘅鮮味，裏面仲可左煙韌粉絲～
-
Gold Star (上環)
上環永樂街118號地舖"
,LAB EAT Restaurant & Bar,尖沙咀,西式,644,拍拖約會,法國生蠔、海鮮湯、海膽黑松露忌廉扁意粉、澳洲M4牛柳、開心果慕絲蛋糕,https://www.instagram.com/p/DPykYP5k2Z9/,DPykYP5k2Z9,,"🌹打卡女友必愛! 浪漫氛圍慶生西餐廳💕
-
地區分類：#fca_尖沙咀
-
如果你哋另一半鍾意打卡嘅話，依間西餐廳應該啱晒😏✨ 最重要係如果慶祝生日/紀念日，餐廳仲會準備超有儀式感嘅擺設以及精緻畫碟，完美地幫男士們解決約會儀式感嘅煩惱🌟
OpenRice 訂座可享主菜餐牌正價88折喔～
-
🥂 𝐒𝐞𝐭 𝐃𝐢𝐧𝐧𝐞𝐫 𝐟𝐨𝐫 𝟐 ($1288/2pp)*
*包咖啡/茶，精選紅白酒 (+$58/杯)
-
•Welcome Drink
•Bread Basket

< 𝗔𝗣𝗣𝗘𝗥𝗧𝗜𝗭𝗘𝗥 >
•生牛肉薄片
•四隻法國生蠔

成個Set食足8道菜✨ 法國生蠔意外地新鮮厚肉🦪 
*
< 𝗦𝗢𝗨𝗣 >
•海鮮湯
•黑松露濃湯

餐湯兩款都可以試匀哂，個人偏愛海鮮湯，有大大隻蝦同青口～ 
*
< 𝗥𝗜𝗦𝗢𝗧𝗧𝗢 𝗢𝗥 𝗣𝗔𝗦𝗧𝗔 >
•海膽黑松露忌廉扁意粉
意粉係有咬口個隻，黑松露味剛好，不會太衝擊🍴
*
< 𝗦𝗢𝗥𝗕𝗘𝗧 >
*
< 𝗠𝗔𝗜𝗡 𝗖𝗢𝗨𝗥𝗦𝗘 >
•澳洲M4牛柳
牛柳幾厚切，所以食到肉質軟嫩嘅口感，亦保留唔少肉汁🐂❤️ 但主菜方面，如果要男嘅另一半Share，可能略嫌份量偏少🤔
*
< 𝗗𝗘𝗦𝗦𝗘𝗥𝗧 >
•甜品師每日創作甜點- 開心果慕絲蛋糕
依到嘅甜品最正係有畫碟服務‼️(提早訂位有畫碟，甚至可以安排超有氣氛佈置💕，建議大家提前打去Request🙂‍↕️🙂‍↕️) 仲可以點埋煙花蠟燭🎆 儀式感瞬間拉滿!!!!
-
📍LAB EAT Restaurant & Bar (尖沙咀)
尖沙咀金巴利道87-89號僑豐大廈地下1-2號舖
📍LAB EAT Restaurant & Bar (旺角)
旺角彌敦道700號T.O.P This is Our Place 5樓502號舖"
,Quiero Más,中環,西式,328-526,大班聚會,流心蛋配西班牙辣腸及脆薯、西班牙海鮮飯,https://www.instagram.com/p/DQO5LB-k-i7/,DQO5LB-k-i7,,"🇪🇸暢飲西班牙果酒! 全新異國風情Brunch🍹
-
地區分類：#fca_中環 
-
又多左個一應俱全嘅Brunch選擇🤭 有齊Live Music+無限暢飲，仲要食足6道菜，人均都係三百幾起!!! 最重要係空間感足夠，坐得幾舒服，啱晒Weekend同朋友過嚟Chill下🫶🏻
-
🍷 𝐁𝐫𝐮𝐧𝐜𝐡 𝐌𝐞𝐧𝐮 ($328/pp)*
*2 Hrs Free Flow (+$198/pp)
*任飲Sangria, Prosecco, House Red & White Wines, Beer, Gin & Tonic*
-
< 𝗧𝗔𝗣𝗔𝗦 >
•西班牙火腿
•水晶番茄多士
•帶子他他
•西班牙油蒜大蝦
•西班牙烤乳豬
•流心蛋配西班牙辣腸及脆薯
•香煎鵝肝配牛油布里歐多士及蘋果醬(+$88)

一共6款Tapas✨ 個人最愛流心蛋，薯條炸得超香脆，再沾上香滑嘅蛋汁，係會越食越上癮!!! 另外帶子他他配上牛油果蓉幾Refreshing! 西班牙烤乳豬外皮帶焦脆感，肉質亦嫩嫩的！香煎鵝肝反而不用加配，份量有點少呢🤣
*
< 𝗧𝗛𝗘 𝗠𝗔𝗜𝗡 𝗘𝗩𝗘𝗡𝗧 >
•西班牙海鮮飯（最少2位起）
嚟到點可以唔食Paella😎 飯粒煙韌有口感，充份吸收海鮮湯嘅精華！亦有唔少海鮮配料，包括蝦，蜆，青口等，最重要底下仲有飯焦❤️🥘 建議大家可以加配半隻波士頓龍蝦(+$128) 週末當然要獎勵吓自己～
*
<Dessert>
•巴斯克芝士蛋糕配雜莓醬
•西班牙油條配巧克力醬
-
Quiero Más (中環)
中環威靈頓街2-8號威靈頓廣場M88 20樓"
,Solstice Culinary Space,中環,越南菜,1200,打卡必到,粉紅西柚沙律、伊比利亞豬肉春卷、雞絲湯河粉、斑蘭木薯糕,https://www.instagram.com/p/DPJXi_bky2e/,DPJXi_bky2e,,"👨🏻‍🍳米芝蓮級大廚指導! 超強全新烹飪班🌟
-
地區分類：#fca_中環 
-
一般嘅烹飪班已經對滿足唔到自稱「廚神」嘅萌媽🤭 今次專登帶佢嚟到依間全新烹飪場地，所有課程由多位現任米芝蓮級大廚親自指導，當中包括米芝蓮兩星營致會館張主廚、米芝蓮一星Feuille主廚Joris等❤️
當日跟越南米芝蓮推介餐廳@vietnamhouserestaurant 大廚Chef Vinh學整4款越南經典菜式 (幫大家睇過係咁多班裏面整得最多道菜式🤭) 每個星期嘅課程都唔一樣，大家可以睇返@solsticeculinaryspace
-
🇻🇳 Vietnamese Culinary Class ($1200/pp)*
*Available on 19th Oct, 11AM-2PM / 4-7PM
-
•粉紅西柚沙律
•伊比利亞豬肉春卷
•雞絲湯河粉
•斑蘭木薯糕
-
📍 Solstice Culinary Space
中環擺花街8號5-6樓"
,Prince and The Peacock,中環,印度菜,788,打卡必到,烤羊肉串、沙米烤肉串、慢燉小牛腿,https://www.instagram.com/p/DPbZQz5E8Xp/,DPbZQz5E8Xp,,"🦚30秒帶你穿越時空! 嘆古代宫廷印度菜🇮🇳
-
地區分類：#fca_中環 
-
有冇諗過係百年古蹟內食古代宫廷印度菜係咩體驗？餐廳由全球首間摘下米芝蓮星級嘅旁遮普餐廳 New Punjab Club 總廚 Palash 主理✨ 主打正宗印度皇室風味印度菜～ 餐廳設計置身於拉賈斯坦宮殿之中，充滿昔日印度王室氣派🤴🏻

一系列免費Seasonal餐前小食打開序幕，包括印度街頭小食Pani Puri、Tokri Chaat、紅菜頭脆球以及炸荖葉~ 
-
🪔 𝐓𝐇𝐄 𝐍𝐀𝐖𝐀𝐁𝐒 𝐎𝐅 𝐋𝐔𝐂𝐊𝐍𝐎𝐖*
勒克瑙納瓦布限定餐單
* 7道菜廚師嚐味餐單 ($788/pp)
*以下介紹為單點形式
-
< 𝗦𝗛𝗨𝗥𝗨𝗬𝗔𝗔𝗧 >
•沙米烤肉串 ($178)
•烤羊肉串 ($178)
•慢燉大蝦 ($238)

個人最愛烤羊肉串😌✨ 用丁香煙燻過嘅羊肉，下層搭配番紅花香味牛奶麵包，帶陣陣香料嘅衝擊感！另一驚喜菜式-沙米烤肉串，雖然賣相普通，但係用上和牛肩肉+黃扁豆製成，配上薄荷醬又幾正！
*
< 𝗚𝗢𝗦𝗛𝗧 >
•慢燉小牛腿 ($1278)
超巨型‼️ 經過慢燉基本上係輕鬆脫骨！外層充滿香料味，而內裏保留唔少肉汁，小牛肉比起普通成年牛肉更嫩口🐂❤️
*
< 𝗦𝗛𝗔𝗞𝗔𝗛𝗔𝗥𝗜 >
•慢煮黃扁豆 ($178)
搭配洋蔥、番茄以及調溫紅辣椒～
*
< 𝗡𝗔𝗔𝗡 >
•蒜蓉印度烤餅
*
< 𝗠𝗘𝗘𝗧𝗛𝗔 >
•印度蒸乳酪 ($128)

•布丁Maqooti ($108)
限定Menu- 傳統牛奶扁豆布丁，加入左藏紅花牛奶，呈誘人嘅金黃色，再配以焦糖菠蘿和薄荷糖漿，酸甜醒胃💛
-
Prince and The Peacock (中環)
中環亞畢諾道1號地舖"
,DIGREEN,尖沙咀,甜品,50-128,打卡必到,TABASCO® 牛乳軟雪糕、奶辣二重奏,https://www.instagram.com/p/DPdpbYiEzT9/,DPdpbYiEzT9,,"🌶️自由加辣！挑戰全港最辣雪糕🍦
-
地區分類：#fca_尖沙咀
-
快啲Tag身邊鍾意食乜都落tobasco嘅朋友仔，去挑戰依杯「全港最辣雪糕」🥵❤️ 最近由澳門雪糕品牌 @digreen.hk 聯同
TABASCO® @tabasco 推出甜辣風嘅牛乳軟雪糕！最正嘅係隨雪糕附送史上最細樽TABASCO®辣椒仔🌶️ 比大家自行加辣加到爽!!!
由即日起至10月7日購買聯名雪糕，即可享減$10優惠添！
-
•奶辣二重奏 ($60)
•TABASCO® 牛乳軟雪糕 ($50)
•魚子醬雪糕 ($128)
-
DIGREEN (尖沙咀)
尖沙咀梳士巴利道18號維港文化匯K11 Musea B2樓B225A號舖
(另設沙田 & 尖沙咀海港城分店)"
,遖,尖沙咀,日本料理,530-1680,打卡必到,岩手縣紫海膽·魚子醬、牡丹蝦配蝦頭Mousse、熟成馬友魚,https://www.instagram.com/p/DPizj3UE5K3/,DPizj3UE5K3,,"🥢原隻紫海膽+魚子醬! 19品の廚師發辦✨
-
地區分類：#fca_尖沙咀
-
日本料理比想像中還要強的Omakase! 依間位於尖沙咀樓上嘅廚師發辦，只有十席，16品午市Menu都係$530/位算係幾抵玩✨ 晚市前菜以及料理會多啲，而且行精緻路線，啱哂想打卡嘅你哋❤️
-
夜の御品書 ($1380/$1680位)
-
< つまみ8品 >
•京都豆腐·赤海膽
•烏梅貝
•兵庫縣夢追星生蠔
•象拔蚌
•粒貝
•岩手縣紫海膽·魚子醬
•牡丹蝦
•清酒鮑魚·鮑肝醬

一共8款前菜✨ 個人最愛一定係岩手縣紫海膽 (海膽肉係連殼㗎!!!) 配上魚子醬以及甜蝦，真係鮮到一個點～ 另一個比較特別係牡丹蝦，配上蝦頭Mousse，蝦味就更濃厚！
*
< お料理 >
•熟成馬友魚
/
•松葉蟹天婦羅

馬友魚經過熟成，魚味更濃郁，外皮亦燒至焦膽；松葉蟹天婦羅分別配上三文魚子以及海膽🦀 再以水果蕃茄解膩！
*
< 握り寿し7貫 >
•石垣貝
•伊佐木
•醬油漬赤身
•中拖羅
•海膽
•間八
•赤鯥魚

7貫壽司份量剛好🥢 白身魚亦有比較特別嘅赤鯥魚以及伊佐木！中拖羅油份剛好，比一般大拖羅冇咁Heavy~
*
< 卷物 >
*
< 茶碗蒸しお椀 >
*
< デザート >
•北海道蜜瓜·抹茶布甸
-
遖 (尖沙咀)
尖沙咀漆咸道南115號達成商業大廈7樓"
,鳥熟成,銅鑼灣,日本料理,580,打卡必到,熟成特上鴿皇胸腿肉、自家製月見免治鷄肉棒、花膠鷄白湯烏冬,https://www.instagram.com/p/DPvriGUk8Pd/,DPvriGUk8Pd,,"🐓爆汁乳鴿脾! 罕有乾式熟成燒鳥店🔥
-
地區分類：#fca_銅鑼灣
-
作為弥泩 & 天御嘅姊妹店，一開業即爆場是常識吧🙂‍↕️ 依兩間之前都去過幾次，對他們家的食物水準還是很有信心～ 而新開嘅燒鳥店主打乾式熟成，用上香港本地三黃雞+日本地雞，單點的話最平$18起就食到，18品Omakase都係$580/位，性價比幾高✨ 整體質素亦完全在線上！

但要一提係當日到訪仍然係新開階段，店員運作都幾唔暢順下😂 最後喺未通知嘅情況下被收左額外嘅水錢，令成個用餐體驗都幾扣分下，最重要係員工態度都幾唔好，希望依家有改善啦🤷🏻‍♀️
-
🐓 𝐎𝐦𝐚𝐤𝐚𝐬𝐞 𝐌𝐞𝐧𝐮 ($580/pp)
-
< 前菜2品 >
•菠菜雞絲沙律
•有機南瓜沙律
*
< 熟成三黄鷄及日本地鷄- 6款>
•日本雞翼
•熟成鴿皇翼
•日本雞尾
•日本雞掌心肉
•燒橫膈膜
•燒蠔肉

整體燒得火喉剛好，師傅有一定功架～ 食次竟然最愛雞尾，冇出面咁油膩，而且意外地爽彈！當中有唔少稀有部位，例如橫膈膜以及雞掌心肉，很愛脆脆的口感😎 但串與串等候嘅時間都幾唔平均，幸好有時會送上免費串燒比大家佐一佐酒🙂‍↕️✨
*
< 熟成特上鴿皇胸腿肉 >
果然係冇令人失望🥹❤️ 乾式熟成，口感做到外皮香脆帶油光，內裡充滿肉汁！咬開裏面仲係呈粉嫩嘅顏色～ 絕對值得為依個而一訪！
*
< 三黄鷄内臟- 3款 >
•三黃雞心
•汁燒三黃雞肝
•三黃雞腎

隻雞要新鮮先食得出内臟嘅鮮味，So far三款都做得唔錯！雞心Juicy有彈性；雞腎亦非常爽脆！雞肝略為有點Over~
*
< 野菜- 3款 >
•翠玉瓜
•淮山
•牛油燒粟米
*
< 自家製月見免治鷄肉棒 >
免治鷄肉棒真係要自家製先做到空氣感🥹❤️ 同樣係經過熟成，肉味香濃，食到唔少脆骨，再沾上香滑日本生蛋黃，高分之作!!!
*
< 主食 >
•花膠鷄白湯烏冬
/
•乾Curry 牛配法國麵包

雖然咖喱做都到香，但個人都係比較推薦，佢哋熬煮咗12小時嘅鷄白湯烏冬，用上熟成雞肉雞骨及花膠，呈誘人嘅奶白色，飲得出真材實料🥢
*
< 焦糖新鮮鳳梨 >
-
鳥熟成 (銅鑼灣)
銅鑼灣軒尼詩道525號澳門逸園中心10樓"
,大富蠔音樂餐廳,尖沙咀,日本料理,418-599,大班聚會,慢煮淡麗鮮雞湯稻庭烏冬、三黃雞串燒（雞蠔肉、雞頸肉）、雞皮仙貝,https://www.instagram.com/p/DP_HyXik-y9/,DP_HyXik-y9,,"🐓食勻一隻雞! 清酒放題x三黃雞燒鳥店🔥
-
地區分類：#fca_尖沙咀
-
留言「❤️」DM你65折+ 免費清酒放題訂位攻略‼️

應該係最好VIBE嘅燒鳥店!!! 現場Live Music @h2obandofficial + 免費清酒放題🍶 現場氣氛拉滿✨ 
廚師發辦Menu食足17品，食匀整隻新鮮三黃雞，仲包括多個稀有部位！最最最重要係每間燒鳥店必備MVP雞白湯烏冬🥢 因為本身剩餘大量雞殼再去煲，奶白色出真材實料冇得輸！
-
🐓 11品「富」𝐌𝐞𝐧𝐮 ($498/位)*
* 75折後 $368/位（含原價加一服務費）
‼️ 折實價$418/位 ‼️
🐓 17品「蠔」𝐌𝐞𝐧𝐮 ($798/位)*
* 65折後$518.7/位（含原價加一服務費）
‼️ 折實價$599/位 ‼️
-
< 前菜 >
•百頁豆腐·春菊沙律
*
< 新鮮三黃雞串燒10款 >
•雞腿肉
•雞蠔肉
•雞頸肉 
•雞中翼
•雞里肌
•雞翼尖
•雞心肝
•雞腎
•雞尾肉
•雞胸骨

一次過匀10款雞串燒也太幸福了吧😍 火喉控制得不錯，外皮燒至金黃香脆，內裏亦keep到唔少肉汁💦 個人最愛雞蠔肉+雞頸肉，口感超嫩的！連雞里肌 (貼近雞胸位) 燒至半熟，口感亦做到好軟嫩！有機會仲食到雞橫膈膜、雞胸骨、雞食道等極罕部位🤭
*
< 蔬菜串燒 3款 >
•西蘭花
•秋葵
•香菇
*
< 雞皮仙貝 >
送酒一流嘅雞皮仙貝😍🍻 好似紙咁薄，食落超香脆，帶點油香，會越食越上癮!!!
*
< 廚師發板料理 >
*
< 慢煮淡麗鮮雞湯稻庭烏冬 >
 用咗超多雞殼+雞肉慢煮8小時嘅鮮雞湯，所以每次食燒鳥最後嘅雞白湯烏冬都係冇得輸🥹❤️ 誘人嘅奶白色，加上面層薄薄嘅雞油，好濃厚而且飲得出真材實料
-
大富蠔音樂餐廳 (尖沙咀)
尖沙咀彌敦道176號The Nate 2樓B號舖"
,The Lasagna Factory,上環,西式,100-200,打卡必到,和牛牛小排千層麵、自家製意式蒜茸包、自家Tiramisu,https://www.instagram.com/p/DPRGC0UkyCH/,DPRGC0UkyCH,,"🇮🇹祖母的味道！經典意大利千層麵店🍴
-
地區分類：#fca_上環
-
八月新開即爆紅嘅意大利千層麵專門店🔥 事隔一段時間終於有時間朝聖，估唔到氣氛超好的！當晚有現場風琴表演 🎹 店員們超E人，由其係 @miguelpautravel88 🤭 慶生一流！
平日午市$128可以無限任食沙律+自家製意式蒜蓉包+自家製千層麵+餐飲一杯，性價比夠哂高，啱哂附近返工嘅朋友仔😎
-
•自家製意式蒜茸包 ($78)
•意式肉丸 ($88)
•菠菜芝士雪吞 ($98)
•和牛牛小排千層麵 ($188)
•烤焗巴馬臣芝士雞 ($148)
•意大利芝士蛋糕 ($98)

自家製蒜茸包超有驚喜！啱啱焗起麵包口感香脆煙韌，上面放上芝士，食落充滿蒜香🤤 意式肉丸用上經典意大利牛肉，口感會比較紮實，番茄醬新鮮開胃～

必點招牌和牛牛小排千層麵🐂 多層Layers，中間夾住紅酒燴和牛牛小排、意式番茄醬、法式白汁、水牛芝士以及羊奶芝士🧀 牛肉非常軟腍入味，推薦～ 巴馬臣芝士雞外層炸得酥脆，搭配滿滿巴馬臣芝士，邪惡拉絲太犯規🥹❤️

最後一定要食埋自家Tiramisu‼️特別加入柑橘Mascarpone芝士+Amaretto杏仁酒，口感香滑，咖啡以及酒香並存，絕對係高分之作！
-
The Lasagna Factory (上環)
上環荷李活道208號地舖"
,暖心芝作,天后,甜品,25-30,打卡必到,黑芝麻軟雪糕、黑芝麻菲林卷、石磨芝麻糊,https://www.instagram.com/p/DQG2rlHE-v2/,DQG2rlHE-v2,,"🖤港島新店！米芝蓮黑芝麻雪糕🍦
-
地區分類：#fca_天后
-
‼️留言「🩶」DM你新店黑芝麻菲林卷開售時間

邊一間連招牌都未有已經出邊大排長龍？🫣 原來係攞咗米芝蓮推介嘅黑芝麻專門店喺港島開新分店！本身已經超鍾意食黑芝麻，依家近左(一出天后站已經見到)搞到已經連續兩日喺度食雪糕🤣💖 手工制黑芝麻菲林卷一樣係限量發售，但當日就算夜晚去都暫時買到(之後就唔知啦🥲)～ 記住帶埋個芝麻糊返屋企🙂‍↕️
-
•黑芝麻軟雪糕 ($28)
•石磨芝麻糊 ($30)
•黑芝麻菲林卷 ($25)
-
暖心芝作 (天后)
天后電氣道13-41號凱旋大廈地下15&17號舖"
,麵屋一平安,尖沙咀,日本料理,100-200,拍拖約會,麻婆豆腐拉麵、晚市二人套餐（特製雞白湯拉麵、清酒煮蜆）,https://www.instagram.com/p/DO8gahQk7gM/,DO8gahQk7gM,,"🇯🇵朝聖麻婆豆腐拉麵! 香港拉麵元祖店🍜
-
地區分類：#fca_尖沙咀
-
從1984年開業至現今，首間香港拉麵店！唔怪得就算係商場地庫死場都照樣爆場🤭
最特別嘅係依度拉麵選擇非常多，有比較少見嘅長崎拉麵，廣東麵以及 今次專程去食嘅麻婆豆腐麵‼️ 
-
🥢 晚市二人套餐 ($298/2位)
-
清酒煮蜆
炸雞明太子醬
特製雞白湯拉麵
特製低温叉燒麵 (+$10)

兩個人嚟一定要食佢哋嘅二人餐，加兩個小食，性價比真係幾高！雞白湯拉麵嘅湯底呈奶白色，香濃不膩，鐘意有層Foam係面層🐓 低温叉燒麵就係豚骨湯底，正常發揮，叉燒好多片，而且看得見嘅粉嫩✨
*
•麻婆豆腐拉麵 ($95)
真係衝住依碗拉麵而嚟😭❤️ 有冇人明白麻婆豆腐醬汁掛滿每一條麵條嘅滿足感!!! 帶點椒麻辛辣感，加上嫩滑豆腐以及溏心蛋，好正！食到最後可能會有啲膩，可以加啲醋中和返～
-
麵屋一平安 (尖沙咀)
尖沙咀加連威老道92號幸福中心地庫B1號舖"
,綠茶餐廳,旺角,中菜,144,拍拖約會,龍井烤雞、粉絲裹蝦、江南綠茶餅、麵包誘惑,https://www.instagram.com/p/DPTWPs7kzC0/,DPTWPs7kzC0,,"🫖抵食攻略! 30秒教你平嘆多款浙江招牌菜🍃
-
地區分類：#fca_旺角
-
去綠茶仲係單點咁叫？😏 幫大家發現到原來最近有個商務二人Set Menu，平均$144/位，食匀多款綠茶招牌人氣菜式，其中當然唔少得龍井烤雞、粉絲裹蝦、雪菜酸湯魚片等～ 價錢仲包埋甜品，比散叫平左，仲食多左😱‼️ 性價比MAX!
-
🍃 商務二人套餐 ($288/2位)
-
< 主菜 >
•龍井烤雞/雪菜酸湯魚片
•粉絲裹蝦/鮑魚小炒肉
*
< 蔬菜 >
•香炒菜心/高湯蝦乾小青菜
*
< 甜品 >
•江南綠茶餅
•麵包誘惑 ($68)
*
< 主食及茶位 >
•米飯、茶位（兩位）

主菜揀左每次必點餐廳名物- 龍井烤雞🐓🍂用上浙江龍井茶嫩芽烤薰，所以三黃雞嘅外皮除咗金黃香脆之外，仲散發住陣陣茶香！
另一主菜- 粉絲裏蝦🦐 精華完全係啲粉絲裏面，完美吸收蝦嘅鮮味以及洋蔥嘅香味！
甜品亦可以試到江南綠茶餅🍵 外層煎至金香焦脆，沾滿白芝麻特別香口，帶淡淡綠茶香氣～
另外每次都忍唔住叫麵包誘惑🍨🍞 聽說年售超過6百萬!!! 烤得金黃酥脆嘅吐司，配上香滑嘅雲呢拿雪糕，冰火交融🤭
-
綠茶餐廳
旺角朗豪坊4樓15-17號舖

@langhamplace @greentea_officialhk"
,PARC88,沙田,西式,520-920,寵物友善,牛油芝士焗澳洲龍蝦伴脆皮乳豬、法式焦糖燉蛋流心蛋糕、法式忌廉龍蝦湯,https://www.instagram.com/p/DPD5gKCE99W/,DPD5gKCE99W,,"香港世外桃源！湖畔玻璃屋婚宴✨
-
地區分類：#fca_沙田
-
香港竟然有咁Chill嘅世外桃源，唔怪得係熱門婚禮場地🌹 依間宴會廳以田園系玻璃屋作為設計靈感，除左有戶外湖畔證婚花園，指定時間仲有音樂噴泉表演✨最重要係可以帶埋寵物見證自己婚禮!!! 
最近新推出3款西式婚宴套餐，每位$520起，包括前菜、湯、主食、甜品及自助沙律吧！暢飲酒水套餐都係每位$60起，超適合年輕一代無壓力輕鬆地舉辦輕婚禮的～💐
-
👰🏻‍♀️ 西式婚宴套餐C $920*
*暢飲咖啡/茶/汽水/啤酒/橙汁 (+$60/位)
*暢飲咖啡/茶/汽水/啤酒/橙汁/紅白酒 (+$80/位)
-
< 沙律吧 > 
*
< 海鮮冷盤 >
•松葉蟹腳，翡翠螺，海蝦
*
< 湯 >
•法式忌廉龍蝦湯
*
< 主食 >
•牛油芝士焗澳洲龍蝦（半隻）伴脆皮乳豬配牛油焗薯
/
•慢煎澳洲M5和牛配紅酒汁伴牛油焗薯
/
•香烤紐西蘭羊鞍配香燒汁伴牛油焗薯

< 甜品 >
•法式焦糖燉蛋流心蛋糕

一共食足5道菜🍴 仲可以任食沙律吧！首先以海鮮拼盤打頭陣！法式忌廉龍蝦湯意外地濃厚，仲有畫花添🦞 主食方面推介芝士焗澳洲龍蝦，用上比較貴價嘅澳洲龍蝦，而唔係波士頓龍蝦，肉質爽彈新鮮，加埋芝士夠晒正😍 仲可以同時食埋脆皮乳豬 (外皮還脆脆的); 另外牛扒亦超大塊！主菜的大啡菇需另外加配喔～
最後甜品超有驚喜，外層酥皮非常酥脆，裏面係香甜嘅焦糖燉蛋以及拉絲麻糬～
-
PARC88 
地址：沙田白石角香港科學園第二期科技大道西10號浚湖樓地下S040A號舖
婚宴熱線：8209 9113
WhatsApp: 53357722"
,嘉麟樓,尖沙咀,中菜,,大班聚會,蘆筍雞樅菌炒龍蝦球、蔥燒砂鍋釀鵝肝脆皮遼參、招牌麻蓉麻糬月餅,https://www.instagram.com/p/DPLoX-1E4vi/,DPLoX-1E4vi,,"🥢中秋飯提案! 半島酒店米芝蓮一星中菜🫖
-
地區分類：#fca_尖沙咀
-
下星期就係中秋節，除左買定月餅，最重要當然係一家人坐埋一齊食團圓餐飯🥰 對屋企人好啲當然要食好啲！今年半島酒店米芝蓮星級中菜廳推出8道菜中秋團圓套餐，除左可以試匀一系列海鮮菜式，甜品當然唔少得招牌麻蓉麻糬月餅✨ 配上新出嘅茶系Cocktails就最好不過🍃
-
🌙 中秋團圓套餐 (每席四位起)
-
•高湯松茸北寄貝
•東星斑魚蓉羹
•蘆筍雞樅菌炒龍蝦球
•蔥燒砂鍋釀鵝肝脆皮遼參
•鹽香黃油雞
•蟹肉糯米飯
•紅桂花燕窩湯圓經典迷你奶黃月餅
•麻蓉麻糬月餅

由嘉麟樓總廚林鈺明主理8道菜中秋晚宴✨ 
一開始嘅高湯松茸北寄貝，爽甜嘅北寄貝，配上清香嘅松茸以及滑嫩嘅蛋白，成個組合清幽淡雅！
MVP一定係炒龍蝦球以及脆皮遼參‼️ 龍蝦肉口感非常爽嫩新鮮，大大隻龍蝦鉗夠哂滿足🦞 脆皮遼參裏面除左釀入蝦膠，竟然仲有甘香嘅鵝肝，口感外脆內爽彈，絕對係考功夫嘅手工菜！
甜品方面，話明係中秋節，當然唔少得半島酒店出品奶黃月餅以及嘉麟樓招牌麻蓉麻糬月餅🥮 搭配紅桂花燕窩湯圓，象徵團團圓圓🥰
-
嘉麟樓 (尖沙咀)
尖沙咀梳士巴利道22號香港半島酒店1樓"
,G’Day,西環,西式,300-400,拍拖約會,煎和牛臀扒、自家鴨油薯條、焗芝士配脆包,https://www.instagram.com/p/DO-L0Vwky7y/,DO-L0Vwky7y,,"🍟鴨油薯條放題! 自家熟成牛扒小店🐂
-
地區分類：#fca_西環
-
少有小店可以做到熟成牛扒，仲要係由前人氣法式扒房嘅香港女主廚坐鎮‼️ 餐廳隱藏於小區街角位置，帶點寧靜休閒感！上晝行Cafe路線，夜晚就近次Bistro風格～ 嚟到除左一定要試招牌熟成牛扒，依家打電話嚟訂座，每人消費達$280或以上，就可以任食自家鴨油薯條+薯粒，爽到爆啊!!!😭❤️
-
•焗芝士配脆包 ($158)
剛從焗爐出嚟嘅布里芝士，一定要襯仲有軟心效果食，香濃奶香，但又唔會過膩～ 配上香甜嘅青蘋果醬以及梨醋，Balance 得剛剛好🧀❤️
*
法式北非腸配墨西哥脆片 ($98)
真係第一次試法式北非腸，混合羊肉以及牛肉製成，帶點微辣～ 配上菠蘿、墨西哥辣椒、芫茜 & 粟米，好惹味！墨西哥脆片亦超酥脆的😍
*
•三文魚忌廉金橘米形意粉 ($168)
食第一啖已經feel到好明顯嘅金橘清香✨ 搭配三文魚好Match，整個組合很Light~
*
法國鴨胸配車厘子醬 ($328)
鴨胸肉經過慢煮超粉嫩的✨ 外皮帶點焦脆感！搭配酸爽的車厘子醬意外地清新！伴以脆炸番薯及野米合桃增加口感～
*
煎和牛臀扒 ($338)
點可以錯過店內招牌牛扒！個人推薦牛臀扒，肉質細緻，肉味香濃，配返青醬辣牛油以及紅椒莎莎，意外地解膩🐂❤️ 一定要配佢哋嘅鴨油薯條，比出面炸得更酥脆，會越食越上癮🤭
*
•Srawberry smoothie ($62)
•Virgin colada smoothie ($62)

除左有一系列Cocktails，仲有健康SMOOTHIE🍹推薦士多啤梨Smoothie，混合了士多啤梨、香蕉、乳酪 & 橙汁，夠哂Refreshing🍓
-
G’Day (西環)
西環石塘咀山道48-52號南昌大廈地下A號舖"
,Amber,中環,法國菜,1147,拍拖約會,"Aka Uni、法國乳鴿 (Pigeon ""Au Sang"")",https://www.instagram.com/p/DQERWeLk3-f/,DQERWeLk3-f,,"✨連摘4星! 30秒睇香港最高境界法國菜✨
-
地區分類：#fca_中環 
-
‼️留言「🌟 」DM你8折訂位連結+完整菜單‼️

香港現時唯一攞齊四粒星嘅米芝蓮法國菜餐廳，平時已經夠難Book位，依家竟然仲要做限定兩個月嘅8折優惠，三道菜都係$1147/pp，包精選酒一杯😱❤️ 四道菜Menu仲送香檳一杯+餐酒一支，飲品都唔洗Order~ 如果我係你就快手book先左，俾藉口自己朝聖一下Aka Uni🤭
-
🥂 𝐄𝐱𝐭𝐞𝐧𝐝𝐞𝐝 𝐀𝐦𝐛𝐞𝐫 𝐋𝐮𝐧𝐜𝐡 𝐄𝐱𝐩𝐞𝐫𝐢𝐞𝐧𝐜𝐞 𝐱
𝐀𝐦𝐛𝐞𝐫𝐀𝐭𝟐𝟎 𝐂𝐞𝐥𝐞𝐛𝐫𝐚𝐭𝐢𝐨𝐧*
*包含香檳一杯以及待酒師精選紅/白酒 (375ML)
*暢飲Nordaq礦泉水&氣泡水
*優惠至30/11/2025
-
𝗔𝗺𝘂𝘀𝗲 𝗕𝗼𝘂𝗰𝗵𝗲
•西瓜蕃茄康普茶
•士多啤梨蕃茄脆盒
•帶子配蕃茄啫喱
*
𝗗𝘂𝗰𝗸 𝗙𝗼𝗶𝗲 𝗚𝗿𝗮𝘀
𝗔𝗸𝗮 𝗨𝗻𝗶 (+$𝟰𝟵𝟴)

Amber招牌名物Aka Uni✨ 第一次嚟嘅朋友閉着眼點就對了！上層鋪滿魚子醬，配上下層嘅龍蝦啫喱、鮮甜海膽以及椰菜花慕絲～ 4層享受，入口即化，每一啖都滲透住海鮮嘅鮮甜🥹❤️ 
另外鴨肝慕絲也不錯，口感綿滑，搭配胡椒梅以及水蜜桃，酸甜解膩～ 最重要係附上嘅牛角包波波好酥脆，仲要係Vegan，好食到想買返屋企😭
*
𝗥𝗲𝗱 𝗔𝗯𝗮𝗹𝗼𝗻𝗲
𝗖𝗮𝗿𝗮𝗯𝗶𝗻𝗲𝗿𝗼𝘀 (+$𝟮𝟭𝟴)

鮑魚茶碗蒸🌿 蒸蛋做得超滑溜，Q彈嘅鮑魚加上鮑肝醬、海帶以及香豌豆🫛，清幽淡雅，亦能同時襯托鮑魚嘅鮮味～
西班牙紅蝦🦐 做到剛好嘅爽嫩感，帶點花椒嘅辛麻衝擊，以金盞花作點綴～
*
𝗣𝗶𝗴𝗲𝗼𝗻 ""𝗔𝘂 𝗦𝗮𝗻𝗴""
𝗢𝘂𝗸𝗮 𝗪𝗮𝗴𝘆𝘂 𝗔𝟰 (+$𝟳𝟱𝟬)

私心推薦法國乳鴿，牛扒食得太多，反而覺得乳鴿要整得出眾更加唔容易🙂‍↕️ 鴿肉配以血汁烹調，更能保持肉質鮮嫩以及風味，亦帶點澳洲黑松露香氣！外皮香脆而且鴿肉好粉嫩，中間釀入羊肚菌雞肉mousse，比上一次食到嘅Pigeon dish更正，榮升個人最愛乳鴿TOP 1！
*
𝗥𝗮𝘀𝗽𝗯𝗲𝗿𝗿𝘆
𝗖𝗼𝗻𝘀𝗽𝗶𝗿𝗮𝗰𝘆 𝗗𝗮𝗸 𝗟𝗮𝗸 𝗕𝗶𝘁𝘁𝗲𝗿 𝗖𝗵𝗼𝗰𝗼𝗹𝗮𝘁𝗲

紅桑子雪葩配紫蘇葉，酸爽解膩❤️ 但個人每次嚟Amber都一定要點朱古力甜品🤭 用上越南75%朱古力，以蔗糖 & 海鹽balance返個味道，唔會太有負擔感～
當然唔少得一系列Petit four🤣 馬德蓮配檸檬雪葩，超級好吃！
-
Amber (中環)
中環皇后大道中15號置地文華東方酒店7樓

https:/landmark.mandarinorientalshop.com/collections/dining-experiences/products/20-savings-amberat20-celebration"
,望月,尖沙咀,甜品,218-248,打卡必到,四式月餅、流心奶黃月餅、流心杏仁茶月餅、罐頭豬LuLu特別版禮盒套裝,https://www.instagram.com/p/DO57bxkkySq/,DO57bxkkySq,,"🥮2025中秋焦點！本地品牌流心月餅❤️
-
地區分類：#fca_尖沙咀
-
今年講起極具人氣嘅月餅，一定唔少得依間主打香港製造嘅本地品牌「望月」✨ 除左有一系列超搶手嘅聯乘系列，例如LuLu豬 & 我係小忌廉，仲有招牌超流心嘅奶黃月餅！由即日起至10月15日係K11 Art Mall 仲有期間限定店，可以一次過入手唔同款月餅之外，仲有有得現場試食，咁就一定揀得啱你鍾意嘅口味啦🤭
-
< 人氣經典精選 >
•流心奶黃月餅 ($218/4件裝)
•經典奶黃月餅($218/4件裝)
•四式月餅 ($228/4件裝)

個人會比較建議試四式月餅，一次過食匀
經典奶黃月餅、流心奶黃月餅、流心抹茶月餅及抹茶紅豆月餅四款人氣月餅🤭 尤其係流心奶黃，流心效果做得幾好！
*
< 2025年全新登場 >
•流心奶茶月餅 ($218)
•流心杏仁茶月餅 ($218)
•花生醬軟心月餅 ($218)

3款新口味都好吸引!!! 鐘意杏仁茶嘅朋友一定要試流心杏仁茶月餅，超香杏仁味🤍 另外奶茶月餅亦用咗Lipton紅茶，還原經典港式奶茶風味！門市購買任何月餅禮盒一盒，加購以上三款新口味一盒，可減$10喔～
*
< Crossover系列 >
•罐頭豬LuLu特別版禮盒套裝 ($248/4件裝)
•《我係小忌廉》特別版禮盒套裝($248/4件裝)
•研香雜錦月餅 ($248/4件裝)

超人氣LuLu豬午餐肉罐月餅禮盒❤️ 就連紙袋以至珍藏版鐵罐都印有LuLu豬㗎！
望月更與本地甜品店「研香」合作，推出雜錦口味月餅，試匀流心開心果+黑芝麻流心腰果味，將佢哋招牌糖水口味一次過食落肚！(K11門市已售罄，大家可以前往其他門市購買)
-
📍望月K11 Art Mall (期間限定店)
K11 Art Mall B2 Kiosk 52
#望月 #一起望月 #香港製造 

@lalune.hk @abovethelinepr"
,長岡博多天婦羅,銅鑼灣,日本料理,688,打卡必到,小柱貝雜錦天婦羅、A4 和牛天婦羅、自家製 Lemon Sour、黑毛和牛月見釜飯,https://www.instagram.com/p/DOgLSPLE10Q/,DOgLSPLE10Q,,"🇯🇵20秒帶你朝聖! 新開福岡天婦羅店🍤
-
地區分類：#fca_銅鑼灣
-
鐘意食天婦羅嘅朋友仔又多左個選擇喇～ 依間前幾日先開始試業嘅福岡過江龍天婦羅店，主打正宗博多風味✨ 餐廳以開放式吧檯設計為主，打造福岡「屋台」熱鬧氛圍感！當日仲有日本師傅坐鎮～ 除左有一系列天婦羅選擇，一定要試埋自家製Lemon Sour ($68)，放左超多自家醃製嘅檸檬，酸爽解膩🍋
-
🍤 天婦羅廚師發辦 ($688/pp)
-
< 開胃前菜 >
•海膽蟹肉三文魚子布甸
日本總店創立時就有嘅元祖級前菜🥄 口感滑溜，鮮甜嘅海膽加上蟹肉真係不得了！
*
< 極上刺身3款 >
•真鯛/牡丹蝦/拖羅
*
< 沙律 >
*
< 天婦羅7款 >
•小柱貝雜錦天婦羅
•蘆筍
•花虎蝦
•胡麻豆腐
•番薯
•A4 和牛
•海膽

推薦小柱貝雜錦天婦羅，用九州紫菜包住一齊食，雙重脆口嘅感覺❤️ 福岡店人氣TOP 1招牌菜- A4 和牛，肉質粉嫩，用上近赤身嘅位置，就算沾上炸漿都唔會太油膩～花虎蝦亦食得出結實鮮甜！
*
< 黑毛和牛月見釜飯 > 
用上佐賀產米 & 特製木魚醬油高湯，即叫即煮夠哂熱辣辣😍 飯粒煙韌，吸收哂高湯以及和牛嘅香味！
*
< 味噌湯 >
*
< 蘋果天婦羅配雪糕 >
天婦羅配雪糕，冷暖交融，仲充滿肉桂香味🍎
-
長岡博多天婦羅 (銅鑼灣)
銅鑼灣新寧道1號利園三期2樓226-229號舖"
,Maison ES,灣仔,西式,1180,拍拖約會,鹿兒島 A4 和牛他他、港式咖喱龍蝦配魷魚河粉、和牛威靈頓捲配柱侯牛肉燉菜,https://www.instagram.com/p/DOqJk-5E0m-/,DOqJk-5E0m-,,"✨走進法國大宅! 香港風味創意法菜🥂
-
地區分類：#fca_灣仔
-
我諗依到嘅主廚真係鍾意香港鍾意到傻咗🤭❤️ 竟然將香港地道嘅街頭美食化身為法國精緻料理，而且又真係幾有驚喜，絕對係灣仔區一帶嘅寶藏店～ 餐廳位於星街隱蔽位置，入面行法式大宅風格，充滿浪漫嘅氛圍感🇫🇷

今次菜單以「重現經典港味」為主題，所以融入唔少港式經典味道，例如沙嗲牛肉他他、港式魷魚河粉、蘿蔔炆牛腩版威靈頓牛🫢✨ 絕對引起不少港人嘅共鳴！
-
🥂 𝐓𝐡𝐞 𝐂𝐥𝐚𝐬𝐬𝐢𝐜 𝐓𝐚𝐬𝐭𝐢𝐧𝐠 𝐌𝐞𝐧𝐮 ($1180/pp)*
* Wine pairing (+$650/pp)
-
𝗟’𝗮𝗺𝘂𝘀𝗲 𝗕𝗼𝘂𝗰𝗵𝗲
自家製蔥油麵包，配煙燻鰻魚 & 沙茶醬牛油🧈 兩款牛油都好出色！
*
𝗔𝗹𝗮𝘀𝗸𝗮𝗻 𝗞𝗶𝗻𝗴 𝗖𝗿𝗮𝗯
花雕雞油蒸蟹配海膽椰菜花蓉。靈感來自平時嘅雞油花雕蒸魚，估唔到三黃雞汁搭配海膽以及阿拉斯加帝王蟹又夾到喎🦀 可以襯托海鮮嘅鮮味～
*
𝗧𝗵𝗲 “𝗧𝗮𝗿𝘁𝗮𝗿𝗲” (+$280)
鹿兒島 A4 和牛他他🐂 招牌必試！估唔到係生牛肉他他都食到沙嗲牛肉麵嘅味道!!! 面層以花生醬與沙茶醬特製嘅沙嗲醬作點綴，加上米粉脆片，絕對有畫龍點睛嘅作用！
*
𝗧𝗵𝗲 𝗙𝗿𝗲𝗻𝗰𝗵 𝗣𝗶𝗴𝗲𝗼𝗻
燒鴿胸與鴿肉鵝肝撻～ 以傳統燒乳鴿為靈感，鴿胸以白滷水醃漬再低溫慢煮，外皮煎至焦香，肉質亦保持軟嫩❤️ 醬汁特意加入港式燒鵝酸梅醬，解膩之餘仲係勾起熟悉嘅味道！
*
𝗖𝘂𝘁𝘁𝗹𝗲𝗳𝗶𝘀𝗵
MVP- 港式咖喱龍蝦配魷魚河粉✨  切成薄條嘅魷魚+爽彈龍蝦肉，再沾滿港式咖喱汁🦑 神還原咖喱魚蛋+咖喱魷魚嘅味道！
*
𝗗𝘂𝗰𝗸 𝗗𝘂𝗲𝘁
慢煮鴨胸配海鮮醬鴨肉醬與羽衣甘藍
/
𝗧𝗵𝗲 “𝗪𝗮𝗴𝘆𝘂” 𝗪𝗲𝗹𝗹𝗶𝗻𝗴𝘁𝗼𝗻 (+$120)
美國和牛肩胛肉威靈頓捲配柱侯牛肉燉菜

個人會比較推薦威靈頓牛，加入左廣東傳統菜式蘿蔔炆牛腩嘅元素！金黃酥脆嘅酥皮裏面包住柱侯醬炆牛肉 & 捲心菜，而最中心就係粉嫩嘅和牛肩胛肉扒❤️ 配返一旁嘅雞湯白蘿蔔以及牛筋脆片，食得出整個組合很花心思！
*
𝗕𝗹𝗮𝗰𝗸 & 𝗪𝗵𝗶𝘁𝗲
「黑白」芝麻鹹蛋黃撻，面層係香滑嘅黑芝麻生朱古力，配上中間嘅鹹蛋黃吉士 + 糯米小丸子，再食返啖日本豆腐雪糕，令人回想起黑芝麻豆腐的味道🤫 又係最重要嗰句，「不會太甜」！
*
𝗣𝗲𝘁𝗶𝘁 𝗙𝗼𝘂𝗿𝘀
-
Maison ES (灣仔)
灣仔電氣街1號恆德大廈UG樓B號舖"
,會長之家烤肉,長沙灣,韓國菜,200-400,打卡必到,14天牛油熟成豬五花、韓式燒鰻魚、韓國大腸拼小腸,https://www.instagram.com/p/DOYIARPk_Mm/,DOYIARPk_Mm,,"🇰🇷三大名物! 牛油熟成韓式烤肉Giveaway🔥
-
地區分類：#fca_長沙灣 
-
依間「老錢風」韓國烤肉店，一直以牛油熟成厚切五花肉大受歡迎！但原來除左招牌五層肉外，每枱必點一定係鰻魚😎 即劏即賣新鮮鰻魚，仲可以原條咁Order, 隻碟成隻手臂咁長!!! 另一名物韓國大腸拼小腸🐂🤭 爆哂油嘅邪惡感真係不得了！玩埋Giveaway，免費幫你哋加餸❤️
-
•14天牛油熟成豬五花 ($238)
•韓式燒鰻魚 ($148/4件)
•醬油蟹配飯 ($228)
•薄切美國牛舌 ($88)
•韓國大腸拼小腸 ($188)
•澳洲和牛心 ($98)
•牛肉蛋糕 ($138)

一定唔好錯過餐廳名物- 牛油熟成豬五花🐖 用上濟洲黑毛豬，經過海鹽牛油包住熟成14日，令肉質更加鬆軟～ 燒出嚟油香十足，外層帶焦香感！
另一必點燒鰻魚🐟 肉質結實，食得出幾新鮮，一旁嘅韓式鰻魚燒汁簡直係靈魂嘅存在～
夜晚食超邪惡嘅韓國大腸拼小腸🤭❤️ 大腸係充滿油脂感，一口爆油嘅感覺；而小腸係綿密粉糯，相比起會冇咁膩，但送燒酒真係一流！
同場加映唔係好多人知有嘅澳洲和牛心 & 牛肉蛋糕！牛心幾軟嫩，可以配上青醬～ 牛肉蛋糕性價比超高，夠2-3人食，而且儀式感十足🎂
———————————————————————
📅遊戲日期：9/9/2025 - 13/9/2025
-
🥇頭獎x20: $100現金卷x1
-
📍換領地點
會長之家烤肉 (長沙灣)
長沙灣福榮街506-510號榮發閣地下A1號舖

換領有效日期：
2025年9-10月
-
參加方法:
1.Follow
@president.bbq.hk
@foodcafealcoholic
2.Like依張相❤️
3.留言tag一位朋友仔👫
-
‼️依家cap埋個post上自己story並tag埋我哋2個嘅IG page 即增加10次中獎機率！🍔會mark低你哋個名再入機抽‼️
-
留言次數不限，越留得多中獎機會就越大😍 截止後會係IG story公佈結果！若中獎者必需顯示已follow 以上IG, 係通知後一日內未有回覆，將會重新抽過🙇🏽‍♂️
中獎名單記錄請查看IG story Highlights！
-
Foodcafealcoholic 及@president.bbq.hk 保留最終決定權"
,Lobster Shack,西營盤,西式,388,拍拖約會,龍蝦奶油芝士焗通心粉、秘製醬汁龍蝦熱狗、海陸雙拼,https://www.instagram.com/p/DOS9T3Kk6OW/,DOS9T3Kk6OW,,"🦞雙倍芝士! 人生龍蝦Mac & Cheese🧀
-
地區分類：#fca_西營盤 
-
真係喺香港食過數一數二最正嘅Mac & Cheese🥹❤️ 為左佢真係不惜行遠啲去西營盤再食多次～ 點解話咁正係因為用上兩種芝士，通粉亦加咗龍蝦湯+龍蝦肉去煮，所以好香芝士味嘅同時，都充滿龍蝦嘅鮮味😍
餐廳以龍蝦菜式為主，如果星期一去，叫第二個龍蝦菜式仲有半價優惠，性價比都唔錯～
-
🦞 𝐒𝐞𝐭 𝐃𝐢𝐧𝐧𝐞𝐫 𝐌𝐞𝐧𝐮 ($388/pp)
-
< 𝗘𝗡𝗧𝗥𝗘𝗘 𝗣𝗟𝗔𝗧𝗧𝗘𝗥 >
•新鮮生蠔·泰式魚餅
當日係來自愛爾蘭嘅生蠔🦪 夠鮮甜爽嫩！
*
< 𝗦𝗧𝗔𝗥𝗧𝗘𝗥𝗦 >
•濃蝦濃湯
/
•鮮橙茴香沙律
*
< 𝗠𝗔𝗜𝗡 >
•秘製醬汁龍蝦熱狗 ($238)
逢星期三5PM後係Lobster Roll Sunday ✨ 想講裏面真係滿滿嘅龍蝦肉!!! 醬汁亦調教得剛好，夾雜少許蔬菜，不會太膩～
*
•海陸雙拼 (+$98)
半隻烤龍蝦 拼澳洲草飼肉眼牛扒🥩🦞 咁嘅組合真係冇得輸!!! 龍蝦肉質結實，肉眼超大塊而且煎至剛好的Medium Rare粉嫩感～ 個薯條都有驚喜，放左半個鐘都keep住好香脆🤩
*
•龍蝦奶油芝士焗通心粉
超誇張嘅拉絲Mac n Cheese 🧀 依然係個人最愛Mac n Cheese之一！用上兩款Mozzarella cheese，有芝士嘅鹹香之餘，仲有澎湃嘅拉絲效果😍❤️ 裏面加左龍蝦湯以及龍蝦肉，加上煙韌嘅通心粉，果然決定二訪係冇錯的!!!
*
< 𝗖𝗛𝗘𝗙 𝗗𝗘𝗦𝗦𝗘𝗥𝗧 >
•Tiramisu 
-
Lobster Shack (西環)
西環西營盤高街48-78號恆陞大樓地下"
,A Lux,中環,西式,300-1288,拍拖約會,北寄貝配馬賽鮮魚湯、日本仙鳳趾生蠔配蕃茄啫喱、日本鹿兒島A4和牛西冷,https://www.instagram.com/p/DOdSr1oEzSI/,DOdSr1oEzSI,,"🥂意日風情! 百年石階隱藏浪漫餐廳🌹
-
地區分類：#fca_中環 
-
作為最近公司嘅餐廳，竟然最近偷偷地轉左Menu?! 😍 之前以意大利風味為主，依家加入左日本元素就更吸引了！三道菜Lunch 三百左右有交易，係中環區算係幾抵玩～ 最重要係位於有百年歷史嘅石階旁，食完飯仲可以係煤氣街燈下打卡✨ 如果慶祝的話仲可以要求玫瑰花瓣餐桌佈置哦🤭 簡直係鬧市裏面隱藏嘅浪漫餐廳～
-
🍴 𝟏𝟎-𝐂𝐨𝐮𝐫𝐬𝐞 𝐒𝐞𝐭 𝐌𝐞𝐧𝐮 ($1288/pp)
-
< 𝗔𝗺𝘂𝘀𝗲 𝗕𝗼𝘂𝗰𝗵𝗲 >
•生牛肉他他配牛油果蓉
•車厘茄配醃漬牛蒡串
•生拌帶子配西柚汁
*
< 𝗦𝗲𝗮𝘀𝗼𝗻𝗮𝗹 𝗦𝗮𝘀𝗵𝗶𝗺𝗶 >
•日本仙鳳趾生蠔配蕃茄啫喱
•大拖羅·深海池魚配青蘋果·銀鱈魚配香草汁

個人最愛來自日本嘅仙鳳趾生蠔🦪 口感爽身滑嫩，特別配上帶點西式元素的蕃茄啫喱，代替平時會見到嘅青檸啫喱，又意外地清新☺️
*
< 𝗙𝗿𝗼𝗺 𝗧𝗵𝗲 𝗦𝗲𝗮 >
•北寄貝配馬賽鮮魚湯
MPV無誤‼️係經過用牛油炒香嘅北寄貝上，倒入香濃嘅馬賽鮮魚湯，食得出北寄貝嘅爽彈，同時飲得出魚湯嘅鮮味，想Encore就是了🙂‍↕️❤️
*
< 𝗦𝘁𝗲𝗮𝗺𝗲𝗱 𝗗𝗶𝘀𝗵 >
•海膽蟹肉法式燉蛋
有別於日本嘅茶碗蒸，依個嘅質感更貼近Crème Brûlée✨ 會偏挺身，富蛋香～ 配上海膽以及蟹肉，很不錯～
*
< 𝗚𝗿𝗶𝗹𝗹𝗲𝗱 𝗗𝗶𝘀𝗵 >
•甘鯛立鱗燒
日式嘅立鱗燒，配上法式奶油醬與三文魚子，味道昇華了不少🐟
*
< 𝗛𝗼𝗺𝗲𝗺𝗮𝗱𝗲 𝗙𝗿𝘂𝗶𝘁 𝗦𝗼𝗿𝗯𝗲𝘁 >
•自家製香桃雪葩
*
< 𝗙𝗿𝗼𝗺 𝘁𝗵𝗲 𝗟𝗮𝗻𝗱 >
•日本鹿兒島A4和牛西冷
我稱它為「法式壽喜燒」🐂🤣 A4和牛做到非常粉嫩，油脂感豐富，搭配以氮氣打成泡沫嘅壽喜燒汁～ 熟悉嘅味道，但Presentation卻大大不同，有驚喜喔～
*
< 𝗚𝗿𝗮𝗶𝗻𝘀 >
•牡丹蝦意大利飯
意大利飯用上海鮮湯熬煮，完美吸收湯汁精華🤤 用上鮮甜嘅牡丹蝦刺身作點綴！個人就偏愛飯粒可以更有咬口～ 
*
< 𝗗𝗲𝘀𝘀𝗲𝗿𝘁 >
•帕爾馬火腿蜜瓜芭菲
估唔到Parma Ham + 蜜瓜可以化身為甜品芭菲，而且甜鹹交融又意外地唔錯！赤肉蜜瓜雪糕x 風乾帕爾馬火腿，再配以茉莉花奶凍 & 餅碎，絕對係個會乎合香港人對甜品嘅標準「不會太甜」就對了🙂‍↕️🍈
*
< 𝗣𝗲𝘁𝗶𝘁 𝗙𝗼𝘂𝗿 >
*
< 𝗖𝗼𝗳𝗳𝗲𝗲 𝗼𝗿 𝗧𝗲𝗮 >
-
A Lux (中環)
中環都爹利街13號樂成行地庫M2號舖"
,YAKITORI KOBAKO,灣仔,日本料理,200-400,深夜食堂,沖繩醋拌水雲、汁燒雞頸肉、沖繩苦瓜炒豚肉,https://www.instagram.com/p/DOyaMufEyQm/,DOyaMufEyQm,,"🏮沖繩風味! 氣氛超好の居酒屋🐓
-
地區分類：#fca_灣仔
-
竟然行行吓灣仔都俾我搵到間氣氛超好，好似瞬間去咗日本嘅居酒屋！平日夜晚嚟都要等一陣位，所以建議大家book定位🙂‍↕️ 
店主來自沖繩，所以Menu上有唔少沖繩料理，例如水雲、沖繩豬手麵、沖繩苦瓜炒豚肉等🤤 話明居酒屋當然唔少得飲返兩杯啦，除左清酒，仲有10+款沖繩泡盛+日本燒酎，簡直係酒鬼天堂🍶
-
•唐揚迷你蝦 ($88)
•醋拌水雲 ($43)
•沖繩苦瓜釀免冶雞肉 ($58)
•明太子雞柳 ($43)
•蔥燒雞肉串 ($53)
•雞頸肉 ($48)
•玉子燒 ($98)
•沖繩苦瓜炒豚肉 ($98)

前菜唔好錯過沖繩醋拌水雲，酸爽開胃！
進入串燒環節，12款燒鳥串選擇，用上日本雞肉，由廚窗可以見到日本師傅即燒🐓🔥 私心推介汁燒雞頸肉，肥瘦balance，口感有彈性～
點都要食嘅沖繩苦瓜炒豚肉，炒得夠乾身，苦瓜仲保留到爽脆感🤤 幾鐘意加左豆腐同唔少洋蔥，口感就更豐富了～
-
YAKITORI KOBAKO (灣仔)
灣仔汕頭街30號意適樓地舖"
,Arbor,中環,西式,1388,拍拖約會,南非鮑魚·綠茶拉麵、玄米茶雪糕配魚子醬、乳鴿,https://www.instagram.com/p/DPGy2KmE8Lf/,DPGy2KmE8Lf,,"🪾限時優惠菜單! 米芝蓮2星日系北歐菜🪵
-
地區分類：#fca_中環 
-
如果講起全港11間米芝蓮2星餐廳裏面，依間一定係其中一間最愛‼️ 由芬蘭主廚 @eric.raty主理，菜式行日系北歐風格，以大自然為靈感。繼上年一訪，今年再去又有新驚喜🥹❤️ 夏季餐廳周贏家版登場! 由即日起至12/10，以低至HK$148嘆100間成功入圍贏家版嘅餐廳😍 今次可以用優惠價錢嘆足7道菜，試匀多款招牌菜式!!!
-
🥂 𝐑𝐞𝐬𝐭𝐚𝐮𝐫𝐚𝐧𝐭 𝐖𝐞𝐞𝐤 𝐃𝐢𝐧𝐧𝐞𝐫 ($1388)
-
𝗪𝗲𝗹𝗰𝗼𝗺𝗲 𝗗𝗿𝗶𝗻𝗸
*
𝗞𝗮𝗿𝗲𝗹𝗶𝗮𝗻 𝗣𝗶𝗲 & 𝗖𝗮𝘃𝗶𝗮𝗿
芬蘭餡餅配魚子醬，令口腔充滿鮮味以及淡淡嘅奶油香之外，最特別係放係青森縣蘋果木製嘅碟上🪵 以日系北歐風格打開序幕！
*
𝗦𝗮𝗹𝗺𝗼𝗻
靜岡縣三文魚✨ 經海藻鹽與五糧液醃漬，配上下層加入了刁草、香蔥與芥未嘅三文魚他他，以雲莓及蜜糖芥未汁作點綴，酸酸甜甜有提鮮嘅作用！
*
𝗡𝗮𝘁𝘁𝗼 𝗦𝗼𝘂𝗿𝗱𝗼𝘂𝗴𝗵
之前試過佢哋嘅紫菜Brioche，近期轉左做納豆酸種麵包🫢 做到外脆內濕潤！Highlight位一定係一旁嘅焦化奶油🧈 加入了日式醬油、焦糖芝士及京都納豆，鹹香自然，帶焦糖香味，口感順滑Creamy! 
*
𝗔𝗯𝗮𝗹𝗼𝗻𝗲
其中一道MVP- 南非鮑魚·綠茶拉麵🥢 搭配脆海苔、鮑魚泡沫、鮑肝醬汁及海藻粉。海苔與鮑魚好Match，麵條有咬口之餘亦充分掛滿醬汁🌿 果然係招牌菜!!!
*
𝗣𝗶𝗴𝗲𝗼𝗻
/
𝗕𝗲𝗲𝗳 𝗢𝗻𝗴𝗹𝗲𝘁 (+$𝟮𝟮𝟬)

對比起牛扒，個人更愛乳鴿❤️ 外皮帶焦脆感，肉質粉嫩～ 一旁仲有釀入鴿肉嘅羊肚菌以及鴿蛋🍳 
牛扒用上澳洲嘅Mayura和牛封門柳位置，口感非常軟嫩而且油香豐富！最欣賞係一旁放上各種調味- 洋蔥蓉、黑蒜醬、山椒、洋蔥味噌醬以及莓子醬，比大家自由配搭😍🍴
*
𝗖𝗶𝘁𝗿𝘂𝘀
血橙雪芭，配以佛手柑棉花糖、金桔果醬與葡萄柚果凍，以黑醋栗醬作點綴～ 同菜名「Citrus」一樣，味道酸爽清新，非常解膩🍊🧡
/
𝗚𝗲𝗻𝗺𝗮𝗶𝗰𝗵𝗮 & 𝗖𝗮𝘃𝗶𝗮𝗿 (+$𝟯𝟴𝟬)
招牌甜品- 玄米茶雪糕配魚子醬🍵 用紫菜包住，有點日本壽司軍艦嘅影子～ 味道上都幾有爭議性，但個人還是覺得不錯的，鹹甜交融冇乜違和感，茶香與魚子醬的鹹鮮相輔相成!
*
𝗕𝗹𝘂𝗲𝗯𝗲𝗿𝗿𝘆
芬蘭藍莓批，配藍莓檸檬馬鞭草汁🫐🇫🇮
-
Arbor (中環)
中環皇后大道中80號H Queen’s 25樓"
,蠔站,大角咀,西式,200-400,大班聚會,八國生蠔餐、歐洲蠔祭、全日$10生蠔、脆炸德國式咸豬手配蜜糖芥末籽醬,https://www.instagram.com/p/DOvUTRPE5Hj/,DOvUTRPE5Hj,,"🦪食匀八國生蠔! 全日暢食$10生蠔✨
-
地區分類：#fca_大角咀
-
生蠔控一定要知嘅抵食生蠔集中地！一入門口嘅蠔吧已經放滿世界各地嘅生蠔，超多選擇，無論係初階定係生蠔高手都滿足得到！
最癲一定係全日任食$10生蠔🤤✨ 當日生蠔來自韓國，睇得出都係比較大隻，蠔肉偏飽滿，算係幾高質，絕對唔係食咗陣風落肚嗰隻🙂‍↕️
-
✈️ 季節限定! 歐洲蠔祭 ($199/6隻)
一次過食匀5個國家6款蠔😱‼️ 當中包括愛爾蘭 𝗙𝗹𝗲𝘂𝗿 𝗱𝗲𝘀 𝗘𝗮𝘂𝘅、西班牙𝗦𝗽𝗮𝗻𝗶𝘀𝗵 𝗥𝗼𝗰𝗸、蘇格蘭 𝗦𝗰𝗼𝘁𝘁𝗶𝘀𝗵 𝗖𝘂𝗺𝗯𝗿𝗮𝗲 𝗥𝗼𝗰𝗸、葡萄牙𝗝𝗼𝘀𝗲𝗽𝗵𝗶𝗻𝗲、法國𝗖𝘂𝘃𝗲𝗲 𝗣𝗿𝗲𝘀𝘁𝗶𝗴𝗲、法國𝗢𝘀𝘁𝗿𝗮 𝗥𝗲𝗴𝗮𝗹 𝗚𝗼𝗹𝗱～ 
如果海水味比較輕，偏爽口的話一定要試𝗖𝘂𝘃𝗲𝗲 𝗣𝗿𝗲𝘀𝘁𝗶𝗴𝗲！有金箔壓軸出場嘅法國𝗢𝘀𝘁𝗿𝗮 𝗥𝗲𝗴𝗮𝗹 𝗚𝗼𝗹𝗱，肉身好飽滿帶點清新的奶香，入口好滿足但又唔會膩❤️
*
🗺️ 八國生蠔餐 ($199/8隻, 配餐酒一杯)*
有選擇困難症嘅朋友，一定要試依款可以食盡8個國家嘅生蠔🤭 平均$24/隻，仲要送餐酒一杯?!?! 其中一款講到明係會有被稱為「生蠔界勞斯萊斯」嘅法國GILLARDEAU🤩 肥美得嚟但陣陣榛果香～ (*逢星期二 & 三供應)
*
•香芒牛油果大蝦沙律 ($158)
•超級海鮮薄餅 ($168)
•白酒香蒜辣椒蜆肉扁意粉 ($158)
•脆炸德國式咸豬手配蜜糖芥末籽醬 ($308)

除左生蠔，仲有一系列熱葷，而且質素意外地不錯😌 薄餅係薄脆批底個隻，面層嘅海鮮配料亦很豐富🍕 蜆肉扁意粉夠香辣惹味；德國咸豬手外皮超香脆的，
-
蠔站 (大角咀)
大角咀詩歌舞街83號亮賢居地下1號舖
(另設土瓜灣、荃灣、尖沙咀、天后分店)"
,灘五郷,灣仔,日本料理,200-300,拍拖約會,鮮魚一夜干、自家製月見免治雞肉棒、沙錐魚天婦羅、魷魚一夜干,https://www.instagram.com/p/DOGISLUk5Zg/,DOGISLUk5Zg,,"⛩️雙日廚主理! 地道串燒居酒屋Giveaway🥢
-
地區分類：#fca_灣仔 
-
灣仔區放工必去居酒屋，之前經過Happy Hour超好氣氛！由雙日藉師傅坐鎮，之前新開嘅時候試過，串燒質素完全在線上🙂‍↕️🔥 近排見到個幾抵玩嘅週末Brunch Menu，人均$2xx食盡8大居酒屋料理，包括沙律、壽司卷到招牌串燒、天婦羅、爐端燒等一共15品😱 仲可以自由配搭夠哂開心！
-
🍶 𝐖𝐞𝐞𝐤𝐞𝐧𝐝 𝐁𝐫𝐮𝐧𝐜𝐡 𝐌𝐞𝐧𝐮 ($588/二人前)*
*兩小時Free Flow 日本啤酒、清酒、Highball、紅白酒、有汽酒 (+$288/pp)
*逢星期六、日及公眾假期供應
-
< 前菜 >
•芥末八爪魚
•辣鱈魚腸
•鰻魚玉子燒
•螢光魷魚漬
*
< 沙律 >
•自家製煙燻豚肉薯仔沙律
*
< 卷物 >
•鐵火卷
•加州卷
*
< 串焼 >
•雞中翼
•自家製月見免治雞肉棒
*
< 天婦羅 >
•蝦
•舞茸菇
•沙錐魚
•番薯
•南瓜
*
< 炸物 >
•吉列廣島蠔
•唐揚炸雞
*
< 爐端燒 >
•鮮魚一夜干
•魷魚一夜干
*
< 主食>
•木魚湯烏冬

一共8款料理，MVP一定係佢哋鮮魚一夜干，平時出面食都唔平，魚味特別濃厚，很Match Sake🤭 另外魷魚一夜干嘅魷魚鬚位最正，帶焦香感！串燒方面一定要試自家製月見免治雞肉棒，好明顯食得出比較有空氣感，而且有唔少爽脆軟骨🐓
天婦羅成個拼盤咁上，炸粉厚薄適中，個人最鍾意沙錐魚，魚肉超水嫩的！
———————————————————————
📅遊戲日期：2/9/2025 - 6/9/2025
-
🥇獎品 x1: 週末早午餐 (兩位)
-
📍換領地點
灘五郷 (灣仔)
灣仔船街18號地下4號舖

換領有效日期：
2025年9月
-
參加方法:
1.Follow
@nadagogo.hk
@foodcafealcoholic
2.Like依張相❤️
3.留言tag一位朋友仔👫
-
‼️依家cap埋個post上自己story並tag埋我哋2個嘅IG page 即增加10次中獎機率！🍔會mark低你哋個名再入機抽‼️
-
留言次數不限，越留得多中獎機會就越大😍 截止後會係IG story公佈結果！若中獎者必需顯示已follow 以上IG, 係通知後一日內未有回覆，將會重新抽過🙇🏽‍♂️
中獎名單記錄請查看IG story Highlights！
-
Foodcafealcoholic 及@nadagogo.hk 保留最終決定權"
,Arcane,中環,西式,,拍拖約會,Bottoni鈕扣意大利麵、五糧液雪糕配豆腐奶油酥皮、酥炸乳鴿配桂花醬,https://www.instagram.com/p/DN2qNQ3Zq7b/,DN2qNQ3Zq7b,,"✨五糧液入饌! 米芝蓮四手聯乘晚宴🍴
-
地區分類：#fca_中環 
-
平時Wine Pairing聽得多，如果中國白酒做Pairing，甚至入饌大家又試過未呢？🤫 𝗧𝗵𝗲 𝗠𝗜𝗖𝗛𝗘𝗟𝗜𝗡 𝗚𝘂𝗶𝗱𝗲 聯同 𝗪𝘂𝗹𝗶𝗮𝗻𝗴𝘆𝗲五糧液，聯乘米芝蓮一星餐廳 𝗘𝘀𝘁𝗿𝗼 以及 𝗔𝗿𝗰𝗮𝗻𝗲，攜手打造一晚限定嘅四手聯乘晚宴🌿 除左試到Chef Antimo 以及Shane嘅招牌菜式外，仲特意用上五糧液配對並入饌，絕對係另一種特別嘅體驗🥰
-
🥂𝗧𝗵𝗲 𝗠𝗜𝗖𝗛𝗘𝗟𝗜𝗡 𝗚𝘂𝗶𝗱𝗲 𝘅 𝗪𝘂𝗹𝗶𝗮𝗻𝗴𝘆𝗲
-
•Tomato Tart
•Truffle Mortadella Sandwich
•Tuna Nori Crisp
一開始以蕃茄撻、黑松露意式肉腸三文治 以及吞拿魚海苔脆片打頭陣～
*
•Aori Ika-Tomato | Lemon | Caviar
好清爽嘅前菜✨ 切成薄片嘅墨魚麵，配上酸爽嘅蕃茄檸檬清湯，以鹹香嘅魚子醬提鮮～
*
•Pigeon | Osmanthus | Apricot
酥炸乳鴿配桂花醬，口感外脆內軟嫩，酸酸甜甜嘅杏桃可以一減油膩感🥰 菜式融入並搭配經典五糧液，醬陳尾韻與乳鴿嘅醬汁互相襯托！
*
•Bottoni | Buffalo Robiola | Saffron | Truffle
Estro主廚Antimo嘅招牌之作- 鈕扣意大利麵🤩 一咬係流心嘅水牛芝士醬汁，配上黑松露真係不得了！
*
•Aquna Murray Cod | Mussels | Zucchini
由Arcane主廚Shane炮製嘅鱈魚柳，醬汁特別加入了經典五糧液，味道清幽淡雅，同海鮮好Match🌿🐟
*
•Duck | Endive | Lavender
鴨肉配菊苣以及薰衣草✨ 菜式特意融入並搭配第七代五糧液，味道偏濃香型，含飽滿嘅復合窖香，與鴨嘅香濃肉香好夾🙂‍↕️❤️
*
•Golden Figs | Tofu | Honey
豆腐奶油酥皮 配黃金無花果💛 整體係幾light嘅甜品，一旁用上第七代五糧液製作嘅雪糕，絕對係MVP嘅存在!!! 帶陣陣酒香～
*
•Almond Chocolate
•Panna Cotta Tart
•Vanilla Canelé
Petit Four包括了香滑嘅杏仁朱古力、意大利奶凍撻 以及雲呢拿可麗露💕
-
Arcane (中環)
中環安蘭街18號3樓

#MICHELINGuide #MICHELINGuideHK #Wuliangye #chinesebaijiu"
,SOL Restaurant,中環,韓法Fusion,388-1088,拍拖約會,人蔘雞、濟州島鮑魚、香桃雪葩,https://www.instagram.com/p/DNsrBJW5m2G/,DNsrBJW5m2G,,"☀️米芝蓮韓廚打造! 新派韓法料理餐廳🇰🇷
-
地區分類：#fca_中環 
-
估唔到$388/位就嘆到米芝蓮級韓式Fine Dining?!🤫 依間七月先新開，主打韓法Fusion菜式嘅餐具絕對係近排食過幾有驚喜嘅一餐！由曾於米芝蓮三星Odette餐廳嘅Chef Kim，以及任職於米芝蓮一星Hansik Goo 副主廚嘅Chef Kylie共同主理～ 兩位韓國主廚係韓國傳統風味上融合國際元素，打造出唔少令人印象深刻嘅菜式✨ 而且價錢合理，絕對會為佢哋嘅濟州島鮑魚、人蔘雞 & 香桃雪葩回訪❣️
-
🍴𝐏𝐫𝐞𝐦𝐢𝐮𝐦 𝐌𝐞𝐧𝐮 ($1088/pp)
-
𝗕𝗮𝗻𝗰𝗵𝗮𝗻
靈感來自金主廚對韓國傳統配菜嘅童年回憶，以法式手法呈現三款精緻小點，分別為比目魚撻、韓式生牛肉他他 以及漬茄子雞肝醬撻✨ 個人超愛加入了煙燻牛骨髓奶油嘅牛肉他他，食落更香滑帶油香！
*
𝗚𝘆𝗲𝗿𝗮𝗻-𝗷𝗷𝗶𝗺
韓式松子醬蒸蛋🥰 口感好滑溜，搭配了多款菌類，包括鴻喜菇、舞茸 & 羊肚菌，味道Earthy 食落好舒服嘅感覺～
*
𝗦𝗮𝗲𝘄𝗼𝗼-𝗝𝗮𝗻𝗴
完全冇諗過醬油蝦可以做到咁清新🥹❤️ 特別用上新鮮蕃茄、蕃茄脆片 & 凍蕃茄清湯 三款番茄元素，再以冰凍嘅芝士雪葩作點綴，味道酸爽清新，亦有提鮮嘅作用！
*
𝗝𝗲𝗼𝗻𝗯𝗼𝗸
濟州島鮑魚！很有心思地搭配兩款韓國海藻海發菜 & 傳統海帶，咁嘅組合完全令人聯想返韓國嘅味道😍 加上濃厚嘅青口白奶油醬，將鮮味大大提升～
*
𝗢𝗸-𝗗𝗼𝗺
甘鯛🐟 魚皮做到QQ的，魚肉結實，配上加入了艾草油嘅法式馬賽蝦湯以及釀青瓜花～
*
𝗦𝗮𝗺-𝗚𝘆𝗲 𝗖𝗵𝗶𝗰𝗸𝗲𝗻
一定要試嘅主菜人蔘雞🐓 先嚟係一杯暖暖的參雞湯，繼而迎接釀入了雞肉慕絲嘅法國黃皮春雞🤩 經過兩日風乾肉味香濃，簡單搭配人蔘雞醬汁以及黑蒜醬～ 另一焦點人蔘雞飯，席前拌入脆雞皮、蔘雞油、香蔥以及牛蒡，整體味道温和，配返一旁嘅雞肉有互相襯托嘅效果！
*
𝗦𝘀𝗮𝗹
近排食過最有記憶點嘅一個甜品！以白米為靈感嘅香桃雪葩🍑✨ 底層為白米脆片，搭配白米奶凍、桃蜜餞及西柚，以茴香點綴～ 味道清爽解膩，同時散發陣陣白米嘅清香！依個甜品我可以食10個!!!
*
𝗕𝗼𝗿𝗶
零陵香豆雪糕配薏米忌廉🥄 下層係香滑嘅朱古力慕斯！薏米忌廉簡直係有畫龍點睛嘅作用，令整個味道更和諧 & 輕盈！
*
𝗣𝗲𝘁𝗶𝘁 𝗙𝗼𝘂𝗿𝘀
柚子芒果撻 & 朱古力芝麻泡芙
-
SOL Restaurant (中環)
中環擺花街8號5樓"
,Carna by Dario Cecchini,尖沙咀,西式,688,拍拖約會,炭火熟成意大利牛扒 (Costata di Manzo)、自家製意大利黑松露肉腸、Tiramisù di Casa,https://www.instagram.com/p/DN5i-MEE101/,DN5i-MEE101,,"🇮🇹隱藏抵玩菜單! 獨家炭火熟成意大利牛扒🍴
-
地區分類：#fca_尖沙咀
-
終於比我揾到時間去依間由「世界上最偉大屠夫」Dario Cecchini主理嘅意大利扒房🥹❤️ 真係要親身去先感受到個海景幾震撼～ 餐廳以「從頭到尾」為理念，完美運用牛嘅每一個部位！誇張到開業半年就入選為香港米芝蓮指南✨ 
嚟到一定要試佢哋招牌炭火熟成牛扒，但單點最平都六百幾UP… 幫大家發掘到唔係太多人知，要預訂先食到嘅隱藏菜單🤫 人均六百幾食足4道菜!!! 當然唔少得佢哋超巨型嘅Tiramisu~

留言「❤️」直接DM你優惠訂位資訊～
-
🍴𝐁𝐮𝐭𝐜𝐡𝐞𝐫’𝐬 𝐌𝐞𝐧𝐮 ($688/pp)*
*只限星期一至三供應 (需提前預訂)
* Wine Pairing (+$228/2 Gls , $328/3 Gls)
-
< 𝗔𝗡𝗧𝗜𝗣𝗔𝗦𝗧𝗢 >
•Chianti Tartare
•Trippa alla Maremmana

一共6款前菜選擇！推介生牛肉他他，特別用上牛冧肉位置，肉質會相對較軟腍；簡單調味突出返個肉香🥰 托斯卡納式燉牛肚，做到非常軟腍+香濃入味！
*
< 𝗣𝗥𝗜𝗠𝗢 >
•Salsiccia alla Griglia con Tartufo (+$88)
一定要試自家製意大利黑松露肉腸!!! 混合了牛肉及豬肉，再加入黑松露製成！口感比出面食到嘅冇咁實的的，會有啲空氣感+豐富肉汁‼️ 送酒真心一流🍷
*
< 𝗙𝗥𝗢𝗠 𝗖𝗔𝗥𝗡𝗔’𝗦 𝗖𝗛𝗔𝗥𝗖𝗢𝗔𝗟 𝗚𝗥𝗜𝗟𝗟 >
•Costata di Manzo (+$388)
平時食依塊招牌帶骨肉眼扒最少$1980起跳，依家咁嘅價錢真係幾抵玩！用上意大利Pezzata Rossa牛 (Carna獨家供應)，經過35日乾式熟成，一次過食到Ribeye + Striploin 兩個部位嘅Texture🥹❤️ 肉味香濃顏色亦夠粉嫩，食落帶陣陣炭香，絕對係水準之上！
(另外Australia, Striploin M4+ 不用加錢升級)
*
< 𝗖𝗢𝗡𝗧𝗢𝗥𝗡𝗜 >
•Dario’s Stewed White Beans
•Sautéed Spinach
*
< 𝗗𝗢𝗟𝗖𝗘 >
•Tiramisù di Casa
想試佢哋嘅Tiramisu好耐，個碗真係成塊面咁大，足夠2-3人Share🤭 Mascarpone Cream口感做到好軟滑，而且好香咖啡味☕️ 但因為冇落酒，所以就冇酒香了 (有點可惜～)
-
Carna by Dario Cecchini (尖沙咀)
尖沙咀赫德道8A號Mondrian Hong Kong 39樓"
,MOMA,中環,西式,100-200,打卡必到,三文魚忌廉闊麵 (Buttercream Salmon Pappardelle)、自行組合 Brunch Board、挪威魚湯 (Fiskesuppe),https://www.instagram.com/p/DNiDPemxTzN/,DNiDPemxTzN,,"☕️慢活北歐風! 蘇豪手工意粉寶藏店🍴
-
地區分類：#fca_中環 
-
之前喺IG見到超入鏡嘅餐廳門面，原來係依間今年新開嘅北歐風小餐館✨ 裏面行木系風格，充滿休閒感～ 除左有一系列手工意粉，仲有北歐特色菜式，包括挪威魚湯、瑞典Semla泡芙以及黑麥麵包等💕 Lunch Set都係$188/位，外賣飲杯咖啡只係$20 (優惠期至31/8），價錢真係比想像中更親民～
-
🍴𝐁𝐑𝐔𝐍𝐂𝐇 𝐌𝐄𝐍𝐔*
*9AM - 530PM供應
-
< 𝗕𝗥𝗨𝗡𝗖𝗛 𝗕𝗢𝗔𝗥𝗗 >
•Sourdough
•Avocado slices
•Scrambled Eggs
•Smoked Salmon
•Granola Yoghurt

可以自行組合嘅Brunch Board ($148)✨ 由麵包、蔬菜、雞蛋、肉類以至乳酪都可以自己揀咁先夠爽！值得一提佢哋嘅Sourdough很不錯喔🍞 輕鬆自製煙三文魚牛油果酸種麵包！
*
< 𝗦𝗢𝗨𝗣 >
•Fiskesuppe ($118)
好少地方揾到依款挪威魚湯🇳🇴 魚湯由三文魚、大量蔬菜、香料等製成，濃郁鮮味，跟配麵包就Perfect!
*
< 𝗛𝗢𝗠𝗘𝗠𝗔𝗗𝗘 𝗣𝗔𝗦𝗧𝗔 >
•Buttercream Salmon Pappardelle ($158)
•Dried Tomato Sedanini ($128)

嚟到一定要試佢吓佢哋招牌手工意粉🍝 三文魚忌廉闊麵，麵條比出面食到嘅再闊啲，有咬口而且掛滿醬汁，Creamy帶陣陣奶香，但食落唔會膩～ 另一款店員推介蕃茄麵管，亦係Handmade，特別在於可以讓醬汁塞在洞裏，咬落去有爆漿感😏❤️
-
MOMA (中環)
中環蘇豪士丹頓街22號地舖"
,美心中秋故事館,中環,甜品,280,打卡必到,流心奶黃月餅、開心果軟心月餅,https://www.instagram.com/p/DN5PhvQE7bv/,DN5PhvQE7bv,,"🏮打卡送月餅?! 美心月餅登陸中環街市🥮
-
地區分類：#fca_中環 
-
仲有一個月就到中秋！美心月餅搶先出動，以香港情懷為靈感，係中環街市開設「美心中秋故事館」期間限定店😍 快閃五日 (8月27日 – 8月31日) 除左有超多打卡Check Point，包括復古郵箱、懷舊電視牆，仲可以比大家猜燈謎！

另一邊設有月餅售賣點+ Vikki Zhang 合作產品展覽 ✨ 大家會揾到Pop Up Store 限定，以香港特色地標為設計主題嘅打卡風月餅禮盒系列！當中包括：
🔺 「西環日落」禮盒- 美心經典流心奶黃月餅
🔺 「嘉咸街壁畫」禮盒- 開心果軟心月餅
🔺 「怪獸大廈」- 傳統蛋黃白蓮蓉月餅
🔺 「霓虹燈」禮盒- 低糖蛋黃蓮蓉月餅

凡惠顧$280或以上即送1個「限量版美心毛絨月餅公仔」，有唔同顏色超可愛的！
-
📸 打卡送月餅活動
只要係社交平台分享期間限定店自拍照，並加上指定主題標籤，於每日指定時段：下午1點及6點內，每個時段首100位上傳嘅朋友仔，即可獲得流心奶黃月餅(試食裝) 乙個！

📸 打卡換美心月餅盲盒公仔 
係期間限定店內打卡影相，並帶著「香港特色打卡點明信片」打卡並分享至社交平台+ 加上指定主題標籤，便有機會獲得限定美心月餅盲盒公仔乙個！
(每天100個名額，數量有限，送完即止）
-
📍 美心中秋故事館
中環皇后大道中93號地下
中環街市「美心中秋故事館」

@maximsproducts
#美心味道香港製造 #美心月餅 #中秋故事館 #美心月餅PopupStudio"
,嵯峨野,尖沙咀,日本料理,1000,打卡必到,沖繩滋味晚膳套餐（沖繩長尾鯛魚、沖繩黑糖煮豬肉、冷素麵伴沖繩海葡萄、沖繩海鹽雪糕）,https://www.instagram.com/p/DNxgoEOZo-B/,DNxgoEOZo-B,,"🎏食足7道菜! 限定沖繩風味懷石料理🥢
-
地區分類：#fca_尖沙咀
-
位於千禧新世界香港酒店內嘅日本料理餐廳，最近與沖繩縣政府攜手合作，精心打造七道菜懷石料理晚餐✨ 以一系列係沖繩進口嘅食材入饌，包括長尾鯛魚、海蝦、島蕎頭、水雲、島豆腐、海葡萄及紫薯，比大家感受日本南部海島嘅魅力🇯🇵 當日首晚仲有沖繩樂隊現場演奏 & 沖繩吉祥物「小真」比家打卡，夠哂有氣氛！
-
🌊 沖繩滋味晚膳套餐 ($1000/pp)*
* 由即日起至9月30日供應
-
•沖繩青檸有汽特飲
•蒸鮑魚伴秋葵｜南瓜豆腐伴松葉蟹肉及三文魚子｜沖繩水雲伴酸醋汁
•吞拿魚腩、沖繩長尾鯛魚及魷魚
•沖繩黑糖煮豬肉及雜菜
•炒和牛伴蒜蓉汁｜燒沖繩島豆腐伴麵豉醬
•沖繩海蝦天婦羅｜沖繩水雲雜菜餅｜炸沖繩島蕎頭伴雪鹽
•冷素麵伴沖繩海葡萄、溫泉蛋及腐皮乾
•沖繩紫薯糕及沖繩海鹽雪糕

食匀前菜、刺身、煮物、燒物、炸物、麵以及甜品！以酸爽嘅沖繩水雲打頭陣，夠哂開胃🤤 最特別係試到沖繩長尾鯛魚，肉質清甜且厚實有彈性；當然唔少得大家都認識嘅沖繩黑糖，用嚟煮豬肉帶天然嘅甜味！主菜係非常適合夏天嘅冷素麵 🈴 配上海葡萄 & 溫泉蛋，好清爽！最後以沖繩紫薯糕+沖繩海鹽雪糕作結尾，兩者都好Light，冇乜負擔感🍨
-
嵯峨野 (尖沙咀)
尖沙咀麼地道72號千禧新世界香港酒店1樓"
,CulinArt 1862,銅鑼灣,西式,688,打卡必到,甜點盛典 Picasso、法國布雷斯乳鴿,https://www.instagram.com/p/DOV-navE8l3/,DOV-navE8l3,,"🎨化身畢加索! 打造自己創意甜品畫作🥂
-
地區分類：#fca_銅鑼灣
-
估唔到食甜品之餘，仲可以自己玩埋一份?!😍 依間一向行創意藝術館嘅法國菜餐廳，之前去過都好欣賞佢哋嘅甜品✨ 而今次佢哋嘅甜品更加推薦大家去試，因為除咗可以食晒成架甜品車嘅甜品，仲可以自己畫埋一份，無論係大人小朋友一定都好開心！
-
🥂 𝟑-𝐂𝐨𝐮𝐫𝐬𝐞 𝐒𝐞𝐭 𝐌𝐞𝐧𝐮 ($688/pp)
-
< 𝗔𝗣𝗣𝗘𝗧𝗜𝗭𝗘𝗥 >
•蟹肉蘋果他他
/
•鮮石魚湯

幾清爽嘅蟹肉蘋果他他，裏面除左有爽脆蘋果肉，仲加入蛋黃醬 & 蟹湯啫喱，最後倒入番茄清湯😍 鮮石魚湯意外地濃厚，魚嘅鮮味幾突出～
*
< 𝗠𝗔𝗜𝗡 𝗖𝗢𝗨𝗥𝗦𝗘 >
•法國布雷斯乳鴿 Excellence MIERAL’
/
•澳洲 M4和牛西冷

個人偏愛法國乳鴿 🇫🇷 外皮焗至金黃焦脆，而且肉質幾軟嫩，一旁仲有乳鴿酥皮食添～ 至於和牛西冷顏色粉嫩，可惜有啲筋位，但下面藏有牛肉小餃子係幾有心思的😊
*
< 𝗙𝗜𝗡𝗔𝗟𝗘 >
•甜點盛典 Picasso
一直好欣賞依間餐廳嘅甜品，直程係MVP嘅存在！今次竟然係大玩畢加索藝術風?!🎨 一開始可以用醬汁自由係畫板上繪畫，再由店員係甜品餐車上放上各款甜品！名副其實又玩得又食得🤭 當日有啤梨慕絲蛋糕、藍莓撻、自家製曲奇、天鵝泡芙、巴斯克蛋糕、芒果糯米飯甜品杯以及新鮮水果✨ 甜品控表示很滿足🙂‍↕️🙂‍↕️🙂‍↕️
-
CulinArt 1862 (銅鑼灣)
銅鑼灣禮頓道29號華懋禮頓廣場地舖及1樓"
,Tokyolima,中環,日本料理,398-680,拍拖約會,牛油果炸蝦卷 (Prawn Acevichado)、烤原條鯛魚,https://www.instagram.com/p/DN7zPNCkx6-/,DN7zPNCkx6-,,"🇯🇵香港首間日系x秘魯居酒屋🇵🇪 
-
回訪左5次嘅餐廳，就連屋企人生日都帶咗佢哋去✨ 菜式係比較獨特嘅日系秘魯菜，喺平時大家都熟悉嘅日本菜式上加入秘魯風味醬汁，幾有新鮮感！晚市Tasting Menu最平$398/位，中環區而言算係幾抵玩！依家仲有一系列全新Cocktails，係咁Chill嘅環境下飲返兩杯都唔錯🍹
-
🥢 𝐓𝐀𝐒𝐓𝐈𝐍𝐆 𝐌𝐄𝐍𝐔- 𝐓𝐨𝐤𝐲𝐨 ($680/pp)*
*Wine Pairing (+$198/pp)
-
< 𝗡𝗜𝗞𝗞𝗘𝗜 𝗜𝗖𝗘 𝗕𝗢𝗪𝗟 >
•La Causa
•Tuna & Watermelon
•Ceviche Clasico 

傳統秘魯菜Causa加入日本元素，炸蝦天婦羅🍤 下面鋪上黃椒蓉、大蝦他他 及牛油果醬。
西瓜吞拿魚他他亦非常清新🍉 吞拿魚刺身拌入醬油、炸番薯片、牛油果以及清爽嘅西瓜粒，係夏日嘅味道！
油甘魚刺身加入左秘魯獨有老虎奶。味道帶醒神嘅酸味以及微辣味，夠晒開胃🐟
*
< 𝗦𝗘𝗖𝗢𝗡𝗗 𝗖𝗢𝗨𝗥𝗦𝗘 >
•Beef Tataki
•Prawn Acevichado

日式生牛肉 & 牛油果炸蝦卷❤️ 依到嘅Maki 基本上係每枱必點～ 裏面除左有天婦羅蝦，仲有油甘魚 & 牛油果，個人幾鐘意依個組合！
*
< 𝗠𝗔𝗜𝗡 𝗖𝗢𝗨𝗥𝗦𝗘 >
•Seabream a La Placha
•Arroz Con Mariscos 

主菜揀左烤原條鯛魚🔥 主要食返魚嘅鮮味，一旁嘅秘魯紅辣椒醬絕對係Highlight位🌶️ 另外仲有秘魯海鮮飯🥘 見到有唔少海鮮配料，包括青口、帶子、藍蝦、八爪魚等～
*
< 𝗗𝗘𝗦𝗦𝗘𝗥𝗧 >
•Oye Papi
有點像朱古力Brownie的感覺，夾住朱古力忌廉，配上香滑嘅椰子雪糕🥥 
*
< 𝗖𝗢𝗖𝗞𝗧𝗔𝗜𝗟𝗦 >
•Izanami ($128)
•Izanagi ($128)

全新秘魯日系Cocktails✨ 靈感來自於日本嘅神話～個人比較鍾意以日本威士忌做Base嘅Izanagi，加入味噌糖漿 & 薑味Liqueur，很易入口！
-
Tokyolima (中環)
中環擺花街18-20號地舖"
,Chorang Garden,尖沙咀,韓國菜,200-400,打卡必到,草梁招牌山峰豬肋骨（加芝士）,https://www.instagram.com/p/DOat4Dfk2lc/,DOat4Dfk2lc,,"🇰🇷Oppa團隊打造! 釜山炭火豬肋骨山🔥
-
地區分類：#fca_尖沙咀
-
又一間新開即爆場嘅人龍店，仲要係由Seoul noodles，田浦食肉、Pecorino嘅Oppa團隊打造，主打釜山風味韓國炭火烤肉🇰🇷 最特別一定係招牌山峰豬肋骨，可以望到主廚由沾醬以至用炭火燒肉嘅整個過程🤤 唔好唔記得一定要加芝士!!!
-
•草梁招牌山峰豬肋骨 ($480/2-3人份)
足1.5KG，可以選擇原味/香辣/半半✨ 建議揀半半試哂兩隻味！個人偏向香辣，辣勁到位幾過癮🤭🌶️ 而且食得出陣陣炭香，肉質亦意外地軟嫩～ 一定要另加芝士 ($48) 海量熱溶芝士倒落去，店員再會炙燒面層，變得超級香🧀 用芝士卷住豬肋骨一齊食也太正了吧！(下層仲有紫菜金䱽魚飯喔~)
*
煙肉泡菜煎餅 ($148)
泡菜煎餅煎至兩面金黃焦脆，加左煙肉就更加香口了❤️🥓
*
拉麵湯飯 ($78)
釜山獨有嘅拉麵湯飯，雙重碳水真係冇得輸🤣🤣 飲完酒食返碗都好爽！
-
Chorang Garden (尖沙咀)
尖沙咀寶勒巷3-7A號萬事昌廣場地下9號舖"
,Shake Shack,,西式,50-150,打卡必到,法式檸檬蛋白奶昔、紐約扒房風味牛肉漢堡、紐約扒房風味薯條,https://www.instagram.com/p/DOLP8pAk3yw/,DOLP8pAk3yw,,"🐂全新口味奶昔登場?! 紐約扒房風味系列回歸🇺🇸
-
大家食過咁多次Shake Shack，又知唔知Shake Shack係來自邊到？✨ 答案係美國紐約!!! 
最近大受歡迎嘅紐約扒房風味系列大熱回歸，包括紐約扒房風味牛肉漢堡 & 紐約扒房風味薯條!!! 等大家可以一嚐紐約扒房經典滋味🫡～ 另外仲有全新登場嘅法式檸檬蛋白奶昔💛 由今日起至11月2日限定供應，想試嘅朋友仔就把握機會喇～
-
🍔 紐約扒房風味牛肉漢堡 (單層 $67｜雙層$92)
用上100%全天然安格斯牛肉，好鐘意做到兩面帶焦香感😍 搭配白車打芝士、炒蘑菇、香脆洋蔥以及自家製辣根胡椒蛋黃醬，整個組合口感豐富而且辣根胡椒嘅味道令人聯想起食牛扒嘅感覺🤭🍴
- 
🐂 紐約扒房風味薯條 ($46)
招牌波浪薯條，配上蘋果木燻煙肉、香蔥及辣根胡椒蛋黃醬，雙重香脆感夠哂過癮，真係會食唔停口🙂‍↕️❤️
-
🍋 法式檸檬蛋白奶昔
大推!!! 自家製雲呢拿雪糕做Base，加入法國檸檬吉士醬、檸檬皮 & 蛋白霜，加上面層嘅鮮忌廉+香脆薄脆片作點綴，飲落味道酸酸甜甜幾清新！好似食左件蛋白檸檬批咁～
-
📍全線香港和澳門Shake Shack分店有售

@shakeshackhongkong
#shakeshackhongkong
#NYSteakhouse
#lemonmeringueshake"
,Roganic,銅鑼灣,西式,520-1380,拍拖約會,舞茸慕絲配和牛牛舌、三黃雞釀粟米、招牌Roganic心形窩夫,https://www.instagram.com/p/DODiC2ek08J/,DODiC2ek08J,,"🌲「綠星」級享受! 米芝蓮1星現代英國菜🌿
-
地區分類：#fca_銅鑼灣
-
最近食過性價比幾高嘅米芝蓮餐廳✨午市低至$520嘆足三道菜，仲要一次過摘米芝蓮一星及綠星!!! 由英國名廚Simon Rogan主理，以「農場到餐桌」為理念嘅摩登英國菜餐廳～ 自從由搬至銅鑼灣利園，今次都係第一次再試😌 

首先餐廳設計已經完勝！餐廳善用香港颱風後倒塌樹木嘅回收木材，係銅鑼灣鬧市中打造出森林般的寧靜空間🪵 最近更入圍「餐廳酒吧界奧斯卡」！食物設計上亦貫徹持續發展，採用唔少來自有機農場嘅時令食材，可以話整個用餐體體驗都係冇悶場，食完都唔會有飽飽濟濟嘅感覺🪴～
-
🪾 𝐒𝐭𝐚𝐧𝐝𝐚𝐫𝐝 𝐌𝐞𝐧𝐮 ($1380/pp)*
*Available at lunch and dinner
-
< 𝗦𝗡𝗔𝗖𝗞𝗦 >
•Fuseau artichoke skin｜Yarlington｜ Manjimup truffle
•Scallop cracker｜emulsion of farm herbs
•Maitake mousse｜Wagyu ox tongue｜pickled shimeji｜ramson oil

個人最愛超綿滑嘅舞茸慕絲配和牛牛舌，搭配醃鴻喜菇 & 野蒜油，記住一啖過咁先食到所有元素嘅風味☺️
*
< 𝗦𝗧𝗔𝗥𝗧𝗘𝗥 >
•Changhua tomatoes in perilla ｜ coal｜fermented pistachio

我稱佢為番茄四重奏🍅 用上新鮮去皮蕃茄、風乾蕃茄、蕃茄啫喱 & 蕃茄清湯，配上底下發酵開心果泥以及coal oil增添輕微煙燻風味！整體味道清新開胃～
*
< 𝗜𝗡𝗧𝗘𝗥𝗠𝗘𝗗𝗜𝗔𝗧𝗘 >
•Hokkaido scallop｜grilled Mr Lin’s asparagus｜nasturtium ｜ smoked dashi

北海道帶子，配上本地農場種植嘅蘆筍以及自家係商場內種植嘅旱金蓮葉，整個擺盤造型很像一個池塘🪷 令人有種莫名的放鬆感～
*
< 𝗠𝗔𝗜𝗡 >
•Stuffed Three yellow chicken｜White Dragon corn｜grilled lettuce｜sauce infused with fats ｜ black garlic vinegar

新出嘅三黃雞釀粟米、烤生菜，佐以油脂浸漬醬汁及黑蒜醋～ 雞皮看得出的金黃焦脆，整個組合意外地輕鬆，雞肉嘅肉香與香甜嘅白粟米很Match呢🌽
*
< 𝗦𝗨𝗣𝗣𝗟𝗘𝗠𝗘𝗡𝗧𝗔𝗥𝗬 𝗖𝗛𝗘𝗘𝗦𝗘 𝗖𝗢𝗨𝗥𝗦𝗘 >
•Frozen Yoshida cheese｜Alpine plum with caramelised soda bread ｜ rosehip (+$200)

入口即溶嘅Yoshida芝士，口感好似細細個食嘅粒粒雪糕咁🤭 配上酸酸甜甜嘅布冧醬以及招牌焦糖化梳打麵包，增加了不少口感！
*
< 𝗣𝗥𝗘-𝗗𝗘𝗦𝗦𝗘𝗥𝗧 >
•Aerated Kyoho grape｜sheep’s yoghurt ｜ apple marigold

巨峰葡萄泡沫，搭配香滑嘅羊奶乳酪，再以蘋果金盞花油作點綴～ 下層仲有去左皮嘅提子果肉夠哂細心🍇 整體味道清新，有清一清味蕾嘅作用！
*
< 𝗗𝗘𝗦𝗦𝗘𝗥𝗧 >
•Warm 61% chocolate｜artichoke｜malt

藝術品一樣的61%暖朱古力蛋糕，面層淋上咖啡糖蜜，配上洋薊脆片以及麥芽雪糕，朱古力控一定喜歡🙂‍↕️🤎
*
< 𝗦𝗪𝗘𝗘𝗧 𝗧𝗥𝗘𝗔𝗧𝗦 >
•Roganic Waffles｜caramelised apple
•Frozen mint cake｜Assam tea

除左招牌Roganic心形窩夫配焦糖蘋果醬，最特別一定係石春中尋找真正嘅甜品🤣 食落其實係阿薩姆紅茶x薄荷蛋糕，冰凍過癮～
-
Roganic (銅鑼灣)
銅鑼灣希慎道33號利園一期4樓402-403號舖"
,Ankôma,尖沙咀,日法料理,1480,拍拖約會,招牌香烤本地三黃雞、魚子醬白松露天使麵、火山石燒藍龍蝦、茶碗蒸,https://www.instagram.com/p/DOA7nqvE2dC/,DOA7nqvE2dC,,"✨實測九龍名雞! 食10道菜日法料理🍴
-
地區分類：#fca_尖沙咀
-
人人都同我講話個魚子醬天使麵 & 三黃雞好正，但冇諗過個牛油熟成龍蝦先係隱藏MVP🔥 話說繼第一次去已經係2022年新開嘅時候，估唔到依家二訪睇得出有唔少進步～整個Menu食足10道菜，冇悶場，亦係會食得飽嘅Fine Dining，請大家放心😎
 主廚Frankie更係今年《香港澳門米芝蓮指南2025》榮獲年輕主廚大獎，兼入選《最紅大廚》最後八強‼️睇得出背後花咗唔少努力～ 餐廳位置得8個，所以記住Book位🙂‍↕️
-
🍴𝐃𝐢𝐧𝐧𝐞𝐫 𝐓𝐚𝐬𝐭𝐢𝐧𝐠 𝐌𝐞𝐧𝐮 ($1480/pp)
-
𝗔𝗺𝗮𝗲𝗯𝗶
𝗨𝗻𝗮𝗴𝗶
開胃小吃- 燒烤紅椒·青木瓜沙律·柚子檸檬啫喱 以及個人超愛的煙燻鰻魚·鵝肝慕斯，配上香脆嘅法式牛油麵包，香濃上癮🤭
*
𝗢𝘆𝘀𝘁𝗲𝗿
當日為兵庫縣生蠔🦪 特別地配上Mojito沙冰、奇異果以及薄荷油，酸甜冰凍，絕對係食過最清爽嘅生蠔🌿
*
𝗛𝗼𝗸𝗸𝗶𝗴𝗮𝗶
非常爽甜嘅炙燒北寄貝🔥 配上蔬菜高湯 & 酸爽嘅水雲好醒胃！
*
𝗖𝗵𝗮𝘄𝗮𝗻𝗺𝘂𝘀𝗵𝗶
隱藏MVP 茶碗蒸!!! 雞蛋好滑溜，搭配山茶菇清雞湯以及雪蟹肉，食落帶陣陣清幽嘅菌香🥄❤️ 我可以食十碗!!!!
/ 
𝗣𝗮𝘀𝘁𝗮 (+$180/pp)
魚子醬白松露天使麵✨ 嚟到必食就對了!!! 麵條根根分明有咬口，而且每條都充滿白松露香味，加上滿滿嘅魚子醬加持，冇得輸🥹
*
𝗔𝗺𝗮𝗱𝗮𝗶
甘鯛立鱗燒🐟 外皮超酥脆！特別在於加入了港式地道「小炒皇」元素，底層放上韮菜 & 蜆肉，再以法式蜆汁 & 蒔蘿花作點綴，鮮味突出！
*
𝗟𝗼𝗯𝘀𝘁𝗲𝗿
其中一道最愛嘅主菜- 火山石燒藍龍蝦🦞 用上牛油熟成，配搭櫻花蝦南瓜醬，鮮味Double Up 🔝 最後滴上嘅辣椒油辣勁不能小看喔😏
*
𝗣𝗶𝗴𝗲𝗼𝗻
對比另一主菜和牛，個人更推乳鴿三食！內臟以日式直火燒烤，係日式串燒嘅風味🏮 鴿腿位置經過慢煮並拆成肉絲，肉質更軟腍而且更方便食肉😌 鴿胸香煎至外脆內粉嫩，配搭的烤平菇及布冧紅桑莓果醬，襯托返乳鴿香濃嘅肉味！
/
𝗖𝗵𝗶𝗰𝗸𝗲𝗻 (+$520/2 ppl)
招牌香烤本地三黃雞🐓 我想不用多介紹吧，第一次嚟點它就對了！剛出爐已經見到肉汁出哂嚟🤤 外皮烤至金黃香脆，肉質好嫩滑～ 配上煙韌嘅三文魚籽七星米飯，再淋上靈魂法國黃酒牛油醬，秒清‼️
*
𝗣𝗶𝘀𝘁𝗮𝗰𝗵𝗶𝗼 𝗧𝗮𝗿𝘁
自家製開心果麻糬撻，面層鋪滿開心果杏仁脆，內裏係濃郁嘅甘納許醬以及煙韌麻糬，再配上開心果雪糕💚 雙重開心果誘惑～ 聽說仲可以預訂整個開心果撻喔😌
*
𝗠𝗶𝗴𝗻𝗮𝗿𝗱𝗶𝘀𝗲
-
Ankôma (尖沙咀)
尖沙咀赫德道2號金麟商業中心5樓"
,茗悅,金鐘,中菜,488-688,打卡必到,鐵觀音茶香乳鴿、陳年青紅醉花螺,https://www.instagram.com/p/DM7bUuFh0bi/,DM7bUuFh0bi,,"🥂自行組合! 不一樣的福建風味早午餐🪴
-
地區分類：#fca_金鐘
-
應該係最近食過最特別嘅Brunch🤭 餐廳位於港島香格里拉內嘅福建菜廳，店內好似花園一樣，出面有Open area外，仲飽覽到游泳池景色~ 今次係帶埋媽媽一齊試周日點心早午餐，最正嘅係可以從20道點心+閩南風味菜式中自由組合，每人最多可以試足10道菜‼️ 兩個人就已經可以試哂成個Menu😎❤️ 菜式可以Encore，即係叫哂十碟鐵觀音茶香乳鴿都得!!! 
-
🥢 𝐃𝐈𝐌 𝐒𝐔𝐌 𝐁𝐑𝐔𝐍𝐂𝐇 𝐌𝐄𝐍𝐔 點心早午餐
✨6款菜式 (每位$488)
✨8款菜式 (每位 $588)
✨10款菜式 (每位$688)
🥂 兩小時無限暢飲 (+$198/位)*
*茗茶、SAICHO有汽茶、餐酒及香檳
-
< 福建家鄉小吃及點心 >
•永春老醋海蜇凍
•陳年青紅醉花螺
•茗悅鮮蝦餃配黃椒醬
•香煎龍蝦芋頭餃
•家鄉松茸菜包
•姬松茸鳳眼餃

有點貼近土筍凍嘅做法，用海蜇代替比較難接受嘅土筍，口感同樣做到爽脆鮮嫩嘅感覺❤️ 陳年青紅醉花螺也大推，花螺Q彈嘅口感，加上香甜嘅酒香，會越食越上癮～
點心方面，
*
< 湯品 >
•松茸竹笙燉蕃茄湯
•霞浦頭水紫菜燕餃湯
*
< 閩南風味精選 >
•鐵觀音茶香乳鴿
一定要點的乳鴿!!! 由內而外都散發住鐵觀音茶葉嘅煙燻香味🍂～ 外皮香脆，肉質亦嫩嫩的，絕對可以一個人食幾隻！
*
< 主食 >
•黑白麻醬拌麵
•霞浦頭水紫菜炒飯
*
< 甜品 >
•芋泥冰豆花
•閩南桃膠銀耳四果湯
-
茗悅 (金鐘)
金鐘金鐘道88號太古廣場二座港島香格里拉酒店8樓"
,割烹 櫓杏,尖沙咀,日本料理,888,拍拖約會,櫓杏会席、熊本「和王」扒、壽司五貫,https://www.instagram.com/p/DNapfznBjOO/,DNapfznBjOO,,"🍶熊本主題! 嘆海景會席料理✨
-
地區分類：#fca_尖沙咀
-
日本人也會到訪，亦係香港唯一九洲熊本主題嘅餐廳🇯🇵 每次見到都坐滿日本人聚餐，所以有返咁上下質素保證🤭 最重要係高樓景面向維港，大時大節仲可以用VIP角度睇煙花🎆
最近餐廳推出8週年紀念特別套餐，原價過千嘅會席料理減至$8xx，絕對係入手好時候！

由即日起至8月31日，中午時段消費第二份午餐半價(送最低價錢半價) ，其中包括超抵玩嘅中午自選壽司12件，每日限定20份‼️ 完全就係Omakase質素，仲有海膽、大拖羅、和牛等選擇(食足12件海膽壽司也可以喔)！
-
🪭 櫓杏会席 ($888/位)*
*由即日起至8月31日供應
*2小時無限暢飲 (+$250/位)
*包括Highball、燒酎、梅酒、清酒、紅白啤酒等
-
•刺身三種
•蓮藕饅頭
•柚庵燒虹鱒魚
•大蝦和蔬菜天麩羅
•熊本「和王」扒
•壽司五貫
•味噌汁
•フルーツ

一共8道菜，刺身三點，分別為大拖羅、間八、太刀魚，因為餐廳一向做開Omakase，所以刺身有返咁上下質素🙂‍↕️❤️ 
燒虹鱒魚帶陣陣柚子嘅清香，令到魚肉嘅鮮味更加突出！
熊本「和王」扒油脂感非常豐富，所以兩件已經好滿足，可以用檸檬/芥末/柚子胡椒解膩～
壽司五貫分別係中拖羅/間八/油甘魚/海膽/三文魚，所有質素也在線上，每次喺度食壽司都唔會失望😎✨
-
割烹 櫓杏 (尖沙咀)
尖沙咀彌敦道63號iSQUARE國際廣場28樓2801號舖"
,Pici,中環,西式,298,拍拖約會,龍蝦茄醬黑松露寬麵、慢煮牛面頰寬帶麵,https://www.instagram.com/p/DNFvHSwBcxT/,DNFvHSwBcxT,,"🌊八月限定！Pici海鮮系列快閃登場☀️
-
地區分類：#fca_中環 
-
一段時間冇食Pici，估唔到今次一試，新Pasta有驚喜喎🤭 佢哋Tasting menu 幾抵玩，用低至$298/位嘅價錢，就可以試到2款前菜+3款意粉+2款甜品，今次新出嘅海鮮菜式都試到！
-
✨ 𝐒𝐞𝐚𝐟𝐨𝐨𝐝 𝐕𝐨𝐥𝐮𝐦𝐞 𝟐*
*由即日起至31/8供應
✨Tasting Menu 自選嚐味菜單 ($298/位)*
*包括2款前菜+3款意粉+2款甜品
-
< 𝗦𝗧𝗔𝗥𝗧𝗘𝗥𝗦 >
•千絲酥炸大蝦 (+28)
•秘製肉丸(+$20)

大家對KATALFI應該都唔陌生，但原來wrap係蝦外層食落係好有層次嘅酥脆感，蝦肉亦夠爽彈☺️❤️ 
*
< 𝗣𝗔𝗦𝗧𝗔 >
•龍蝦茄醬黑松露寬麵(+$68)
•意大利紅蝦辣肉貓耳朵麵 (+$30)
•慢煮牛面頰寬帶麵

頭兩款係今月限定Pasta😎 必試龍蝦茄醬黑松露寬麵！自家製寬麵加入左黑松露，所以食落帶陣陣松露香，配上香濃嘅龍蝦茄醬以及大大條嘅龍蝦尾，超滿足的🦞 
紅蝦辣肉貓耳朵麵，用上招牌辣肉醬+龍蝦茄醬，貓耳朵完美掛滿醬汁，裏面亦搵到唔少爽彈嘅蝦肉😍
慢煮牛面頰寬帶麵每次必點，原因不用我解釋了吧😎🤭
*
< 𝗗𝗘𝗦𝗦𝗘𝗥𝗧 >
•伯爵茶意式奶凍配荔枝爆珠
•提拉米蘇

奶凍嘅茶香幾突出，但會偏甜左啲，搭配嘅荔枝爆珠竟然唔會太甜，仲幾香荔枝味✨
-
PICI各分店有售"
,港島香格里拉大堂酒廊,金鐘,西式,400-500,打卡必到,「香格里拉夢幻號」花樂園下午茶、火腿配蜜桃及開心果多士、朱古力柑橘花、英式鬆餅配忌廉及果醬,https://www.instagram.com/p/DM41cM_xWTz/,DM41cM_xWTz,,"🚃私隱度MAX! 復古電車嘆鮮花下午茶🌼
-
地區分類：#fca_金鐘
-
如果想真正嘆一個如何為「貴婦下午茶」，依到就啱了🤭❤️ 位於港島香格里拉大堂，除左有現場奏樂，仲可以作「香格里拉夢幻號」- 復古電車上嘆個鮮花下午茶💐 雖然唔係平時嘅三層架，但換來就係唔少detail位！層架係用鮮花包圍，甜點絕對係酒店水準✨ 加上獨立包廂，私隱度高，點影相/傾幾耐都冇問題，咁先係嘆Afternoon Tea嘅正確態度～
-
🪴 𝐆𝐚𝐫𝐝𝐞𝐧 𝐨𝐟 𝐏𝐚𝐫𝐚𝐝𝐢𝐬𝐞 𝐀𝐟𝐭𝐞𝐫𝐧𝐨𝐨𝐧 𝐓𝐞𝐚
 「 香格里拉夢幻號 」花樂園下午茶 ($988/2 pax)*

*日期：星期一至五 (下午3時至5時)
*日期：星期六、日及公眾假期
  首輪用餐: 下午2時至3時45分
  次輪用餐 : 下午4時至5時30分

(🔔網上預訂*花樂園下午茶*可享$$888–> $799/2位優惠，DM我哋拎訂位資訊～)
-
< 𝗦𝗮𝘃𝗼𝘂𝗿𝘆 >
•火腿配蜜桃及開心果多士
•龍蝦牛油果卷
•吞拿魚韃靼配魚子醬

鹹點嘅Size掌握得幾好😌 個人最愛火腿配蜜桃及開心果多士，外層酥皮超香脆的！整個組合亦不會太膩～
*
< 𝗦𝘄𝗲𝗲𝘁𝘀 >
•朱古力柑橘花
•日本香桃

可以係5款甜品中自選2款甜點～ 朱古力柑橘花造型好精緻，用一塊塊朱古力花瓣堆砌而成，朱古力味濃郁，散發陣陣柑橘花清香✨ 日本香桃味道自然香甜，甜度balance，做得幾輕盈🍑 整體甜品絕對係酒店質素，如果可以揀4款口味再Share會更加開心🤭❤️
*
< 𝗦𝗰𝗼𝗻𝗲𝘀 >
•英式鬆餅配忌廉及果醬
質感做到外脆內濕潤，加上香滑忌廉，高分之作💯
*
< 𝗦𝗵𝗮𝗻𝗴𝗿𝗶-𝗟𝗮 𝗧𝗲𝗮 𝗼𝗿 𝗖𝗼𝗳𝗳𝗲𝗲 >
•精選香格里拉茗茶或咖啡及兩杯氣泡茶
•Laurent Perrier粉紅香檳 ($330/2 Gls)
-
港島香格里拉大堂酒廊 (金鐘)
金鐘金鐘道88號太古廣場港島香格里拉6樓"
,天然豚骨拉麵專門店一蘭,尖沙咀、銅鑼灣、旺角,日本料理,,深夜食堂,辣味燉煮豚肉丼飯、蒜香叉燒拌麵,https://www.instagram.com/p/DNSnEbCREeI/,DNSnEbCREeI,,"🍜 40秒解鎖! 一蘭拉麵隱藏食法✨
-
講起宵夜時段食拉麵，一定唔少得依間開始凌晨三點嘅一蘭拉麵🥹❤️ 作為一蘭嘅小粉絲，食過咁多次，當然有自己嘅隱藏食法！今次用齊10款追加配料，帶大家輕鬆自製蒜香叉燒拌麵 + 辣味燉煮豚肉丼飯，打造雙倍碳水嘅快樂感，嚟個宵夜大Upgrade‼️
-
🐖 辣味燉煮豚肉丼飯
所需配料：燉煮豚肉、半熟蛋 (半隻)、辣粉、紫菜、香蔥
 
🥢 蒜香叉燒拌麵
所需配料：叉燒、黑木耳、半熟蛋、蒜泥、紫菜、香蔥、特製醋、拉麵豚骨湯
-
食完仲可以係出面扭蛋，將一蘭場景模型帶返屋企😛 唔少得一系列嘅包裝拉麵，已經買咗唔少返屋企自己煮嚟食～
-
📍天然豚骨拉麵專門店一蘭 
尖沙咀棉登徑8號地庫B號舖及地下入口大堂
銅鑼灣謝斐道440號駱克大廈A座地下F-|號舖
旺角洗衣街88號碧薈地下B號舖"
,Uncle Quek,中環,東南亞菜,158,打卡必到,麥皮炸雞、龍蝦喇沙、美祿恐龍,https://www.instagram.com/p/DNAsWHnBQh0/,DNAsWHnBQh0,,"🇸🇬中環$158嘆米芝蓮出品東南亞菜🥢
-
地區分類：#fca_中環 
-
中環上班族留意喇～ 最近又多左個高質Lunch  Spot，仲係要由米芝蓮1星新加坡菜餐廳Whey主廚Barry坐鎮😱❤️ 最重要係Lunch Set只係$158起就食到米芝蓮質素嘅東南亞美食，加上Bar枱位望到Open Kitchen，成個Feel又幾Chill嘅～
-
🥢 𝐔𝐧𝐜𝐥𝐞 𝐐𝐮𝐞𝐤 𝐬𝐞𝐭 𝐌𝐞𝐧𝐮 ($158/pp)*
* 套餐包含頭盤、主食、飲品 各一款
*12-6PM 供應 (星期日除外)
-
< 𝗦𝗧𝗔𝗥𝗧𝗘𝗥 >
•麥皮炸雞 (+$28)
•雞肉沙嗲(+$28)
•肉骨茶(+$28)

麥皮炸雞有驚喜‼️經過兩次油炸，塗上蜂蜜醬，外層沾上咖喱葉香脆麥皮，超級脆口的！肉骨茶嘅配料亦非常豐富，香菇完美吸收湯汁🍄‍🟫 入口係爆汁感覺！
*
< 𝗠𝗔𝗜𝗡 >
•香辣豬肉丸肉脞拌麵
•龍蝦喇沙 (+$38)
•叁巴龍蝦法包 (+$38)

彌補未在新加坡吃過肉脞拌麵嘅遺憾🤭 配料比想像中豐富，集齊肉丸、肉脞、香菇、豬油渣等，麵條亦夠爽彈！龍蝦喇沙必點是常識吧，蝦湯經過3小時熬製，帶陣陣香料及椰奶香，辣味適中～ 這裏用上瀨粉，口感滑溜，但就唔係好掛湯🤔 叁巴龍蝦法包，裏面係滿滿嘅龍蝦肉，加上惹味叁巴醬，可惜位係法包質感味道略嫌普通🦞🥖
*
< 𝗗𝗥𝗜𝗡𝗞 >
•黑咖啡 (+$15)
•美祿恐龍 (+$20)

每次去新加坡都會飲返杯嘅美祿恐龍🤎🦖 真係最重要個羹煉奶，加上面層嘅美祿粉，Perfect!
-
Uncle Quek (中環)
中環擺花街8號6樓"
,口利福,中環,中菜,528,打卡必到,炭火蜜汁黑豚叉燒,https://www.instagram.com/p/DNVMb2YRUnw/,DNVMb2YRUnw,,"🀄️八月快閃優惠! 三訪招財貓粵菜廳🥢
-
地區分類：#fca_中環 
-
如果大家有睇開米紙，應該有印象依一位80後女主廚✨ 其實除咗影片內提及嘅「平靚正」大排檔，Ar Chan同時主理依一間新派中菜廳！店內以懷舊香港電影為靈感，一入門口嘅100+招財貓夠哂搶眼！平時餐廳剩係得單點，最近八月有快閃優惠𝐏𝐥𝐚𝐭𝐞𝐝 𝐌𝐞𝐧𝐮，食足8道菜，食匀多道招牌菜式夠哂抵玩，其中包括極品炭火叉燒🔥 睇完片想試吓Ar Chan嘅手勢絕對係最佳時候～

留言「❤️」直接DM你優惠訂位資訊～
-
🥢 𝐏𝐥𝐚𝐭𝐞𝐝 𝐌𝐞𝐧𝐮 ($528/pp)*
*八月內逢星期一至二供應
-
•椒鹽金磚豆腐
•主廚精選點心
•陳蒜豉油粉絲蒸蟶子皇
•炭火蜜汁黑豚叉燒
•薑蔥頭抽蒸海鱸魚柳
•主廚精選時蔬
•日本越光香米飯
•「鴛鴦」- 奶茶意式雪糕咖啡刨冰 (+$88)
-
口利福 (中環)
中環蘇豪伊利近街1-5號地舖"
,Fumi Joe,中環,日本料理,538,打卡必到,北海道原產鳕場蟹腳、A4熊本和牛壽喜燒小鍋、白燒鰻魚,https://www.instagram.com/p/DON0yjRk0hC/,DON0yjRk0hC,,"🦀孝順媽媽系列! 和牛x鱈場蟹腳Brunch🐂
-
地區分類：#fca_中環 
-
望到海景嘅空中居酒屋，Brunch仲要食匀超巨型鳕場蟹腳+A4熊本和牛+任食30款日式美食😍🤭 包括刺身、壽司卷物以至炭火爐端燒～ 雖然A4熊本和牛主菜都要加錢Upgrade扣左少少分，但勝在可以慢慢食，望住個景Chill下✨
(因為我哋係八月用餐，所以菜式上可能同依家有啲分別喔～)
-
⛩️ 熊本和牛及北海道鱈場蟹腳早午餐放題 ($538/pp)*

*官網預訂可享85折優惠
*享2小時無限量暢飲香檳、紅白酒、清酒及啤酒 (+$428/pp)
*逢星期六、星期日及公眾假期 12-3PM供應
-
< 特別推介 >
•北海道原產鳕場蟹腳及磯煮鮑魚冷盤一份
足半KG蟹腳‼️ 長過手臂，仲要好厚肉，食得出蟹肉嘅鮮味，啖啖肉好滿足🦀
*
< 刺身 >
•劍魚腩
•油甘魚
•三文魚
•八爪魚
•帆立貝
•馬刀貝
*
< 前菜 & 卷物 >
•唐揚炸珍珠蟹
•唐揚炸雞
•A4和牛壽喜燒卷
•辣油甘魚三文魚卷
•炸蝦天婦羅卷
*
< 焼物 >
•鹽燒宮崎雞翼
•白燒鰻魚
•明太子翠肉瓜

💁🏻‍♀️ 由前菜、刺身、卷物以至燒物，餐廳都會一次過出哂先，有啲咩特別唔鐘意食可以講定先～ 重點推介佢哋嘅刺身，因為做開壽司日本菜，所以刺身有返咁上下質素！
焼物亦大推，用上炭火爐端燒，可以Encore 宮崎雞翼 & 燒鰻魚，外層燒得金黃香脆🔥
*
< 主菜 >
•A4熊本和牛鐵板燒 ($58)
•A4熊本和牛壽喜燒小鍋 ($48)

每人主菜8選1🥢 如果要食A4熊本和牛就要加錢Upgrade了～ 和牛鐵板燒嘅和牛偏厚切，所以油脂感會更明顯！個人會更愛和牛壽喜燒小鍋，完美吸收甜甜壽喜燒湯汁精華！
*
< 甜品 >
•廚師精選甜品盤一客
-
Fumi Joe (中環)
中環蘭桂坊德己立街30-32號加州大廈23樓"
,紅粧蜀語,銅鑼灣,中菜,300-500,大班聚會,麻婆豆腐、辣子通心燻鰻、宮保脆茄蝦球、招牌酸湯東升斑,https://www.instagram.com/p/DNDLNKeBR1J/,DNDLNKeBR1J,,"🔥兩大名廚坐鎮! 經典川菜Giveaway🥢
-
地區分類：#fca_銅鑼灣
-
鍾意食辣，而且對辣有要求嘅朋友仔就要留意啦😎🌶️ 依家喺銅鑼灣新開嘅川菜館，真係會刷新大家對川菜嘅認知～ 完全唔係平時大家出面食到嘅死辣，用上40多款來自四川地道嘅香料，炮製出深層次嘅辣度！好耐未食啦，食得咁過癮🤭 去到一定要試佢哋嘅麻婆豆腐 以及辣子通心燻鰻，保證試完一定會再回訪～
-
•傳統口水雞 ($128)
•現磨貢布胡椒酸辣湯 ($88/位)

口水雞做到皮爽肉嫩，辣味算係偏温和，所以食得好舒服🐓🌶️
酸辣湯同以往飲到嘅唔同，用上即磨柬埔寨貢布胡椒，飲落嘅辣度係非常舒服暖胃🔥 
*
•宮保脆茄蝦球 ($288)
•辣子通心燻鰻($388)
•招牌酸湯東升斑 ($588)

三款海鮮菜式都超有驚喜‼️ 宮保脆茄蝦球嘅外層做到薄而脆，虎蝦肉亦非常爽彈，但意外MVP竟然係茄子，外層香脆但內裏充滿水份🤭
辣子通心燻鰻以古法去煙燻本地白鱔，再釀入豆瓣醬醃製嘅大腸內，絕對係心機手工菜！口感做到外脆內嫩，辣度係越嚟越辣個隻，非常香口過癮～
招牌酸湯東升斑嘅湯底非常酸爽開胃，最重要係魚肉份量好多，食落非常Q嫩🐟❤️
*
•麻婆豆腐 ($128)
•成都擔擔面 ($68)

中菜嘅白飯小偷非麻婆豆腐莫屬🤭🍚 嫩滑豆腐，加上郫縣豆瓣醬及刀口辣椒醬嘅紅油，入口麻香十足；成都擔擔面嘅醬汁加入了芝麻醬、花生醬以及花椒等多款香料，唔係出面好重芝麻醬個隻，反而依款會食得更舒服，香辣唔會膩😗🥢
*
•特色甜糕拼盤 ($68)
•金柚藍冰粉 ($48)

甜糕每個都超精緻的✨ 裏面包括了紅棗糕、桂花糕、南瓜糕以及綠豆糕，最重要係符合香港人食甜品嘅標準，唔太甜🙂‍↕️❤️ 冰粉也超值得一試的
———————————————————————
📅遊戲日期：7-12/8/2025
 -
🥇頭獎x1: $1200消費額 (可帶朋友一同享用)
-
📍換領地點
紅粧蜀語 (銅鑼灣)
銅鑼灣登龍街1-29號金朝陽中心二期 - Midtown27樓
-
參加方法:
1.Follow 
@sichuan.rouge
@foodcafealcoholic 
2.Like依張相❤️
3.留言tag一位朋友仔👫
-
‼️依家cap埋個post上自己story並tag埋我哋2個嘅IG page 即增加10次中獎機率！🍔會mark低你哋個名再入機抽‼️
-
留言次數不限，越留得多中獎機會就越大😍 截止後會係IG story公佈結果！若中獎者必需顯示已follow 以上IG, 係通知後一日內未有回覆，將會重新抽過🙇🏽‍♂️ 
中獎名單記錄請查看IG story Highlights！
-
Foodcafealcoholic  及 @sichuan.rouge 保留最終決定權"
,TANGRAM,灣仔,西式,1188,拍拖約會,海膽芝士蛋糕、西京燒鱈魚、和牛牛柳、香炸田螺番茜丸子,https://www.instagram.com/p/DNYEpxuReB9/,DNYEpxuReB9,,"✨兩大酒店合作! 法式四手聯乘晚宴🍷
-
地區分類：#fca_灣仔
-
Aki酒店與The Silveri首次合作，兩位主廚分別來自TANGRAM 嘅Chef  Hubert以及 The Enclave 嘅Chef Fai，四手聯乘打造嘅8道菜晚宴，融合唔少法式創新元素✨ Menu雖然只係限定兩日，但有唔少菜式都可以係返兩間餐廳都揾到，例如今次幾有驚喜嘅海膽芝士蛋糕就可以係Enclave揾到☺️❤️
-
🥂 𝟐 𝐌𝐆𝐚𝐥𝐥𝐞𝐫𝐲 𝐅𝐨𝐮𝐫 𝐇𝐚𝐧𝐝𝐬 𝐃𝐢𝐧𝐧𝐞𝐫 ($1188/pp)*
*24 July 2025
*31 July 2025
-
•香炸田螺番茜丸子
•龍蝦雞尾酒沙律，大澳XO醬
*
自製麵包·紫菜牛油·羅斯科夫洋蔥牛油
*
•酸橘汁醃帶子
•香煎鵝肝·羊肚菌·蘆筍
*
•西京燒鱈魚
•和牛牛柳·千層薯·砵酒汁
*
•海膽芝士蛋糕·椰子雪葩
•松露

Throughout 成個Menu，一開始由Hubert 主廚製作嘅炸田螺番茜丸子幾有驚喜，外層酥脆而且幾香番茜味；主菜和牛牛柳好粉嫩，溫度拿捏得剛剛好！甜品係松露造型嘅慕絲蛋糕，松露嘅香味拿捏得剛剛好，唔會太Overpowering 🖤
最愛鄭主廚一開始present嘅龍蝦雞尾酒沙律，配上大澳XO醬嘅鹹香幾開胃🤤 西京燒鱈魚嘅自家京都風味味噌幾出色，香味不膩，魚肉近乎入口即化！之前都有食過用海膽入饌嘅甜品，依道海膽芝士蛋糕嘅海膽與芝士嘅比例拿捏得剛好，而且兩個味道又係意外地match嘅🤭
-
TANGRAM (灣仔)
灣仔謝斐道239號香港明怡美憬閣精選酒店2樓"
,CENSU,中環,日本料理,688-1088,打卡必到,海膽豆腐、三黃雞杯烏冬、片皮鴨版燒鳥串、開心果千層酥,https://www.instagram.com/p/DMukf1qBMxy/,DMukf1qBMxy,,"🇯🇵一齊食Cup Udon! 人氣新派居酒屋☀️
-
地區分類：#fca_中環 
-
中環唯一一間會令我無限回訪嘅居酒屋🏮 每次去都見日籍總廚佐藤峻* (影片更正) @shuna3faith 坐鎮，完全係信心嘅保證！菜式以日式Fusion為主。而今個夏天更推出一系列新菜式，由刺身、鹹食、揚物、串燒以至甜品都有‼️ 配埋佢哋一系列特調Highball，Sake等，真係附近一帶上班族放工聚腳嘅寶藏店！
-
✨𝗘𝗔𝗥𝗟𝗬 𝗕𝗜𝗥𝗗 Omakase (Mon-THU) $688/pp
✨𝗧𝗔𝗞𝗘 Omakase $888/pp
✨𝗨𝗠𝗘 Omakase $1088/pp
-
< 𝐒𝐀𝐒𝐇𝐈𝐌𝐈 生 >
•Isaki Sashimi
•Snapper 2.0 
•Seafood Tartare 
•Uni Tofu

依度嘅刺身一向都係其中一個MVP位‼️ 個人最愛一定係原個海膽豆腐，面層放上滿滿嘅海膽以及三文魚子，配埋下層香滑嘅海膽豆腐，一口爆鮮!!! 
*
< 𝐒𝐀𝐕𝐎𝐔𝐑𝐘 旨 >
•Cous Cous Salad
•Ika Salad
•Shine Muscat Burrata
•Prawn Gyoza
•Foie Gras 

Cous Cous沙律有驚喜🤫 裏面混合八爪魚以及牛舌粒，加埋香草柚子蛋黃醬一齊食，係會食唔停口嗰隻～ 小清新嘅有麝香提子水牛芝士🤍 之前食嘅係菠蘿版本，今次用上麝香提子，搭配檸檬蜂蜜醬，香甜味會更加出！
*
< 𝐆𝐑𝐈𝐋𝐋 炭 >
•Yakitori
•Baby Legs
•Hamachi Kama 

最印象深刻一定係片皮鴨版燒鳥串，用平時食開嘅片皮鴨嘅餅皮，包住燒鳥以及雞肝醬一齊食，用紫蘇葉balance返成個味道，整體幾過癮🤭 放滿鰹魚碎嘅熟成鵪鶉腿，外皮香口，但肉質超嫩的!!!
*
< 𝐆𝐑𝐀𝐈𝐍 〆>
•Censu Cup Udon 1.5
三黃雞杯烏冬❤️🥢 上年都試過，但今次用杯裝住也太可愛了吧!!! 烏冬口感一貫地煙韌，加上辣味芝麻醬、蛋漿以及清爽嘅西洋菜，食完都唔會太Heavy~
*
< 𝐃𝐄𝐒𝐒𝐄𝐑𝐓 菓 >
•Peach Oolong Tea Ice Cream

•Pistachio Dango 
開心果千層酥！自家製千層酥皮，夾住香濃嘅開心果白朱古力Mascarpone慕絲 & QQ的招牌白玉小丸子 🍡 加上少許車厘子醬作點綴，這甜品也愛了！
-
CENSU (中環)
中環歌賦街28-30號地舖"
,普慶餐廳,佐敦,自助餐,261-477,大班聚會,生蠔、逸東軒燒味、陳皮蒸鮮鮑、香烤有骨肉眼、Movenpick雪糕配即炸Churros,https://www.instagram.com/p/DMcibVYB-nV/,DMcibVYB-nV,,"🔥買一送一! $4xx嘆超人氣普慶自助餐🍴
-
地區分類：#fca_佐敦
-
40秒帶你睇全港最受歡迎自助餐重點位！食匀生蠔、米芝蓮1星燒味、蒸鮑魚、海東斑、12款口味Movenpick雪糕等，任飲紅/白/啤酒，仲有甘魚解體Show睇😱❤ 入座即送牡丹蝦刺身(星期一至四)/拖羅刺身(星期五至日及假日)同主菜香烤龍蝦尾一客！買一送一優惠後，午市低至$261/位，晚市低至$441/位，認真抵玩！

留言「❤」直接DM你買一送一優惠訂位連結
-
🍴味覺三重盛宴自助晚餐
‼️［買1送1］星期一至四，網上預付$882 (平均$441/位，已連服務費)*
‼️［買1送1］星期五至日，網上預付$954 (平均$477/位，已連服務費)*

💁🏻‍♀須於𝐎𝐩𝐞𝐧𝐑𝐢𝐜𝐞網上預付方可享用優惠
開賣日期:即日至27/7/2025 
可訂座日期:即日至14/8/2025
-
< 海鮮/刺身 >
•生蠔/松葉蟹蟹腳/麵包蟹/青口/小龍蝦/蜆
•三文魚/劍魚/吞拿魚/赤蝦/帶子
•油甘魚現場解體表演

唔使講都知要主攻生蠔🦪 當日係來自紐西蘭，肉質係偏爽口嗰隻！雖然冇龍蝦，但係就有爆膏嘅麵包蟹🤭 以海鮮款式選擇嚟講真係唔少！刺身就正常發揮，比較特別嘅係7:30會有油甘魚解體Show，睇完仲有油甘魚刺身食！
*
< 烤肉𝗟𝗶𝘃𝗲 𝗦𝘁𝗮𝘁𝗶𝗼𝗻 >
•香烤有骨肉眼
•香烤豬腩卷
•香烤有骨蜜汁火腿

一入門口已經見到超吸引嘅烤肉Station🍖 三款嘅質素都唔錯，肉眼扒夠粉嫩，最重要係醬汁選擇都唔少～
*
< 即炸天婦羅 & 日式燒物 >
好少見酒店有專係即炸天婦羅 & 串燒Corner 🔥 即炸天婦羅，包括蝦、紅鯛、蕃薯、三文魚皮和芋頭，另外燒三文魚頭、多春魚、雞翼、雞軟骨 & 粟米等都食到!!!! 配啤酒真係一流🍻
*
< 熱葷 >
•逸東軒燒味
•片皮鴨
•陳皮蒸鮮鮑
•荷葉蒸鮮蝦
•清蒸海東星

另一亮點一定係可以任食米芝蓮1星逸東軒嘅燒味😍 主攻叉燒 & 燒腩仔，超高質！片皮鴨係快閃形式；另外唔好錯過蒸鮑魚以及鮮蝦，亦係秒清之選！
*
< 甜品 >
•12款口味Movenpick
•原個蛋糕/小甜品
•即炸Churros

甜品方面最搶眼一定係有成12款口味嘅Movenpick雪糕櫃🥹❤ 有冇人都好鐘意椰子 & 意大利奶凍？識玩一定配埋佢哋即炸Churros一齊食！原個蛋糕當日有黑森林 以及芒果慕絲蛋糕～
-
普慶餐廳 (佐敦)
佐敦彌敦道380號香港逸東酒店B1樓"
,唐人館,中環,中菜,,大班聚會,炭香斬料肥叉、三十五年東甲老陳皮吊燒琵琶鴿、二十八頭南非吉品鮑,https://www.instagram.com/p/DMklksPhLwe/,DMklksPhLwe,,"🥢半價嘆吉品鮑! 超正叉燒+吊燒琵琶鴿✨
-
地區分類：#fca_中環 
-
依間由美食家林建岳博士創辦嘅高級中菜廳竟然難得做優惠✨ 適逢麗新餐飲18周年，一系列餐廳都有限時優惠；唐人館嘅二十八頭南非吉品鮑、辣辣辣辣海釣小黃魚 以及鮮人參雪蓮子香瓜燉官燕做緊50% OFF 😱❤️ 當然把握機會試下!!! 

*指定菜式半價優惠，需提前預訂。優惠適用於星期一至五晚市及星期六、日全日。
-
< 精 • 始筵 >
•椒醬花參海味 ($288)
•雙味冰皮雞 ($288)
•話梅皇醃雲南樹蕃茄 ($98)
•黑金孜然一口豆腐 ($88)

個人最愛椒醬花參海味，將花膠&海參兩款口感QQ的食材放在一起，食落帶陣陣椒醬香，幾惹味！另外第一次試雲南樹蕃茄，味道竟然近似芒果，加上席前刨上嘅話梅粉，酸爽開胃🙂‍↕️
*
< 炙 • 火煉 > 
•炭香斬料肥叉 ($388)
其中一道MVP‼️ 完美嘅半肥瘦叉燒，外層帶誘人嘅焦脆感；用上備長炭煙燻過，入口散發濃郁炭香🔥 肉質軟腍，油脂位入口即化，絕對係高分之作！

•三十五年東甲老陳皮吊燒琵琶鴿 ($288)
另一道必試菜式🥢 以自製35年東甲老陳皮醬醃製12小時，可以吊燒嘅方式即叫即燒，真係離遠都聞到陳皮嘅香味！外皮做到好脆口，乳鴿肉亦保留不少肉汁，食落內外都散發陳皮香🤭 (我可以食十隻)
*
< 氣 • 養生 >
•野生西藏冬蟲草燉肉汁 ($488/位)
*
< 烹 • 廚藝 >
•二十八頭南非吉品鮑 ($588–>$294/位)
•辣辣辣辣海釣小黃魚 ($188–>$94)

半價食南非吉品鮑真係冇得輸🤫 有成4個辣嘅原條小黃魚，外層沾滿辣椒粉，食食下連鼻水都流埋，鐘意食辣嘅朋友一定過到口癮🤘🏻
*
< 蔬 • 時令 >
•雞汁慢煮日本大根 ($98)
*
< 稻 • 五穀 >
•八珍甜醋豬腳薑炒飯 ($288/例)
香港人熟悉嘅八珍甜醋味道，加入炒飯裏面甜甜的原來唔錯🤤 裏面有唔少甜薑粒 & 豬腳粒～
*
< 蜜 • 甜沁 >
•鮮人參雪蓮子香瓜燉官燕 ($288–>$144/位)
飲落好清甜，仲有一絲絲嘅官燕，女士們啱哂🥄
-
唐人館 (中環)
中環皇后大道中15號置地廣場中庭4樓411-413號舖"
,無限拉麵,灣仔,日本料理,100-200,打卡必到,特製牛骨白湯拉麵,https://www.instagram.com/p/DMPp1pdhH3M/,DMPp1pdhH3M,,"🥢試業實測! 大阪人氣牛骨白湯拉麵登港🐂
-
地區分類：#fca_灣仔 
-
之前去大阪冇機會食，依家終於開到去香港🥹❤️ 依間主打牛骨白湯嘅拉麵店，首間海外分店已經喺尋日靜靜地係灣仔試業~ 可能未係咁多人知，所以就算lunch Time都唔使排好長隊 (之後真係唔知啦🤭) 最平$98一碗就食到，講真係湯底係真心正!!! 誘人嘅奶白色，面層仲有層Foam，濃而不膩，食厭咗雞白湯/豚骨湯嘅朋友仔絕對建議你哋一試!!!
-
•特製牛骨白湯拉麵 ($168)
第一次嚟一定要試!!! 用上大量牛骨長時間熬煮嘅湯底，湯面有一層細緻泡沫，湯底呈奶白色而且質感綿滑，入口相當濃厚😍 感覺上比豚骨湯冇咁膩～ 用上相對較幼嘅拉麵，掛湯力亦在線上！碗邊掛滿薄切嘅粉嫩西冷牛肉，肉香十足，建議可以浸一浸湯再食！
*
•牛骨麻辣叉燒拉麵 ($108)
本身對日本拉麵嘅辣度冇乜期望，但依個又幾有驚喜😎🌶️ 面層有唔少辣肉碎，辣度剛好，過到辣癮之餘唔會太大負擔！同樣用上牛骨白湯做Base，加入加辣椒 & 花椒等香料，係比較有層次嘅辣～ 叉燒入味，選係幾軟腍，正常發揮啦🙂‍↕️
*
•日式特製和牛丼飯 ($28)
-
無限拉麵 (灣仔)
灣仔皇后大道東130號地下"
,綠茶餐廳,黃竹坑,中菜,100-200,打卡必到,龍井烤雞、粉絲裹蝦、麵包誘惑,https://www.instagram.com/p/DMAhn3uhpab/,DMAhn3uhpab,,"🍃「龍井問茶」主題! 人龍浙江菜登陸黃竹坑🥢
-
地區分類：#fca_黃竹坑
-
最近THE SOUTHSIDE多左條人龍，原來係人氣浙江菜- 綠茶，又開新分店了！今次唔同嘅係以「龍井問茶」為主題嘅全球首間概念店😱❤️ 用上杭州西湖龍井茶文化為靈感，中間嘅亭台用餐區夠唔有Feel，出面仲有古箏現場表演~ 除此之外，餐廳再度與米芝蓮星級名廚俞斌聯手，打造一系列夏季限定菜式，令大家有一個全新嘅體驗~
-
< 綠茶經典 >
•龍井烤雞 ($138)
•粉絲裹蝦 ($108)
•麵包誘惑 ($68)

每次必點嘅3款餐廳名物🌟 龍井烤雞用上浙江龍井茶嫩芽烤薰，所以三黃雞嘅外皮除咗金黃香脆之外，仲散發住陣陣茶香！粉絲裏蝦啲精華完全係啲粉絲裏面，完美吸收蝦嘅鮮味以及洋蔥嘅香味🙂‍↕️❤️ 至於甜品- 麵包誘惑，聽說年售超過6百萬!!! 烤得金黃酥脆嘅吐司，配上香滑嘅雲呢拿雪糕，冰火交融，每次都要食返個先夠滿足🍨🍞
*
< 仲夏鮮語 >
•綠茶蔥香烤豬頸肉 ($108)
•綠蔥油汁萵筍 ($58)
•翠舟蝦劃 ($88)

由米芝蓮星級名廚俞斌親研夏季菜式🌿 個人私心推介綠蔥油汁萵筍，擺盤精美而且味道清爽；烤豬頸肉用上蔥香茶葉烤製，肉質爽彈幾惹味！至於翠舟蝦劃，即係秋葵釀蝦肉，帆船造型寓意寓意一帆風順⛵️✨
*
< 香港限定 >
•筆墨酥香 ($48)
•西湖雷峰塔 ($28)

又食得又可以打卡嘅2款香港限定菜式🤩 以文房四寶為靈感嘅筆墨酥香，毛筆原來係炸得酥脆嘅白豆沙，沾上朱古力醬做嘅墨汁，隨時表演寫返個大字都仲得🤭 用淡奶油做嘅雪西湖雷峰塔，好有意境，唔影多幾張相真係對唔住自己～
*
< 潤飲江南 >
•龍井檸檬茶 ($28)
•紅寶石琉璃 ($28)

兩杯都非常適合夏天飲！個人會比較推薦龍井檸檬茶，綠茶+青檸🍋‍🟩 清爽解膩！
-
綠茶餐廳 (黃竹坑)
黃竹坑香葉道11號THE SOUTHSIDE 3樓301號舖"
,大灣咖啡廳,紅磡,自助餐,517-838,打卡必到,榴槤焦糖燉蛋、時令新鮮榴槤拼盤、泰式榴槤青芒蟹肉沙律,https://www.instagram.com/p/DMpaVUhB3ZC/,DMpaVUhB3ZC,,"✨榴槤控再訪! 榴槤主題自助餐Giveaway✨
-
地區分類：#fca_紅磡
-
今次再訪 @kerryhotel，因為佢哋嘅榴槤主題自助餐再度回歸了‼️ 同樣快閃2個月，除咗有一系列菜式採用左榴槤入饌之外，當然唔少得每人會有一盤榴槤嘗味拼盤，有機會試匀貓山皇、D24等人氣榴槤款式🤭 最後當然要留返個肚食埋榴槤甜品 (週末下午茶同樣品嚐到🔥 ) 依加仲有低至7折優惠，鍾意食榴槤嘅朋友仔就把握機會唔好錯過喇～
-
🌴「盛夏榴槤狂熱」自助晚餐
日期: 即日至2025年8月31日
時間: 下午6時至下午9時30分
價目: 星期一至星期四 - 每位HKD 738–>$516.6*
星期五至星期日 - 每位HKD 838–>$586.6*

*從酒店網上商店購買可享7折優惠, 另收以原價計算之加一服務費
-
< 重點榴槤菜式 >
•泰式榴槤青芒蟹肉沙律
•榴槤咖喱海鮮煲
•慢烤肋條配榴槤燒烤醬
•榴槤薄餅
•炸榴槤波
*
< 時令新鮮榴槤拼盤 >
星期一至四可享3款精選榴槤；星期五至日則可品嚐4款❤️ 當日有貓山皇、紅蝦、老樹 以及期間限定款～ 
*
< 榴槤甜品 >
•榴槤炸鮮奶
•榴槤巴斯克芝士蛋糕
•泰式榴槤椰奶芋圓
•榴槤泡芙
•榴槤焦糖燉蛋
•榴槤法式布甸
•榴槤糯米糍
•椰汁糯米飯配榴槤醬

一系列榴槤甜品，大推榴槤焦糖燉蛋，即席燒焦糖面；而甜品就已經有10+款甜品選擇，當然唔少得Gelato雪糕櫃，有成8款口味，當中白桃 / 雜莓 / 香蕉百香果雪葩夠哂清新解膩！
———————————————————————
�遊戲日期：27-31/7/2025
 -
🥇頭獎x1: 雙人星期五至日晚市自助餐x1
🥈二獎x1: 雙人榴槤下午茶自助餐x1
-
📍換領地點
大灣咖啡廳 (紅磡)
紅磡紅鸞道38號香港嘉里酒店3樓
-
參加方法:
1.Follow 
@kerryhotelhk
@foodcafealcoholic 
2.Like依張相
3.留言tag一位朋友仔
-
依家cap埋個post上自己story並tag埋我哋2個嘅IG page 即增加10次中獎機率！會mark低你哋個名再入機抽
-
留言次數不限，越留得多中獎機會就越大📌 截止後會係IG story公佈結果！若中獎者必需顯示已follow 以上IG, 係通知後一日內未有回覆，將會重新抽過‼️中獎名單記錄請查看IG story Highlights！
-
Foodcafealcoholic  及 @kerryhotelhk 保留最終決定權"
,"The Ballroom, The Mira Hong Kong",尖沙咀,自助餐,588-838,大班聚會,榴槤拼盤、任食貓山王D197、白咖哩鮮蝦魚蛋麵、雞肉沙爹串、貓山王榴槤D197布甸,https://www.instagram.com/p/DMhfM5qhU5P/,DMhfM5qhU5P,,"✨限定3日! 任食榴槤+ 大馬主題自助餐🇲🇾
-
地區分類：#fca_尖沙咀
-
奢華榴槤薈一連3日回歸The Mira！除左每人一份榴槤拼盤，食到松鼠王榴槤、黑刺等稀有榴槤，仲可以任食貓山王榴槤D197及另外三款人氣品種😱‼️ 同場仲有六個街頭美食攤位現場炮製一系列馬來西亞街頭美食！各位榴槤控就要把握機會啦～
-
🇲🇾品味大馬第二浪・熱帶風情・奢華榴槤薈*
* 2025年7月30日至8月1日 (晚上6時30分至10時)
* HK$838（成人）/ HK$588（小童）
-
< 榴槤拼盤 >
入座首先每人一份榴槤拼盤🫢 一次過食匀松鼠王 D214、貓山王 D197、黑刺D200、山頂XO D24 & 江海 D1! 
*
< 無限暢嚐4款榴槤 >
•貓山王D197* (固定款)
•青皮 D145
•山頂XO D24
•紅肉 D101

即開貓山王榴槤任食🔥 仲有另外3款榴槤品種都係任食!!! 個人一向最愛D24，甜度剛好，帶點酒香；紅肉就會帶點焦糖香味！真係食多幾轉秒速回本~ 
*
< 馬來西亞街頭小食 >
•肉骨茶
•煎生蠔餅
•白咖哩鮮蝦魚蛋麵
•雞及牛沙爹串
•馬來西亞雞飯

一共有6個檳城街市風格嘅即席烹飪台炮製地道街頭美食❤️ 重點推介白咖哩鮮蝦魚蛋麵，即叫即煮，湯底帶陣陣咖哩嘅香料味，配料都幾豐富！瘋狂Encore嘅雞肉沙爹串，加埋自家沙爹醬好惹味！
*
< 馬來西亞x榴槤甜品 >
•金鳳凰榴槤D198泡芺
•貓山王榴槤D197布甸
•榴槤D24蛋撻
•榴槤D24奶油煎餅
•榴槤D24香草奶酪餅
•榴槤D24麻糬
•班蘭椰汁層糕
•糯米椰絲球
•娘惹珍多冰

可以直衝貓山王榴槤布甸，超級濃厚榴槤味，同時帶陣陣奶香🥰 整體所有榴槤甜品都幾重榴槤味，榴槤控表示滿足嘅～ 幾特別仲有娘惹珍多冰，一系列配料，包括花生、煉奶、粟米、涼粉、椰果等自由任加，啱哂依個夏天
-
The Ballroom, The Mira Hong Kong (尖沙咀)
尖沙咀彌敦道118-130號The Mira Hong Kong 18樓"
,LucAle,西營盤,西式,400-600,拍拖約會,米蘭式炸豬扒、招牌紙包海鮮手切幼麵、LucAle’s Style Tiramisù,https://www.instagram.com/p/DMVIEF6hZ38/,DMVIEF6hZ38,,"🇮🇹世一米蘭炸豬扒! 米芝蓮推介小巷意菜🍴
-
地區分類：#fca_西營盤 
-
食第一次嘅時候已經知自己會二訪，最近就算忙都忍唔住要再食佢哋嘅Pasta🥹❤️！餐廳位於小巷中間，由兩位酒店級意大利主廚坐鎮。雖然連續攞左5年米芝蓮推介 (影片文字更正)，主廚都堅持每日親身上陣！佢哋新鮮手工製意大利粉真係唔會令人失望🙌🏻 好開心今次Tiramisu仲有超大進步，香滑好高質!!!
-
< 𝗡𝗢𝗥𝗖𝗜𝗡𝗘𝗥𝗜𝗔 >
•Burrata “Deliziosa” & 24 Month Aged Parma Ham ($178/HALF)
基本上每枱都會叫嘅前菜❤️ 即叫即切，而且份量毫不手軟嘅24個月巴馬火腿，配上軟心水牛芝士，完全組合，就算半份都夠2-3人share!
*
< 𝗔𝗡𝗧𝗜𝗣𝗔𝗦𝗧𝗜 >
•Hamachi Carpaccio ($248)
油甘魚刺身，配上青瓜、菠蘿、青檸以及蔬菜雪葩🥬 整體非常清爽，完美為依個夏日而設！
*
< 𝗛𝗢𝗠𝗘𝗠𝗔𝗗𝗘 𝗣𝗔𝗦𝗧𝗔 >
•Big Raviolo Filled with Prawn Mousse, Genovese Pesto, Bisque and Lobster ($298)
XL版意大利餃子🥟 裏面包住蝦肉慕絲，配上龍蝦肉 & 淋上海鮮濃湯，再以青醬作點綴！外皮厚薄適中，整體鮮味突出😌

•Tagliolini Pasta in Paper Box ($298)
招牌紙包海鮮手切幼麵 🍴回頭率💯，再食又Keep到水準喎！手工製意粉口感充滿彈性，掛滿新鮮嘅番茄醬🥰 配料亦都唔少，有龍蝦、蝦肉以及帶子。
*
 < 𝗦𝗘𝗖𝗢𝗡𝗗𝗜 >
•Pork Chop Milanese Style ($348) 
暫時係香港食過最正嘅米蘭式炸豬扒🐖 外層炸得金黃酥脆，肉質意外地軟嫩，保留唔少肉汁之餘，整體唔會油膩😍
*
< 𝗗𝗢𝗟𝗖𝗘 >
•LucAle’s Style Tiramisù ($108)
佢哋嘅Tiramisu竟然進步左?!😱 之前食落比較厚身，今次做到輕盈軟滑，帶陣陣咖啡香味，中間加左榛子果仁，增加不少口感🥄
-
LucAle (西環)
西環西營盤第三街100號地下A號舖"
,Ralph’s Coffee,中環,Cafe,50-150,打卡必到,胡蘿蔔蛋糕 (Carrot Cake)、軟曲奇,https://www.instagram.com/p/DNQBrgoxWkK/,DNQBrgoxWkK,,"☕️美式甜品! 中環大廈隱蔽復古風Cafe✨
-
地區分類：#fca_中環 
-
應該係中環附近返工嘅人先知，原來係大廈裏面身為左一間咁有feel嘅Cafe🤭 門口企咗勁大個啤啤，咁熟面口其實係Ralph Lauren品牌嘅熊仔🐻❤️ 個人而言每日一杯咖啡是常識，但係每次去到都無啦啦食多咗件甜品，佢哋嘅軟曲奇同埋美式蛋糕真心好高質🥹 超愛Carrot Cake!!!
-
🥭芒果熱情果冰茶 ($58)
🍋白朱古力夏威夷果仁檸檬曲奇 ($48)
🍰伯爵茶檸檬蛋糕 ($78)
🥕胡蘿蔔蛋糕 ($78)
-
Ralph’s Coffee (中環)
中環遮打道10號太子大廈M樓M12-16號舖"
,Messina,中環,甜品,70-95,打卡必到,,https://www.instagram.com/p/DMfbKvnh23l/,DMfbKvnh23l,,"來都來了! 大家又會唔會「來」返杯呢？🤫
-
1 SCOOP ($70)
2 SCOOPS ($85)
3 SCOOPS ($95)
-
Messina (中環)
中環砵典乍街37-43號嘉寶商業大廈地舖"
,鐘路雞林辣炖雞湯元祖,尖沙咀,韓國菜,200-400,大班聚會,招牌蒜蓉雞湯、玫瑰醬炒年糕、醬油蟹,https://www.instagram.com/p/DMNFj3Dh-G8/,DMNFj3Dh-G8,,"🇰🇷隱藏美食! 60年元祖級蒜蓉炖雞湯🐓
-
地區分類：#fca_尖沙咀
-
今次衝住之前喺韓國食過超正嘅蒜蓉炖雞湯而來，點知發現2款隱藏版美食😱 其中一款係最近爆紅嘅玫瑰醬+炒年糕，味道真心正過出面嘅辣炒年糕!!! 另外仲有韓國必食醬油蟹，加埋一齊真係輕鬆KO一大碗飯～ 
-
•招牌蒜蓉雞湯 ($368/細)
每次都係食辣炖雞湯，但其實最Classic嘅一定係招牌蒜蓉雞湯! 除左蒜香更加突出之餘，更能飲到湯底嘅鮮味，雞肉亦嫩嫩的🙂‍↕️❤️
*
•玫瑰醬炒年糕 ($98)
最近人氣超高嘅玫瑰醬，加入番茄、忌廉等材料令醬汁厚身Creamy帶奶香😍 完美掛滿每一條煙煙韌韌嘅年糕、魚糕片、香腸以及鵪鶉蛋!!! 絕對會為依個炒年糕再訪～
*
•蟹籽紫菜飯（$70）
可以動手搓飯團之餘 (當然亦可以交比店員幫手🤣)，教埋大家隱藏食法，淋上玫瑰醬一齊食超級正!!!
*
•醬油蟹（$288/2隻)
估唔到依到揾到醬油蟹，仲係由韓國真送✨ 最重要係食落夠哂，而且見到差不多爆哂膏!!! 教大家可以將紫菜飯放係蟹蓋上，拌入蟹膏一齊食，果然配得起「白飯小偷」嘅稱號🤭🍚(須提前一日預訂喔)
-
鐘路雞林辣炖雞湯元祖
📍尖沙咀金巴利道46-48號東滙大廈地下低層
電話/whatsapp: 53343088

📍銅鑼灣耀華街3號百樂中心7樓 
電話: 24330888

#銅鑼灣 #銅鑼灣美食 #causewaybay #koreanfood
#尖沙咀韓國菜 #尖沙咀美食"
,La Volta,銅鑼灣,意大利菜,150-300,打卡必到,Egg Raviolo (流心意大利餃子)、Chef Roland’s Signature Pear Tart (招牌香梨撻)、Burrata & Truffle Honey Bruschetta,https://www.instagram.com/p/DNc4ks8RQsQ/,DNc4ks8RQsQ,,"🇮🇹米芝蓮廚打造! 新開親民手工意粉店🍷
-
地區分類：#fca_銅鑼灣
-
就算未正常開張，已經會預計到會大排長龍嘅手工意粉店?!😱❤️ 皆因餐廳由餐飲企業家Jeffrey以及米芝蓮二星名廚Roland Schuller共同打造，主廚曾任於TheDrawing Room、Octavium等著名意大利餐廳，有「亞洲最佳意粉大師」的稱號喔～🤫 基本上所有意粉都係手工製，兩道菜Lunch Menu低至$148，咁嘅價錢嘆米芝蓮質素真係夠哂扺玩！

(18/8正式Soft Opening)
-
< 𝗔𝗻𝘁𝗶𝗽𝗮𝘀𝘁𝗶 >
•Burrata & Truffle Honey Bruschetta ($98)
•Fassona Beef Tartare ($188)
•Oxtail Croquettes ($98)

個人最愛流心水牛芝士，配上自家製黑松露蜂蜜，超級香！酥炸牛尾球亦有驚喜，外層香脆，裏面係燉得軟腍牛尾肉✨
*
< 𝗣𝗮𝘀𝘁𝗮 >
•Chitarra alla Gamberi ($198)
•Egg Raviolo ($228)
•Crispy Gnocchi alla Iberico ($218)

如果講最特別嘅一定係一切流心嘅意大利餃子😎❤️ 三種芝士內餡，以炒香過嘅牛肝菌作點綴！
另外大蝦結他麵嘅醬汁充滿海鮮嘅鮮味，意粉亦夠爽彈！
兩面烤得金黃焦脆嘅意式馬鈴薯丸子，搭配經過慢煮嘅伊比利豬醬，也是愛了🤭
*
< 𝗗𝗲𝘀𝘀𝗲𝗿𝘁 >
•Chef Roland’s Signature Pear Tart ($108)
•La Volta Tiramisu ($98)
•Crème Caramel

話明係主廚Roland嘅招牌甜品，點可以唔試香梨撻🍐香脆嘅酥皮，加上香梨以及自家製雲呢拿雪糕不得了！(個人覺得酥皮可以再焗長啲時間，更金黃誘人) 
Tiramisu水準也在線上🥄☕️ 口感香滑而且帶香濃咖啡味！
-
La Volta (銅鑼灣)
銅鑼灣蘭芳道9號地舖"
,九龍坎麻辣火鍋,油麻地,火鍋,168-300,大班聚會,三國演義鍋、一米雪花牛、還珠九格格、特辣霸王牛肉,https://www.instagram.com/p/DMXs1mqBkc6/,DMXs1mqBkc6,,"🪭包房唱K ! 68折攻略嘆人氣麻辣火鍋🔥
-
地區分類：#fca_油麻地
-
見到咁有氣派嘅宮廷風門面，都知係依間超紅麻辣火鍋放題店🔥 低至$168，任食過百款美食！但其實原來單點都好抵玩!!! 只需要提前OpenRice訂位，指定時段可享正價低至68折 (12:00-17:30 /21:30-02:30) 幫大家計過一份雪花肥牛都只係50幾蚊😱‼️ 而18:00-21:00時段都有正價78折～ 晚市仲提供獨立麻雀包房，(需提前預約+晚市設最低消) 唔使咁趕可以慢慢食，同朋友盡情吹水打邊爐！
-
< 火鍋湯底 >
•三國演義鍋 ($188)
招牌四川麻辣牛油紅鍋 拼 老壇酸菜黃金湯底 拼 養身藥膳湯底🍲 嚟到必點佢哋嘅牛油紅鍋，用十多種香料製作，會越煮越辣夠晒過癮🌶️🥵 酸菜湯底仲可以自製酸菜魚添～
*
< 火鍋配料 >
•一米雪花牛 ($268)
•還珠九格格 ($218)
•特辣霸王牛肉($108)
•手打三色丸（$68）
•爽滑火鍋川粉 ($42)
•8秒土豆絲 ($48)
•蔬菜拼盤 ($88)

有成1米長嘅雪花牛，未食已經Feel到個陣霸氣‼️ 食肉獸就啱哂！
想試多幾款火鍋配料/有選擇困難症嘅朋友仔，一次過集齊9款配料嘅九宮格高啱哂😎 嘆匀千層肚、黑毛肚、黃喉、海帶、鴨血、鯇魚片、珊瑚蚌、鮮蝦 以及牛丸～
鍾意食辣嘅朋友仔建議挑戰特辣霸王牛肉，沾滿辣椒以及花椒，加埋麻辣湯底，真係會辣到流眼淚🥹❤️
第一次試佢哋嘅手打丸，拼盤試匀手打火龍果蝦丸+手打蟹籽蝦丸+手打黑松露墨魚丸！
*
< 甜品/飲品 >
•御用糖心茲粑 ($38/小份)
•百香果手打檸檬茶 ($32)

之前一直都係試佢哋嘅冰粉，原來紅糖茲粑也不錯！口感外脆內軟糯✨ 百香果手打檸檬茶就解辣一流！
-
九龍坎麻辣火鍋 (油麻地)
油麻地彌敦道469號新光商業大廈3樓"
,Angelini意大利餐廳,尖沙咀,西式,598-700,拍拖約會,意大利扭紋長通粉配黑椒芝士汁、香草番茄檸檬焗原條野生紐西蘭藍鱈魚、檸檬酒沙巴翁,https://www.instagram.com/p/DMphL0vhwEP/,DMphL0vhwEP,,"🇮🇹唔洗自己煮! 酒店嘆高配版捲捲麵🍋
-
地區分類：#fca_尖沙咀
-
位於九龍香格里拉嘅依間意大利菜，繼新廚上任後，除左多左一系列新菜素，仲帶來高配版爆紅捲捲麵🍴 除左席前用芝士巨輪，仲有現刨黑松露!!! 
如果係Pasta控，可以試下120 分鐘無限意式晚宴，人均$6xx，無限追加一系列意式前菜 (包括大家最愛嘅意大利凍肉) 以及3款麵食 (當然唔少得卷卷粉😏)，另外主菜 & 甜品每位各一份～ 有興趣嘅朋友可以直接DM我拎連結❤️
-
🍷 𝗖𝗵𝗲𝗳 𝗦𝗮𝗺‘𝘀 𝗧𝗮𝘀𝘁𝗶𝗻𝗴 𝗗𝗶𝗻𝗻𝗲𝗿 𝗦𝗲𝘁 𝗠𝗲𝗻𝘂 ($598/pp)*
*侍酒師餐選醇酒搭配 ($230/2杯)
-
< 𝐀𝐧𝐭𝐢𝐩𝐚𝐬𝐭𝐢 >
•意大利普里亞軟水牛芝士 
淋上蕃茄清湯嘅Burrata非常清新，加上蕃茄乾碎、蕃茄啫喱 & 唔同顏色嘅蕃茄，簡直係蕃茄四重奏🤭🍅
/
•燒八爪魚 
八爪魚口感意外地軟嫩，分別配上卡拉布利亞辣肉醬腸汁 以及香甜嘅粟米醬，兩種風味幾特別🐙✨
/
•西西里紅蝦韃靼 (+$118/pp)
意大利菜唔少得嘅西西里紅蝦❤️🤭 搭配青蘋果醬、青蘋果肉、法蔥以及香脆嘅卡達菲酥皮皇冠，再以Oscietra魚子醬作點綴，整體味道& 口感也在線～
*
< 𝐏𝐫𝐢𝐦𝐢 𝐏𝐢𝐚𝐭𝐟𝐢 >
•自家製牛尾雲吞
牛尾經過慢炖3小時，食落軟腍而且牛味香濃🐂 自家製Ravioli外皮亦厚薄適中～ 如果芝士味再香啲會更加開心！
/
•意大利扭紋長通粉配黑椒芝士汁
爆紅嘅意大利捲捲粉，最正就當然係唔洗自己煮，乖乖坐係到就有得食啦🤫 席前係芝士巨輪到攪拌，上枱前仲刨上季節鮮黑松露 (+$150/pp) 入口超香芝士以及黑松露味🥹🧀 加上麵條QQ嘅口感，超上癮的！
*
< 𝐒𝐞𝐜𝐨𝐧𝐝𝐢 𝐏𝐢𝐚𝐭𝐭𝐢 >
•香草番茄檸檬焗原條野生紐西蘭藍鱈魚 (+$68/pp)
大推唔多地方食到嘅意式焗原條藍鱈魚🐟 上枱已經聞到好香!!! 最重要係有專人拆肉，夠厚肉+啖啖肉，以香草番茄檸檬 & 檸檬牛油汁 搭配😆食返魚肉嘅原汁原味！
香烤澳洲和牛西冷/慢煮澳洲羊鞍/香煎智利海鱸 唔洗另外加錢就食到～
*
< 𝐃𝐨𝐥𝐜𝐞 >
•檸檬酒沙巴翁 ($118)
雖然有Tiramisu揀，但今次推介超有驚喜嘅檸檬酒沙巴翁🍋 係雪葩上唧上輕盈香滑唧沙巴翁，面層刨上西西里檸檬 & 灑上杏仁，再夾埋下層嘅鮮雜莓 & 檸檬蛋糕一齊食，清爽不Heavy! 飲酒嘅當然唔少得飯後limoncello, Cheers! 🥂
-
Angelini意大利餐廳 (尖沙咀)
尖沙咀麼地道64號九龍香格里拉大酒店閣樓"
,壽喜燒 伊勢熊,尖沙咀,日本料理,290-1380,拍拖約會,和牛壽喜燒配鵝肝黑松露、海膽松露究極蛋蓋飯,https://www.instagram.com/p/DMFrTA2B97d/,DMFrTA2B97d,,"🇯🇵究極蛋蓋飯! 日廚主理超強壽喜燒🥢
-
地區分類：#fca_尖沙咀
-
估唔到食壽喜燒，食到日本和牛之餘，仲可以食埋拖羅、海膽、魚子醬 & 鵝肝😱❤️ 咁滿足嘅壽喜燒由日本師傅主理，午市最平$290/位就食到～ 晚市Omakase menu食足9道菜，和牛有兩款：京都姬牛 & 仙台牛，仲有唔少菜式都有海膽加持，真係一次過滿足兩個願望😎
-
🍶 廚師發辦- 雅 ($1380/pp)*
*需2天前預訂
-
< 前菜3品 >
•牛肉他他
•香蔥池魚他他
•香草牛油大蜆
*
< 旬の刺身 >
•燒中拖羅·枝豆醬·太陽之子
中拖羅本身油份高，搭配返清新嘅枝豆醬以及糖份較高嘅太陽之子芒果，剛好平衡返油膩感✨
*
< 本日の一品料理 >
•馬糞海膽·魚子醬
原個海膽+魚子醬+底層牡丹蝦，配上魚湯啫喱，每一啖都鮮味Max🤭❤️
*
< 和牛料理 >
•神户牛柳粒·蛋黃醬
*
< 蒸し物 >
•大蔥鴨肉蕎麥麵
*
< 和牛壽喜燒 >
•日本京都姬牛 & 宮城縣仙台牛
•鵝肝或海膽

當日分別招牌「京都姬牛」以及期間限定「仙台牛」，前者肉質細嫩，而後者嘅油花更細緻，做到入口即化感🐂 每片牛肉配上不同日本嘅季節蔬菜，特別嘅有來自靜岡縣嘅高糖度水果蕃茄、山形縣冬菇、京都燒豆腐等～ 就連米飯都分別用上北海道夢之美人米 & 北海道糯米！
最後一片牛肉客人可以選擇搭配鵝肝/海膽，個人推介前者，用牛肉包住香煎鵝肝，再刨上黑松露😱😱 邪惡指數爆燈💯
*
< 海膽/松露究極蛋蓋飯 >
昇華版嘅海膽蛋蓋飯😍 平時食Sukiyaki最後嘅蛋蓋飯一般都食唔哂，但今次係輕鬆解決～
*
< 甜品 >
 •培茶奶凍·黑糖啫喱
•抹茶雪糕·芝麻餅
•琥珀糖
-
壽喜燒 伊勢熊 (尖沙咀)
尖沙咀棉登徑8號凱譽地下13號舖"
,Rajasthan Rifles,山頂,印度菜,528,打卡必到,燒春雞、慢燉羊腿、The Officers’ Grill,https://www.instagram.com/p/DLE_9MxBNcE/,DLE_9MxBNcE,,"🇮🇳户外炭火燒烤! 英印軍旅食堂🔥
-
地區分類：#fca_山頂
-
每月只限一次‼️ 留言「❤️」搶先拎訂位連結

喺香港食過最有feel嘅印度菜！可以食到戶外印度炭燒之餘，仲可以俯瞰香港夜景!!!😍 依間香港少有以英印軍事風為主題嘅印度菜餐廳，連店員都係着軍服～ 生日仲要儀式感十足(交俾大家自行發掘😏) 但唔多人知嘅係原來每個月有只限定1日嘅印度炭火Menu，食足11個Items都係人均五百幾，夠哂抵玩！
-
🔥 𝐓𝐡𝐞 𝐎𝐟𝐟𝐢𝐜𝐞𝐫𝐬’ 𝐆𝐫𝐢𝐥𝐥 ($528/pp)*
* 每逢每月最後的星期五供應 (下場：27/6）
-
< 𝗧𝗢 𝗦𝗧𝗔𝗥𝗧 前菜 >
•什錦脆片配甜芒果醬
*
< 𝗦𝗜𝗚𝗥𝗜烤物 >
•炭燒懵仔魚配黃辣椒、乳酪及印度藏茴香
•燒春雞配辣椒、青檸、黑胡椒及丁香
•粟米車打芝士洋葱串燒

由印度廚師係户外用傳統炭火即燒，真係唔係好似印度餐廳做到！個人最愛燒春雞，外皮充滿炭香之餘，香料嘅辛辣味仲好過癮🐓🌶️ 懵仔魚嘅魚肉幾結束，建議可以點返印度薄荷青醬～
*
< 𝗠𝗔𝗜𝗡𝗦 主菜 >
•慢燉羊腿配洋蔥、咖哩菜及馬拉巴爾黑胡椒粒
•鄉村芝士配洋蔥、番茄及菠菜咖哩
•慢煮黑扁豆配胡蘆巴牛油
•蒜香烤餅
•熟成印度香米配檸檬及咖哩葉

感覺主菜都很大份，夾埋一齊真係夠三人Share🤣 個人最愛慢燉羊腿，入口軟腍而且好入味～ 兩款咖哩：芝士菠菜咖哩 & 黑扁豆咖哩都唔會太過重味個隻，配上蒜香Naan 以及充滿咖哩葉香嘅長條形印度香米，完美❤️ 
*
< 𝗗𝗘𝗦𝗦𝗘𝗥𝗧𝗦 甜品 >
•磅蛋糕佐鮮莓淡忌廉
•印度風味香甜紅茶

甜品竟然完美避開印度超甜嘅甜品，取而代之係鬆軟嘅雜莓磅蛋糕🥰 配返杯加入左牛奶、薑 & 小豆蔻嘅國民級Masala Chai，成個feel返哂嚟！
*
< 𝗙𝗜𝗥𝗦𝗧 𝗖𝗟𝗔𝗦𝗦 𝗖𝗢𝗢𝗟𝗘𝗥𝗦 無酒精飲品 >
•芒果酸奶
•椰子酸奶
-
Rajasthan Rifles (山頂)
山頂山頂道118號山頂廣場地下G01號舖"
,陳儀興玫瑰餐廳,新蒲崗,火鍋,200-400,大班聚會,青花椒鮑魚雞煲、手切牛、松露雜菌餃、手打三寶丸,https://www.instagram.com/p/DLpDE7MBfFU/,DLpDE7MBfFU,,"🥢街坊食堂! 抵食手工火鍋+雞煲🔥
-
地區分類：#fca_新蒲崗
-
喺新蒲崗工廠區竟然有間街坊熱捧嘅火鍋店，一次過食匀手工火鍋+雞煲+鑊氣小炒之餘，仲係不收醬油、茶芥及加一服務費😱❤️ 真係要熟路嘅朋友帶路先知依啲寶藏店！店內嘅火鍋配料有成百款選擇咁多，最重要係餃子以及丸類都係自家手工製，誠意分UP! 
依家7月份周年紀念優惠，晚市消費$500，保留當天單據，30內再到餐廳晚市消費，即送你藥膳醉雞鍋半隻‼️*
*條款細則請參考餐廳IG
-
青花椒鮑魚雞煲 ($188/半隻)
首先食返個雞煲先打邊爐🤭 一打開嗰個已經聞到超香嘅花椒味，而且煮得越耐個味越出，食落越嚟越辣夠晒過癮!!! 鮑魚大大隻，而且雞肉亦夠嫩滑！
*
< 火鍋配料/小食 >
•菠菜餃 拼 松露雜菌餃 ($58+$5雙併)
•手打三寶丸 ($98)

幫大家數過火鍋配料有成100+選擇😍 一定唔好錯過佢哋嘅新鮮手工包嘅餃子🥟 有成8款口味選擇，個人最愛松露雜菌餃，裏面滿滿爽脆嘅雜菌，散發陣陣黑松露香味！當然唔少得手打丸，一次過試匀豬肉丸+蝦丸+ 鯪魚球 ✨ 蝦丸真材實料，口感W彈！但最特別係豬肉丸裏面加左梅菜，好似食緊梅菜蒸肉餅咁～

•手打魚麵 ($48)
同平時食嘅有啲唔一樣，依到嘅近似魚片嘅Texture，偏爽彈亦不乏魚味！切成長條形可以好似當麵食咁，又冇咁heavy🥢

•手切牛 ($228/細份)
基本上每枱必點🐂 咁嘅價錢食到有咁靚雪花紋嘅牛肉，性價比真係唔錯😌 食得出幾新鮮而且牛味都唔弱！

•蜆芥鯪魚球 ($72)
好耐冇食過蜆芥鯪魚球，依到個蜆芥醬另外再調味及放芫荽非常鹹香，第一次見有原粒蜆仔肉🤭 炸過嘅鯪魚球外皮煙煙韌韌，魚味意外突出！
*
< 健康飲品 >
•五花茶 ($20)
•羅漢果茶 ($20)
-
餐廳：陳儀興玫瑰餐廳
地址：新蒲崗爵祿街33A-37A號百勝工廠大廈地舖
電話: 35831123"
,Black Sheep Restaurants (Black Series),,西式,398-558,拍拖約會,14日熟成杏桃鴨、炭火熟成T-bone牛扒、香辣伏特加忌廉通心粉、開心果仁糖Gelato,https://www.instagram.com/p/DLxF6b1BIf9/,DLxF6b1BIf9,,"🖤 快閃15日! 最強Black Series回歸🐑
-
今次迎來 @blacksheeprestaurants 最強版 Black Series😱🥳 快閃15日(4/7-18/7/2025)，可以超值價錢試匀多間人氣餐廳招牌菜式，就連平時人氣La Vache / Polo Club /口利福香檳點心週末Brunch都照樣有優惠😭❣️

作為Black Sheep長期小粉絲，以下私人精選4間抵食+人氣餐廳✨ 大家閉着眼book位就對了！

<‼️讀者優惠‼️>
需用以下連結訂位才可享用優惠 🔗 https://ffb5.short.gy/BSJun25foodcafealcoholic 或 按Profile Link 查看優惠！*

1️⃣ 米芝蓮1星法國菜 @belonhk 🇫🇷 

最近換上來自伊斯坦堡新女主廚上陣，新添左不少個人菜式🍴 Black Series優惠可以用入門價食足7道菜，其中包括新菜式- 縞鰺配葡萄及粉紅胡椒 以及招牌經過14日熟成嘅杏桃鴨配小麥粒✨ 當然唔少得鋪滿魚子醬嘅鱸魚！順帶一提佢哋嘅焦糖奶油酥真係好正！

2️⃣ 意大利托斯卡尼溫馨扒房 @associazionechianti 

浪漫約會勝地! 出名食炭火熟成牛扒 以及佢哋足1 KG嘅T bone牛扒🥩 之前Plated Menu人均都要6百尾，今次Black Series只要$558就食到7道菜，菜式數量冇少到，照舊食到佢哋嘅厚切牛扒 & Tiramisu😎

3️⃣ 中世紀風紐約意菜 @carbonehongkong

每次Black Series秒速Full Booking嘅餐廳🫢 Lunch 低至 $398/位，香辣伏特加忌廉通心粉 + 意式肉丸 + 肉眼扒 +紐約檸檬芝士蛋糕 全部都食到 (海鱸魚今次不在Menu上
)🔥 我係你第一間book左依個先!

4️⃣ 人氣澳洲過江龍Gelato @gelatomessinahk 

澳洲超人氣Gelato 🇦🇺 keep住35款經典口味5款限定口味，每日會係店內即場製作新鮮嘅雪糕🍦 香港限定口味- 黑芝麻湯圓、鹹蛋黃、蛋撻 & 奶茶 之前介紹過都夠哂高質；開心果仁糖口味係不敗嘅存在😎 Black Series期間更有買二送一優惠，又有藉口比自己食多球～"
,臺北棧 (Check In Taipei),尖沙咀,台灣菜,100-250,打卡必到,鹽水雞涼皮、手撕牛腱酸菜蛋餅、米麻糬木瓜楊枝甘露,https://www.instagram.com/p/DL154zPBF3F/,DL154zPBF3F,,"🥢超強組合! 聯乘兩姊妹涼皮限定菜式❤️‍🔥
-
地區分類：#fca_尖沙咀
-
人氣台灣菜Check In Taipei出名多主意，今次又搞搞新意思，竟然仲係同米芝蓮推介兩姊妹涼皮合作，推出一系列台灣風味x川味菜式🤫 將兩姊妹招牌涼皮重新演繹！另外仲有首創木瓜楊枝甘露系列，台灣嘅木瓜奶+香港本地楊枝甘露也太吸引了吧😍❤️ 所以每次去到都勁多新嘢想試，真的快有選擇困難了～
-
•鹽水雞涼皮 ($128)
•椒麻鹽酥雞 ($95)

兩款與兩姊妹合作嘅菜式！首衝鹽水雞涼皮，台灣鹽水雞+兩姊妹招牌涼皮，加上土雞絲、台灣水蓮、玉米筍、車厘茄、紫洋蔥、香菜和炸黃豆等配料，再淋上由兩姊妹特調嘅靈魂涼皮汁 & 辣椒油，很能過口癮❤️
*
手撕牛腱酸菜蛋餅 ($95)
超愛佢哋嘅蛋餅，每次都好足料🤭 今次依個手撕牛腱配酸菜口味直接打入個人最愛蛋餅TOP 1 ‼️ 牛腱意外地軟腍，加上爽脆嘅酸菜以及荷蘭醬，幾惹味！
*
•五更鴨血寬粉絲煲 ($165)
•沙茶牛小排粉絲煲 ($188)

第一次試佢哋嘅古早家傳鍋物系列🥢 沙茶牛小排粉絲煲真係有大大碟牛比你，粉絲吸引哂湯底嘅精華超級正！
*
•芋圓冰粉 ($88)
與兩姊妹涼皮合作嘅「台版冰粉」✨Q彈嘅冰粉，搭配手工芋圓、黑糖珍珠、蜜綠豆及自製芋泥~
*
•米麻糬木瓜楊枝甘露 ($78)
全新推出的「木瓜楊枝甘露」糖水系列🤭 台灣人最愛嘅木瓜牛乳+香港經典楊枝甘露，真係冇得輸!!! 個人比較推介有米麻糬個款，拉絲黏糯感幾正！
*
•純磨開心果糊 ($68)
當然唔少得店內一系列開心果甜品💚 開心果糊啖啖都係天然嘅開心果味，質感香滑唔會膩～ 識食就一定要加埋黑芝麻福元湯丸 (+$18)
-
臺北棧 (港威商場) (尖沙咀)
尖沙咀廣東道3-27號海港城港威商場2樓2204-6號舖"
,Honjokko,鰂魚涌,日本料理,580,打卡必到,招牌東坡肉、麻婆豆腐、海膽石鍋飯,https://www.instagram.com/p/DLugFDBTlOC/,DLugFDBTlOC,,"🇰🇷 撕漫男襲港! 免排隊嘆招牌東坡肉🥢
-
地區分類：#fca_鰂魚涌 
-
黑白大廚竟然現身香港！仲要係節目內因為完美還原漫畫內菜式而爆紅嘅「撕漫男」趙光孝主廚，最近與日式餐廳Honjokko 行政主廚Kyle Lee展開四手聯乘限定菜單🤩 依家唔洗飛韓國兼免排隊就可以試到韓國大廚招牌成名菜，包括連白種元都讚好嘅東坡肉，以及另一晉級菜式- 麻婆豆腐🌶️❤️ 
-
以下為7月4日至7月6日快閃菜單
合作系列菜單將於7月7日至8月3日供應
-
𝟒 𝐇𝐚𝐧𝐝𝐬 𝐅𝐮𝐥𝐥 𝐄𝐱𝐩𝐞𝐫𝐢𝐞𝐧𝐜𝐞 ($580/pp)*
* 韓國燒酒Pairing (+$298/pp)
-
< 𝗔𝗠𝗨𝗦𝗘 𝗕𝗢𝗨𝗖𝗛𝗘 >
•FINE DE CLAIRE OYSTER
法國芬迪加生蠔 配韓式辣汁
*
< 𝗔𝗣𝗣𝗘𝗧𝗜𝗦𝗘𝗥𝗦 >
•PAN-FRIED EDAMAME 日式枝豆
•PERILLA LEAF TEMPURA 紫蘇葉釀蝦膠
•KOREAN BEEF TARTARE 韓式牛肉他他
•CHILLED CHICKEN SALAD 涼拌雞肉沙拉
•SICHUAN CUCUMBER 四川涼拌黃瓜
*
< 𝟮𝗡𝗗 𝗖𝗢𝗨𝗥𝗦𝗘 > 
•UNI HOT STONE RICE 海膽石鍋飯
•KOREAN SOYBEAN MACJEOK SEABASS 
韓式大醬醃製海鱸魚

個人更愛海膽石鍋飯，融合日韓元素，最主係真係好掛住係韓國食嘅熱辣辣石鍋飯🤭
*
< 𝟯𝗥𝗗 𝗖𝗢𝗨𝗥𝗦𝗘 >
•DONGPO PORK 招牌東坡肉
•MAPO TOFU 麻婆豆腐

兩道撕漫男嘅進級招牌名菜‼️ 出自漫畫「美味大挑戰」嘅東坡肉，連白種元都讚好食，係韓國要排隊潮聖，依家可以係到輕鬆試到🥹❤️ 肉質軟腍接近入口即化，亦非常入味！麻婆豆腐嘅麻辣味突出，配返個蛋炒飯，Perfect!!!
*
< 𝗗𝗘𝗦𝗦𝗘𝗥𝗧 >
•FLOWER BUN WITH TOFU CREAM 
幾特別嘅豆腐忌廉花卷🤍 花卷炸得金黃香脆，搭配香滑豆腐忌廉～
-
Honjokko (鰂魚涌)
鰂魚涌英皇道979號太古坊濠豐大廈2樓The Sixteenth"
,鵜舞,荔枝角,日本料理,200-400,打卡必到,鄉土料理 鰻魚飯三食、冰結檸檬塔沙瓦、牛腸天婦羅、焗2年越冬熟成馬鈴薯,https://www.instagram.com/p/DK6-324hXOW/,DK6-324hXOW,,"🎏區內少有! 氣氛MAX日式居酒屋🏮
-
地區分類：#fca_荔枝角 
-
唔估到荔枝角竟然有咁地道嘅日式居酒屋，氣氛分分鐘拍得住日本!!! 最重要係係由兩位日本人主理，店內營造小漁港簡樸嘅居酒屋風情及風情🇯🇵 最近有個menu竟然大家可以一晚食匀11個縣嘅經典名物，例如名古屋嘅鰻魚飯三食等，仲有多款佐酒菜素，真係好似返左轉日本咁！
-
< 北海道 >
•焗2年越冬熟成馬鈴薯 ($78)
薯仔因為經過兩年嚴寒熟成先挖掘，所以糖粉比一般的高出17倍! 就咁簡單配上牛油，食返原味道就最正🥔🧈
*
< 大分 >
•琉球醬漬刺身 ($118)
當日嘅時令刺身，混合牛油果，再配上由甜醬油、味醂、清酒& 芝麻製成嘅醬汁，比起就咁醬油芥末又係另一種風味🐟
*
< 千葉 >
•花生味噌唐揚炸雞 ($108)
千葉縣盛產花生🥜 所以依款菜式係當地可以話係名物之一！外皮炸得非常香脆，食落真係帶陣陣生花香，有點像擔擔麵嘅感覺～ 感覺雞肉可以再嫩滑點🙂‍↕️
*
< 東京 >
•三文魚籽最中餅 ($58)
•海膽最中餅 (時價)

可愛小熊最中餅，無論係爽住鹹鮮嘅三文魚籽、綿密嘅吞拿魚蓉抑或入口即溶嘅海膽都咁match🤭
*
< 広島 >
•牛腸天婦羅 ($88)
佐酒一流嘅牛腸天婦羅🍻 牛腸意外地軟腍，帶甜甜嘅味噌味，加上酥脆嘅外層，真係越食越上癮!!!
*
< 福岡 >
•明太子芝士豚肉天婦羅 ($78)
•爐端燒豬蹄 ($88)
個人更愛邪惡嘅爐端燒豬蹄🤤🐖 面層好似冰花煎餃嘅脆面，而豬蹄係QQ有咬口個隻，滿口骨膠原嘅感覺～
*
< 新潟 >
•鯛魚笹壽司 ($48)
•糸魚川墨魚汁炒麵 ($88)
墨魚汁炒麵雖然望落烏卒卒咁，但其實個醬汁帶墨汁嘅鮮味，裏面仲有爽彈墨魚🦑
*
< 名古屋 >
•鄉土料理 鰻魚飯三食 ($108)
每次去名古屋落機必食嘅鰻魚飯三食🤤❤️ 將飯分為四份，分別可以直接品嚐、搭配海苔或芥末、淋上高湯做茶泡飯 & encore你最愛嘅味道做法！個鰻魚做得外焦內嫩，係略嫌分量偏少😬
*
< 冰結水果特飲 >
•冰結檸檬塔沙瓦 ($88)
•冰結菠蘿沙瓦 ($88)
•河童沙瓦 ($68)
•金魚沙瓦 ($68)

一系列夏日感滿滿嘅冰結飲品🍹🍋 個人都係最愛冰結檸檬，非常清爽Refreshing，超長Lemon Tower仲夠哂IGable!!! 每日第一位顧客仲可以升級特別 35cm 加長版🤣
-
鵜舞 (荔枝角)
荔枝角長義街9號D2 Place ONE地下G02號舖"
,TOKENYO韓式烤肉料理,將軍澳,韓國菜,200-400,打卡必到,美國安格斯牛肋骨、乾式熟食豬肉拼盤、蒜香甜辣炸雞,https://www.instagram.com/p/DL9oQm9hYJR/,DL9oQm9hYJR,,"🇰🇷目測長度Challenge! 激長巨型牛肋骨✨
-
地區分類：#fca_將軍澳
-
將軍澳竟然收埋一間又可以燒肉又可以玩埋一份嘅韓國餐廳?!?!😱❤️ 由Oppa坐鎮兼親自烤肉！最近仲有特長牛肋骨，足1磅之餘，即切即燒夠哂滿足~ 當然唔少得玩埋目測長度CHALLENGE，只要估得中即有證書+小禮品攞返屋企添！同場仲見到「炸彈酒」表演，户外亦有Party Zone比小朋友放下電，大人飲返兩杯Chill下🤫🍻
-
蒜香甜辣炸雞 ($108/無骨)
食韓國菜唔少得嘅炸雞🤭 有得選擇有骨/無骨，想食啖啖肉嘅建議選擇無骨，外層沾滿韓式蒜香甜辣醬，配返杯啤酒是常識吧🍺
*
少少辣韓式牛肉醬野菜拌飯 ($78)
集齊牛肉醬野、香菇、芽菜、菠菜、蘿蔔、翠玉瓜等配料，再拼入韓式辣醬，夠哂惹味🥢 
*
大大份原隻韓式豬手 ($188)
原隻份量真係唔係講笑‼️外皮QQ的，肉質係偏爽彈個隻，配上大蒜、泡菜以及生菜食，成個Vibe返哂嚟！
*
泡菜芝士火雞麵煎餅 ($48)
估唔到連平時食開嘅火雞麵都可以做煎餅🤫 加埋泡菜+芝士一齊又認真幾好食🧀 但如果再辣啲會更加過癮！
*
乾式熟食豬肉拼盤 ($258)
一次過食匀松板豬+五花肉+梅花肉😍 放係恒溫、恒濕嘅冷藏熟成室中21-45天，令到食落嘅肉味更香濃❤️ 個人最愛五花肉，油香十足！松板豬嘅肉質就偏爽彈~
*
美國安格斯牛肋骨 ($288)
足一磅嘅即切特長美國安格斯牛肋骨😱😱 幾長仲唔可以話比大家知，因為由即日至31/8/2025，逢每晚6PM後，即時準確目測長度，即時準確目測長度就送你證書+ $15 coupon , 仲有鑑定神器 拉尺 同上榜簽名✍️✨
*
•Cass啤酒 ($45)
•真露 燒酎 ($68)

店員親自調教嘅最強「燒啤」，視覺效果💯 但真係小心隨時濕身🤣
-
TOKENYO韓式烤肉料理 (將軍澳)
將軍澳康城路1號The LOHAS康城3樓334號舖"
,1111 ONES Restaurant and Lounge,中環,西式,428,打卡必到,西西里紅蝦扁意粉、Tiramisu、魚子醬和牛他他,https://www.instagram.com/p/DLR2tfpBQUr/,DLR2tfpBQUr,,"🥂最IGable餐廳·$4xx嘆米芝蓮級午餐✨
-
地區分類：#fca_中環 
-
喺中環依間咁靚嘅餐廳，食6道菜米芝蓮級數Lunch都只係人均四百幾起，仲可以免費追加自家製Ricotta Cheese + 超正Tiramisu 😱❤️星期六同平日嘅價錢仲要一樣～ 餐廳由米芝蓮二星餐廳The Principal 前主廚Chris主理，主打意法創意料理！而今次嘅Lunch Menu更可以試到主廚招牌嘅西西里紅蝦扁意粉；所用食材更加唔少來自餐廳自家農場，食材新鮮之餘仲超有誠意✨
-
🥂 𝟏𝟏𝟏𝟏 𝐋𝐔𝐍𝐂𝐇 𝐌𝐄𝐍𝐔 ($428/pp)*
*House white or red wine ($88/Gls)
-
•House-made RICOTTA
自家手工製招牌 Ricotta Cheese，以12年意大利黑醋、橄欖油及來迷迭香作點綴，口感更香滑而味道更豐富🌿 配返自家製白麵包 & 無花果麵包，Lunch一開頭已經充滿驚喜🥖 

•Truffle ARANCINI
炸意式黑松露飯團🇮🇹 外層炸得酥脆，而裏面係煙韌嘅松露Risotto~
*
•New Territories GREENS 
自家農場種植沙律
/
•House-cured SALMON
自家煙燻三文魚
/
•SRF Wagyu TARTARE
魚子醬和牛他他

前菜三選一✨ 個人推薦和牛他他，有口感之餘仲帶適當嘅油份！裏面加入自家調製嘅酸梅汁，令整體味道更清爽！當然唔少得魚子醬嘅加持啦🤭 連一旁嘅甘筍& 菠菜味薯仔脆片都係來自餐廳自家農場，誠意分💯
*
•Chef’s SOUP of the day
藜麥玉米凍湯
*
•Linguine GAMBERON (+$288)
衝住依個西西里紅蝦扁意粉而來🦐 😍 果然冇令人失望!!! 因為係煮嘅過程將蝦頭嘅膏完全按壓出嚟，再加入意粉一齊煮，完美做到每一條面都吸收晒紅蝦嘅精華🥹❤️ 絕對係招牌之作！

•SRF WAGYU
香煎和牛配布冧醬🐂 牛肉肉質粉嫩，幾鐘意用上唔同元素，例如布冧以及蘋果去Balance返個油膩感！
*
•TIRAMISU
Encore左兩次嘅Tiramisu🤩 mascarpone cheese質感做到非常香滑，Lady Fingers亦充滿咖啡香，絕對係高質嘅Tiramisu！幾鐘意係面層加上朱古力脆脆，增加不少口感
-
1111 ONES Restaurant and Lounge (中環)
中環安蘭街18號11樓"
,Green Waffle Diner,中環,Cafe,100-250,打卡必到,暢泳美人魚、發酵奶蓋藍蝶梳打、軟殼蟹新鮮羅勒番茄意大利飯、鮮雜莓窩夫配自選雪糕,https://www.instagram.com/p/DLhSbQxxzSR/,DLhSbQxxzSR,,"🌿中環Chill放鬆! 夢幻の藍色夏日菜單✨
-
地區分類：#fca_中環 
-
中環依間餐廳竟然一次過有齊素食+全素+生酮+低碳飲食嘅選擇😍 唔怪得係中環一帶打工仔放Lunch嘅好地方！但原來佢哋夜晚不定期仲有本地音樂人駐唱，當晚指定雞尾酒買一送一之餘，精選小食都有優惠✨ 當然亦唔好錯過近期夏日限定嘅藍螺旋藻 & 蝶豆花主題菜式，賣相夠哂小清新，令大家置身海洋一樣🌊
-
< 𝐒𝐮𝐦𝐦𝐞𝐫 𝐒𝐩𝐞𝐜𝐢𝐚𝐥𝐬 >
•暢泳美人魚 ($108)
啱哂夏天嘅Smoothie Bowl ☀️🧜🏻‍♀️ 夢幻嘅藍色非常IGable! 底層嘅Smoothie加入了菠蘿、芒果、杏仁奶 以及藍螺旋藻粉，味道清爽帶熱帶風情！而面層穀麥片、黑朱克力豆 & 自製藍螺旋藻朱克力，營造美人魚係沙灘旁嘅大海暢泳❤️🏝️

•發酵奶蓋藍蝶梳打 ($53)
第一次發酵過嘅奶蓋，質感綿密，搭配嚟自 @GreenFermentationLab 嘅藍螺旋發酵梳打，加上蝶豆花啫喱，成件事好refreshing💙
*
< 𝐃𝐢𝐧𝐧𝐞𝐫 𝐒𝐩𝐞𝐜𝐢𝐚𝐥𝐬 >
•沙律
•軟殼蟹新鮮羅勒番茄意大利飯 $228
•鮮雜莓窩夫配自選雪糕
•過濾咖啡或餐茶

餐廳仲提供三道菜Set Menu✨ 牛扒、漢堡包、Pasta都有～ 依款軟殼蟹番茄意大利飯酸酸甜甜幾開胃，最重要係飯粒保留到煙韌颅一口感❤️ 套餐仲包括招牌必食窩夫，配上大大球雪糕以及鮮雜莓，Perfect!!! (可以另加$10轉生酮窩夫喔!)
-
Green Waffle Diner (中環)
中環擺花街43號地舖"
,New Punjab Club,中環,印度菜,1388,拍拖約會,招牌炭烤羊架、拖肥香蕉布甸、烤海螯蝦配脆亞參叻沙麵,https://www.instagram.com/p/DLZlGDkBMBX/,DLZlGDkBMBX,,"🇮🇳連摘2星! 印度x新加坡聯乘晚宴🇸🇬
-
地區分類：#fca_中環 
-
主打旁遮普泥窰燒烤嘅米芝蓮1星印度菜餐廳𝙉𝙚𝙬 𝙋𝙪𝙣𝙟𝙖𝙗 𝘾𝙡𝙪𝙗，上星期聯同米芝蓮1星新加坡餐廳𝙒𝙝𝙚𝙮，三位主廚合力打造2日限定聯乘盛宴✨ 估唔到印度x新加坡風味結合會咁有驚喜！當晚仲試到唔少招牌菜式，包括招牌炭烤羊架、拖肥香蕉布甸等～

雖然聯乘Menu活動已過，但想試New Punjab Club嘅朋友可以襯住𝗕𝗹𝗮𝗰𝗸 𝗦𝗲𝗿𝗶𝗲𝘀快閃優惠，以午餐 $368/位 & 晚餐 $588/位 最抵價食米芝蓮🌟 (要用以下連結訂位先有優惠㗎🙂‍↕️❤️)
‼️私人獨家訂位連結，比大家搶先入去睇所有餐廳Menu + 訂位 🔗 https://ffb5.short.gy/BSJun25foodcafealcoholic
-
𝐃𝐈𝐍𝐍𝐄𝐑 𝐖𝐈𝐓𝐇 𝐖𝐇𝐄𝐘 ($1388/pp)*
*15 June in New Punjab Club
*22 June in Whey
-
< 𝗡𝗔𝗦𝗛𝗧𝗔 >
•烤海螯蝦、脆亞參叻沙麵、南丫島蝦米
蝦肉超爽彈，但下面嘅脆亞參叻沙麵先係MVP，醬汁香辣惹味，帶蝦米嘅鹹鮮🥢
*
< 𝗧𝗔𝗡𝗗𝗢𝗢𝗥 >
•乳鴿胸、紅菜頭、蘆筍乳酪醬
•烤舞茸、蕎麥酸辣醬、芥末
•羊架、炭烤洋葱

餐廳最拿手嘅旁遮普泥窰燒烤🔥 乳鴿胸烤得帶焦脆感，搭配嘅蘆筍乳酪醬幾清新，剛好Balance返整個味道！另一MVP一定係招牌烤羊架，以香料醃製48小時，再用炭火烤製，外層充滿炭香，肉質亦意外地軟嫩✨
*
< 𝗗𝗘𝗚 & 𝗡𝗔𝗔𝗡 >
•烤鮑魚娘惹野菜飯、熱帶香料、叄巴醬
•烤藍龍蝦尾咖哩、番茄、薑
•紅扁豆、酥油、葫蘆巴
•印度烤餅

又係三位Chef聯手打造嘅菜式- 烤鮑魚娘惹野菜飯！鮑魚烤得均勻，入口亦夠Q彈🤤 個飯配上叄巴醬，又係立刻食唔停口個隻！
*
< 𝗖𝗟𝗨𝗕 𝗗𝗘𝗦𝗦𝗘𝗥𝗧 >
•拖肥香蕉布甸、椰子雪糕
唔少得餐廳Signature甜品😍 香蕉布甸淋上熱辣辣嘅拖肥，加上半溶狀態椰子雪糕，冰火交融，邪惡到不得了
-
New Punjab Club (中環)
中環雲咸街34號世界商業大廈地舖"
,牛大人台灣火鍋吃到飽,旺角,火鍋,394-488,大班聚會,日本A4黑毛和牛、喇沙椰爺仲夏鍋、古法醉鮑魚、椰酥跳跳豬,https://www.instagram.com/p/DLhUHgFBHBf/,DLhUHgFBHBf,,"🌴CP值Max! 日本A4+和牛火鍋放題☀️
-
地區分類：#fca_旺角 
-
依家連火鍋任食都咁過份，任食日本黑毛和牛A4+之餘，連火鍋湯底以及小食都咁有心思?! 🤭 依間出名性價比高嘅台式火吃到飽，最近臨近夏天推出「炎夏椰樂祭」，一系列新出椰子主題湯底、小食、甜品以及特飲🥥 俾大家就算坐喺度打邊爐都感受到夏日嘅Vibe!
‼️只要係Openrice上預付及訂座，星期一至四黃金時段由$488/位 減至 $429/位‼️
-
🐂 日本黑毛和牛A4+吃到飽(星期一至四)*
*19:30前離座- $448/位 -> $394/位
*21:00 後入座- $468/位->$412/位
*正價時段入座- $488/位-> $429/位
*每位贈送澳洲M9和牛牛丸兩粒 及海鮮拼盤
(以上優惠價格為OpenRice提供，未連加一服務費)
-
< 湯底 >
•喇沙椰爺仲夏鍋
•木瓜椰皇嫩雞鍋
估唔到喇沙湯底幾有驚喜，飲得出香濃嘅椰香幾creamy，建議可以係自助吧攞個泰國即食麵放落去飲，超吸湯‼️木瓜椰皇嫩雞鍋就啱哂女士們，養顏美肌，湯底清晰，煮蔬菜就最啱！
*
< 肉類 >
•日本A4黑毛和牛
•鮮甜鮑魚
•古法醉鮑魚
•炭燒鹽蔥鮑魚
•柚子燒汁鮑魚
今次冇試其他牛肉，主攻日本A4黑毛和牛😎🇯🇵 見顏色同油花就知質素唔錯，入口油份十足！另外仲有多款鮑魚，個人就最愛古法醉鮑魚，口感爽彈帶酒香！
*
< 椰子小食三重奏 >
•椰酥跳跳豬 
•黃金椰絲蝦丸
•椰林火山脆薯條 
3款加入左椰子元素嘅小食🌴 椰酥跳跳豬竟然係炸豬肉配上爆炸糖，成個口感又幾有趣！超彈牙嘅蝦丸外層鋪滿香脆椰絲，點埋個椰汁美奶滋，椰香Double UP 🔝 炸薯條配上新出嘅椰香火焰醬，帶微辣幾過口癮🔥
*
< 甜品>
•香芋椰漿脆脆
•Movenpick 雪糕
除左回本必食，有成3款口味嘅Movenpick雪糕 (最愛椰子味🥥) 今期仲有新出嘅香芋椰漿脆脆，係綿密嘅芋頭上淋上香濃椰漿以及椰子脆片，充滿東南亞風味～
*
< 特調飲品 >
•粉桃椰香 
•冰檸伴椰 
•藍調微風 
•椰奶蓋芒芒爽
除左一系列冷泡茶，凡點選晚市『日本黑毛和牛 A4+』套餐，所有雞尾酒特調飲品及指定啤酒均可無限暢飲🍹 讚好/打卡餐廳Facebook/IG/小紅書 / 大眾點評，更可獲贈椰奶蓋芒芒爽一杯🥭✨ 酸甜清新夠解膩！
-
牛大人台灣火鍋吃到飽 (旺角)
旺角彌敦道610號荷李活商業中心地庫A&B號舖"
,Venchi,尖沙咀,甜品,,打卡必到,椰汁紅豆冰意式雪糕,https://www.instagram.com/p/DK12mUaB5Lw/,DK12mUaB5Lw,,"Minor changes made to the caption as below:

🫘夏日新推! 港風味紅豆冰Gelato🥥
-
地區分類：#fca_尖沙咀
-
繼三月與百年老字號公和荳品聯乘推出「豆腐花味意式雪糕」後，比我發現Venchi最近再推出全新期間限定口味，仲要係一眾港人們嘅兒時回憶嘅味道- 椰汁紅豆冰口味🥹❤️ 將經典冰室嘅風味融入意大利甜品，簡直係雙倍享受！
-
🇭🇰 #椰汁紅豆冰意式雪糕 
面層鋪上唔少紅豆，所以食雪糕嘅時候都會有粒粒紅豆嘅咬口🫘😋 食落除咗有陣陣紅豆嘅甜味，仲散發着椰香，甜度剛剛好，最重要係質感keep到一貫嘅綿密Texture! 私心推薦大家可以配搭特濃朱古力口味，瞬間化身朱古力椰汁紅豆冰，就咁聽都夠晒滿足🙂‍↕️✨
-
所有香港及澳門Venchi門市有售（期間限定店除外）
@VENCHI_HK

#CoconutRedBeanGelato #椰汁紅豆冰意式雪糕 
#VENCHI #venchi1878"
,The Baker & The Bottleman,灣仔,西式,200-400,拍拖約會,松露布丁配黑啤及熟成巴馬臣芝士、炸魚漢堡配他他醬與酸瓜及紅列斯特芝士,https://www.instagram.com/p/DKtzzuVhH3g/,DKtzzuVhH3g,,"🍷超強炸魚漢堡！上層英式小酒館✨
-
地區分類：#fca_灣仔 
-
之前介紹過由英國著名米芝蓮三星級大廚Simon Rogan創辦嘅寶藏Bakery✨ 上層隱藏左間英式小酒館大家又知唔知呢～ 食物方面以永續烹飪、採購本地食材為理念外，精緻得嚟價錢仲幾親民❤️ 今次去就為左朝聖佢哋嘅招牌松露布丁 & 炸魚漢堡，果然不會令人失望! 整體係一個不錯嘅casual dining地方！
-
< 𝗦𝗡𝗔𝗖𝗞𝗦 >
•松露布丁配黑啤及熟成巴馬臣芝士 ($68)
•黑豬肩胛肉風乾火腿 ($88)

每枱必點嘅松露布丁✨ 牛角包用上松露吉士浸泡，配以焦化楓糖，最後加上黑啤啫喱 & 刨上熟成巴馬臣芝士酪，鹹甜嘅味道非常過癮🥰
*
< 𝗦𝗠𝗔𝗟𝗟 𝗣𝗟𝗔𝗧𝗘𝗦 >
•番茄香辣豬肉醬與鯷魚多士 ($78)
•煙燻鰻魚配辣根及意式豬油鬆餅 ($100)
•醃漬鯖魚配大頭菜與蘋果金盞花 ($98)

經過煙燻鰻魚，上層再鋪上薄薄一片嘅意式豬油以及魚子醬作點綴，搭配下層自家製鬆餅一齊食，油香以及鮮味並存🤩 另外鯖魚配上蘋果，味道清爽，就是為夏日而存在～
*
< 𝗕𝗜𝗚 𝗣𝗟𝗔𝗧𝗘𝗦 >
•蘆筍水波蛋佐芝士醬與夏季蔬菜 ($128)
•炸魚漢堡配他他醬與酸瓜及紅列斯特芝士 ($128)
•烤豬排配焦烤蘋果泥與茄子 ($148)

店內招牌- 啤酒麵糊炸魚柳漢堡🐟 外層炸得金黃香脆，炸皮厚薄適中，魚肉仲保持嫩口，加上鬆軟嘅自家Brioche麵包，果然係鎮店之寶!!! 另外烤豬排配上蘋果泥 & 茄子，成功將油膩感減至最低🐖 成件事食得好舒服！
*
< 𝗗𝗘𝗦𝗦𝗘𝗥𝗧𝗦 >
•水蜜桃雪葩 ($68)
•黑朱古力泡芙配杏仁雪糕 ($68)

啱哂今個夏天，超Refreshing嘅水蜜桃雪葩🍑 以及邪惡代表，淋上黑朱古力嘅泡芙，再配上杏仁雪糕，完美組合！
-
The Baker & The Bottleman (灣仔)
灣仔皇后大道東200號利東街地下G14&G15號舖"
,Mosu Hong Kong,尖沙咀,韓式,,打卡必到,濟州豬配黑蒜醬、海鰻蓮花飯,https://www.instagram.com/p/DK4FpphBMRN/,DK4FpphBMRN,,"🇻🇳摘米芝蓮1星! Mosu超強聯乘菜單🇰🇷 
-
地區分類：#fca_尖沙咀
-
最近食過超有記憶點的四手聯乘Menu! 由首爾米芝蓮三星行政總廚兼黑白大廚評判安成宰
掌舵嘅餐廳Mosu，聯乘越南米芝蓮1星Gia合作打造嘅8道菜Menu✨ 完美融合韓國與越南風味，真係每道菜都食到嘩嘩聲，誇張到連湯汁都飲埋🤭 雖然聯乘菜單供應日期已過，但作過已回訪Mosu三次嘅忠實小粉絲而言，還是非常值得朝聖🙂‍↕️❤️
-
🥂 𝐒𝐚𝐯𝐨𝐮𝐫 𝐌𝐞𝐧𝐮*
* 𝒟𝒶𝓉𝑒: 𝟤𝟢-𝟤𝟤 𝑀𝒶𝓎 𝟤𝟢𝟤𝟧
-
𝗦𝗺𝗮𝗹𝗹 𝗕𝗶𝘁𝗲𝘀
由兩位Chef分別製作嘅4款精緻前菜！分別有來自Bruno嘅橄欖撻配橄欖啫喱 以及帝王蟹雅枝竹脆杯；另外2款由Sam製作嘅真鯛刺身 以及燜鮑魚配蕃茄醬✨
*
𝗕𝗹𝘂𝗲 𝗟𝗼𝗯𝘀𝘁𝗲𝗿 ”𝗦𝘂𝗸 𝗛𝗼𝗲“
半煮藍龍蝦🦞 龍蝦肉呈半熟狀態，入口超鮮嫩！湯汁方面加入了蘿蔔、蘑菇等配料，相對會比較清新淡雅，配上爽彈嘅龍蝦肉有提鮮嘅作用
*
𝗩𝗶𝗲𝘁𝗻𝗮𝗺𝗲𝘀𝗲 𝗥𝗶𝗰𝗲 𝗡𝗼𝗼𝗱𝗹𝗲, 𝗔𝗽𝗿𝗶𝗰𝗼𝘁 𝗩𝗶𝗻𝗲𝗴𝗮𝗿
越南河粉配杏果醋🥢 去越南點少得Pho😎 依款麵條搭配酸甜清爽嘅杏果醋，加上海鮮作點綴，非常適合夏日嘅味道！
*
𝗦𝗽𝗿𝗶𝗻𝗴 𝗩𝗲𝗴𝗲𝘁𝗮𝗯𝗹𝗲𝘀 𝗶𝗻 𝗚𝗿𝗲𝗲𝗻
香煎帶子配蘆筍泡沫· 魚子醬，味道balance得剛剛好，帶子與蘆筍完美融合，加上魚子醬將成個鮮味level up! 整個組合好似置身春日小田園咁🌿 
*
Hanwoo, Vietnamese Citrus Peppercorn
韓牛配越式胡椒汁🐂 由兩位Chef合作炮製，幾欣賞韓牛嘅油脂比例剛剛好，肉質柔軟，一旁搭配由Chef Sam挑選嘅本地芥菜。
*
𝗝𝗲𝗷𝘂 𝗣𝗼𝗿𝗸, 𝗕𝗹𝗮𝗰𝗸 𝗚𝗮𝗿𝗹𝗶𝗰
全餐飯其中一道MVP，每個人食完都讚好嘅濟州豬配黑蒜醬❤️ 外皮炸至金黃酥脆，用上豬面頰位置，所以口感非爽彈！分別搭配韓國大醬 & 黑蒜醬，成個味道體驗都唔同～
*
𝗟𝗼𝘁𝘂𝘀 𝗙𝗹𝗼𝘄𝗲𝗿 𝗥𝗶𝗰𝗲, 𝗦𝗲𝗮 𝗘𝗲𝗹
海鰻蓮花飯🪷 Chef Sam係個飯花左唔少心思，用茶葉釀咗喺蓮花入面，再用cold brew嘅water去煮個飯🍚 上面再灑上炸黑蒜碎，加上燒至外皮焦脆嘅鰻魚，平時唔食飯嘅我都食晒成碗先行停手🤣
*
𝗦𝗺𝗮𝗹𝗹 𝗦𝘄𝗲𝗲𝘁𝘀
先用桂花香蕉sorbet清一清味蕾，再迎接期待已久嘅甜品- 大樹菠蘿慕絲蛋糕 配紫薯雪糕，面層以焦糖餅乾作點綴。成個組合又係非常輕，食完冇乜負擔感🥰
-
Mosu Hong Kong (尖沙咀)
尖沙咀西九文化區博物館道38號M+ 3樓"
,The Cheesecake Factory,尖沙咀,西式,200-400,大班聚會,脆炸芝士角、小餐館漢堡、夏日蜜桃冰茶、芝士蛋糕,https://www.instagram.com/p/DKy-Zp5B-2H/,DKy-Zp5B-2H,,"✨邪惡MAX! 全新菜式登陸人氣美式餐廳🧀
-
地區分類：#fca_尖沙咀
-
出哂名食物份量超大份，主菜超過200款選擇嘅人氣美式餐廳The Cheesecake Factory，真係每次經過都排晒長龍🤫 今次除左去朝聖佢哋超邪惡嘅芝士蛋糕外，最近仲有一系列新菜式，啱晒嚟緊父親節帶埋爹哋一齊開心share！
-
•炸雞公司沙律 ($188)
加入脆炸雞、煙肉、藍芝士、番茄、青瓜及洋蔥等配料，食落一啲都唔會Dry✨ 搭配蜂蜜油醋汁，夠清新開胃!
*
•小餐館漢堡 ($178)
重量級登場! 裏面夾住煙肉以及焦糖洋蔥🥓 加上自家製牛扒汁 & 蒜泥蛋黃醬，係會越食越上癮個隻！
*
卡真三文魚 ($308)
幾鐘意三文魚烤至兩面金黃，亮點係個配克里奧爾醬汁到，酸酸甜甜同個魚幾match🐟 一旁唔少得海量嘅薯蓉以及牛油粟米！
*
•脆炸芝士角 ($96)
極度邪惡嘅炸芝士🧀 外層炸到非常酥脆，裏面係滿滿嘅軟心芝士，記住要趁熱食，咁先有澎湃嘅拉絲效果😆 配返意式番茄忌廉醬可以一解油膩感
*
夏日蜜桃冰茶 ($68)
西班牙果茶 ($68)

一系列為夏日而設嘅冰茶系列🍹 私心推薦蜜桃冰茶，混合了蜜桃、芒果、新鮮青檸及茉莉花茶，非常Refreshing🍑
-
The Cheesecake Factory (尖沙咀)
尖沙咀廣東道25號海港城港威商場地下G102號舖
澳門倫敦人購物中心2樓2203D&E號舖

#TheCheesecakeFactoryHK #NewMenu #NewMenuRollOut"
,蟹八爺,尖沙咀,中菜,50-200,打卡必到,極品至尊蟹黃麵、熟醉陳年花雕蟹、蟹粉大湯包,https://www.instagram.com/p/DKrPctzhBWa/,DKrPctzhBWa,,"💛誇張逆市價! $49黃金瀑布蟹黃麵🦀
-
地區分類：#fca_尖沙咀
-
係香港竟然只係用$49就食到瀑布蟹黃麵，全港最平之餘，仲分分鐘扺過返深圳食！呢間喺尖沙咀新開嘅蟹黃麵店，係江蘇有5000畝嘅自家養蟹場直送香港，所以價錢上做到夠晒親民😎 一邊用最平$49食蟹黃麵 (增量50%都只係+$20‼️ ) 另一邊可以自行組合土豪高配版，用最貴$574食碗蟹黃麵🤭 就算係糧尾抑或出糧後獎勵自己都啱哂！
-
< 主食 >
•極品至尊蟹黃麵 ($148)
一場嚟到點都食豪啲🤭 依款極品至尊版本集齊蟹膏+蟹黃+蟹肉+蟹白膏，一次過倒哂落去超級澎湃‼️ 好似一次過吞左十隻大閘蟹咁!!! 教埋大家土豪食法，另加XL西班牙珍寶深海紅魔蝦 ($299)，將裏面嘅蝦頭膏倒埋落去，蟹膏+蝦膏結合，邪惡到一個點🥹❤️ 肉質亦超鮮嫩！
另外亦再加配三文魚籽 ($39)、日本海膽 ($49)、魚子醬 ($49/小)。
*
< 小食 >
•熟醉陳年花雕蟹 ($68)
食完蟹黃麵，點都要食埋原隻大閘蟹先夠滿足😌 用上陳年花雕熟醉過，蟹膏蟹肉都充滿甜甜嘅花雕酒香～
*
四彩繽紛小籠包 ($29)
一次過試匀麻辣＋香菇+雞肉＋黑松露口味，每隻味都幾突出，保留充份嘅湯汁！個人最愛麻辣🌶️ 食落帶微辣幾過癮！
*
•蟹粉大湯包 ($38)
會爆汁是常識吧！裏面仲係充滿蟹粉鮮味嘅湯汁✨ 湯包嘅外皮亦厚薄適中！
*
水晶雪梨凍 ($10)
-
蟹八爺 (尖沙咀)
尖沙咀厚福街5-6號多富閣地下5號舖
📞 61331666"
,沁蝶 (Butterfly Patisserie),中環,甜品,98-108,打卡必到,北海道吉士撻、香芋吉士撻,https://www.instagram.com/p/DKwY_6xhZHK/,DKwY_6xhZHK,,"✨20秒真人實測! $108全港最貴蛋撻✨
-
地區分類：#fca_中環 
-
原本以為$98一個蛋撻已經好癲? 依家直程要三位數先食到🤣 最近香港瑰麗酒店Butterfly Patisserie 係IFC連卡佛開設期間限定店，除左有之前爆紅嘅北海道吉士撻，更誇張嘅係推出叫價$108嘅全新香芋吉士撻，仲要每日限量100件，每人限購四件，就算係咁當日都大排長龍😎
-
•北海道吉士撻 (HK$98)
•香芋吉士撻 (HK$108)

佢哋嘅蛋撻內餡比例比較高，而且口感綿密滑溜，香芋口味嘅芋頭味幾突出💜 感覺有啲似飲緊台式香芋奶茶咁～ 外層酥皮超級香脆，但又唔會好油膩！相比起個人會更鍾意原味，用上大溪地雲呢拿，好香雲呢拿味之餘仲大陣陣蛋香，係幾出色嘅！
-
沁蝶 (中環)
中環港景街1號國際金融中心3樓連卡佛"
,UnME,九龍城,西式,300-500,打卡必到,烤龍蝦尾海鮮汁燴飯、火燒法式露絲瑪莉鐵板羊膝、蘋果木煙燻法式鵝肝、UnME 杜拜朱古力開心果提拉米蘇,https://www.instagram.com/p/DJY1yb9JVYq/,DJY1yb9JVYq,,"✨日落靚景! 嘆日法Fusion料理🍴
-
地區分類：#fca_九龍城
-
留言「🗻」請你飲靚靚維也納雪山!!!
-
最近終於有機會去啟德新開嘅商場雙子匯行下，點知發現到個冇人知嘅超正日落打卡位🌅 仲可以對住咁靚嘅高空景飲返杯！講緊係依間主打日法Fusion料理餐廳，除左户外有咁靚嘅城市景外，菜式亦夠哂IGable，啱哂同朋友一齊過嚟Chill下！
-
< 𝗦𝗧𝗔𝗥𝗧𝗘𝗥 / 𝗦𝗢𝗨𝗣 >
•蘋果木煙燻法式鵝肝 配 炙燒焦糖香蕉 ($168)
•黑魚子、鮮蟹肉、牛油果 配酥炸脆球 ($128)

超有儀式感嘅煙燻鵝肝🤍 厚切之餘入口帶油脂嘅甘香，搭配焦糖香蕉 以及士多啤梨有解膩嘅作用🍓；印度脆球裏面竟然係滿滿嘅蟹肉 & 牛油果蓉，味道又幾清新🥑🦀

•北海道帶子、虎蝦、海鮮 配 茶壺龍蝦湯 ($168)
有咩開心得過飲到濃郁嘅龍蝦湯？係裏面仲有滿滿嘅海鮮配料😍 用茶壺裝住儀式感十足！
*
< 𝗠𝗔𝗜𝗡𝗦 >
•烤龍蝦尾海鮮汁燴飯 ($268)
•火燒法式露絲瑪莉鐵板羊膝 ($288)
•當嚟自法國嘅油封鴨腿 遇上 日本新紀元曉 UnME 窩夫 ($358)

3款重量級主菜，閉着眼點就對了！超厚肉嘅烤龍蝦尾，搭配海鮮汁燴飯真係鮮味Double Up 🔝 席前火燒鐵板羊膝，肉質軟嫩而且啖啖肉，配菜亦比得好足！油封鴨腿外皮做到金黃焦脆，配上鬆軟嘅窩夫，再淋上楓糖漿，成件事好Match ❤️
*
< 𝗗𝗘𝗦𝗦𝗘𝗥𝗧𝗦 >
•UnME 杜拜朱古力開心果提拉米蘇 ($98)
捉緊杜拜朱古力熱潮💚🍫 將Tiramisu二合一，組成最強邪惡甜品組合!!! 食落仲有香濃嘅咖啡味～
*
< 𝗗𝗥𝗜𝗡𝗞𝗦 >
•士多啤梨、藍柑維也納雪山 ($56)
•柚子酒 ($68)

除左有啱哂打卡嘅漸層維也納雪山🏔️ 餐廳亦提供一系列酒精，柚子酒酸酸甜甜好清新，坐係户外嘆返下夠哂Chill✨
*
UnME (九龍城)
九龍城啟德協調道12號雙子匯1期崇光啟德店食匯堂14樓1401號舖"
,鐘路雞林辣炖雞湯元祖,銅鑼灣,韓國菜,368-450,大班聚會,辣炖雞湯、拉絲芝士炒飯、炭燒雞心、韓式糖餅,https://www.instagram.com/p/DJWRKTOh88x/,DJWRKTOh88x,,"🐓韓國過江龍辣炖雞-銅鑼灣店實測🇰🇷
-
地區分類：#fca_銅鑼灣
-
🔔影片聲音導航中

係韓國1965 年開業嘅辣炖雞，連韓國人都要排隊，更加由韓國黑白大廚白種元親身推薦過😱❤餐廳環境幾舒服，氛圍輕鬆，啱晒想慢慢享受美食嘅你🤭 雞湯雖然有唔辣選擇，但個人推介招牌辣炖煮雞湯！除左主角隻雞之外，另一MVP一定係個拉絲芝士炒飯，食哂成個組合咁先滿足✨
-
< 辣炖雞湯 >
•辣炖雞湯 ($368/S)
最令人注目嘅一定係面層嘅小蒜山🤩 記住食之前夾少許蒜落醬油碟到，之後點雞就更惹味！雞肉毫無疑問夠嫩滑，鍋裏面嘅年糕、薯仔、雞肉，大蔥等所有材料嘅精華煮成嘅湯頭真係又鮮又上癮❤ 記得唔好浪費湯底精華，另加做芝士炒飯 (+$60) 或 粥 (+$50) 都咁正！
*
< 全新小食 >
•炭燒雞心 ($78)
•芝士五花肉 ($80)
•蔬菜雞卷 ($65)
•吉列蝦 ($70)
•吉列蠔 ($75)
•灌湯迷你豬肉餃子 ($38)

最近推出咗幾款新小食, 其中個人最愛炭燒雞心，食落Q彈軟嫩，仲帶陣陣炭香🔥 芝士五花肉就夠哂邪惡，拉絲效果滿分!!! 吉列蝦 以及吉列蠔炸得金黃酥脆，送酒一流🍻
*
< 經典小食 >
•韓式糖餅 ($50)
神還原韓國街頭小食- 糖餅✨ 外皮烤至酥脆，而裏面係黑糖+堅果 + 肉桂粉，香甜又不會太膩～
-
鐘路雞林辣炖雞湯元祖
📍銅鑼灣耀華街3號百樂中心7樓 
電話: 24330888 
(港鐵銅鑼灣站A出口，行3分鐘就到！)

📍尖沙咀金巴利道46-48號東滙大廈地下低層
電話/whatsapp: 53343088"
,Tozzo,中環,Cafe,268,打卡必到,手工Gelato (特濃開心果、柑橘冰沙)、牛油果多士配煙肉水波蛋及三文魚子,https://www.instagram.com/p/DJtbvc8pivn/,DJtbvc8pivn,,"🍨意式風情! 假日Gelato早午餐☕️
-
地區分類：#fca_中環 
-
有咩開心得過Weekend食返個Brunch? 係一次過食埋Gelato🤗💕 繼上一次到訪依一間意大利Cafe已經係新開張嘅時候，估唔到依家多左咁多菜式！咖啡店由Tatler最佳甜品師 @fabiobardi84 主理，主打一系列手工Gelato & 輕食 (好似依家仲有酒飲😛) 仲有户外用餐區夠哂Chill~
-
🍨 𝐁𝐫𝐮𝐧𝐜𝐡 𝐒𝐞𝐭 ($268/pp)*
*SAT-SUN 11AM-4PM
-
•麵包籃
•迷你冷切肉盤
*
< 𝗠𝗔𝗜𝗡𝗦 >
•楓糖牛油美式鬆餅
/
•牛油果多士配煙肉、水波蛋及三文魚子

主菜以輕食為主，邪惡啲嘅可以揀Pancakes🥞 但略嫌Plain左啲，有啲水果伴碟會更開心！香脆嘅多士加上牛油果、煙肉、水波蛋、三文魚子一定冇得輸，水波蛋亦做到流心效果🥑
*
< 𝗗𝗘𝗦𝗦𝗘𝗥𝗧 >
•每日限定甜點/細杯意式手工雪糕
一定要點的Gelato，細杯Piccolo已經可以揀2款口味～ 當日有8款口味揀，今次試左特濃開心果+柑橘冰沙，開心果比之前食更濃厚了，而且甜度降低左，食落更舒服🥰 柑橘冰沙就夠哂Refreshing🍊
-
Tozzo (中環)
中環荷李活道10號大館21座賽馬會藝方2樓"
,泰發泰國餐廳,九龍城,泰國菜,100-200,深夜食堂,招牌檸檬燒牛肉、泰發船河、椰青咖哩海鮮、芒果糯米飯,https://www.instagram.com/p/DJltVU3RqqS/,DJltVU3RqqS,,"🔥九龍城街坊店! 30年地道泰菜🇹🇭
-
地區分類：#fca_九龍城
-
由九龍城街坊推薦嘅泰國菜一定冇錯，仲要兩個鋪位連住都坐滿哂人🫢 聽講已經開左30幾年，由泰廚主理，連店員都係泰國人～ 嚟到就一定要朝聖佢哋嘅招牌檸檬燒牛肉，基本上每枱都有叫，冇食過就等於冇嚟過🤣✨ 仲要開到凌晨兩點，食返個宵夜夠晒正！
-
•招牌檸檬燒牛肉 ($138)
•泰國青芒軟殼蟹 ($138)

每枱必食檸檬燒牛肉🐂🍋 份量夠哂足之餘，牛肉仲係好粉嫩，搭配靈魂泰式檸檬酸辣汁，非常醒胃！另外青芒沙律配軟殼蟹亦都唔錯，青芒爽脆，醬汁加左唔少蝦仔落去，增加返整個鹹鮮味！
*
•串燒套餐 ($66)
一次過可以試匀串燒豬+雞+牛+ 墨魚鬚 (另外仲有燒雞腎 & 雞全翼選擇) 全部都燒得幾靚仔，由其係墨魚鬚口感超爽彈！配返個自家製沙嗲醬，真係送啤酒一流🍻🔥
*
•泰發船河 ($53)
每次去泰國菜餐廳必點嘅船麵🤭 呢度嘅湯底都整得唔錯，顏色對路，味道就係泰國會食到嘅味道❤️ 最重要係豬肉片、豬肉丸以及炸豬皮等配料比得幾足！
*
椰青咖哩海鮮 ($138)
真心建議大家一定要配個蒜蓉包 (當日太飽就冇配到🥹) 如果椰青裏面裝住掛住滿滿咖喱汁嘅雜錦海鮮！兩大隻青口真係夠晒過癮，裏面仲有魷魚、大蝦等！
*
芒果糯米飯 ($63)
最後點少得芒果糯米飯🤩 仲要係五色糯米飯夠晒有誠意～ 糯米飯熱辣辣，口感夠晒煙靭軟糯，配返香甜芒果，瞬間返咗泰國咁！
-
泰發泰國餐廳 (九龍城)
九龍城城南道8號東昇閣地舖"
,帕泰家,太古,泰國菜,150-300,打卡必到,雜錦海鮮桶配辣醬、酸辣火山骨、雞髀泰北咖哩湯麵,https://www.instagram.com/p/DJy7W-LBnML/,DJy7W-LBnML,,"🇹🇭夠低調! 美食廣場隱藏正宗泰菜🥢
-
地區分類：#fca_太古
-
估唔到太古城中心嘅food court竟然有間連續6年榮獲泰國米芝蓮必比登推介嘅泰國過江龍餐廳😱💕 附近嘅打工仔可以隨時可以食到正宗泰菜太「泰」幸福了!!! 餐廳由30年泰菜經驗嘅泰廚坐鎮 (香港唔少出名泰菜師傅都係車師傅嘅弟子)，全泰廚班底，所以保證係泰國食到嘅味道！
-
•雜錦海鮮桶配辣醬($498/2-3人份)
倒出嚟嘅時候夠哂震撼澎湃🤩 入面可以一次過食匀原隻波士頓龍蝦、虎蝦、鮑魚、魷魚及青口等多款海鮮🦞 仲有泰式魚蛋、粟米等配料～ 一定唔少得由車師傅特調嘅靈魂秘製醬汁，完美沾滿所有海鮮，香辣帶蒜香，所以記住要叫返碗白飯，個汁真係送飯一流😛
*
•酸辣火山骨($168/小) 
就算點小份都夠2-3人Share✨ 最重要係個泰式酸辣汁完全係泰國食到嘅味道🌶️ 酸爽開胃，用手食就更加滋味～
*
•雞髀泰北咖哩湯麵 ($68)
個人最愛Khao Soi!!! 重點所在一定係以泰國紅咖喱醬+椰奶為基底嘅濃厚湯汁🥹💕 麵條掛滿咖哩汁，加上大大隻雞脾，每一啖都超滿足！
*
•芒果糯米飯 ($58)
估唔到依到嘅芒果糯米飯都有驚喜！糯米飯煙韌軟糯，食落仲帶陣陣斑斕清香🌿 芒果亦夠香甜！
*
椰青 ($46)
-
帕泰家 (太古)
太古太古城道18號太古城中心2樓255及266號舖Carnival by Food Fiesta內"
,瀧宴日本料理,銅鑼灣,日本料理,280-880,拍拖約會,野生生猛龍蝦、日本宮崎和牛、原隻北紫海膽配吞拿魚腩三文魚子,https://www.instagram.com/p/DKKFHERBTUA/,DKKFHERBTUA,,"🇯🇵即撈即煮! 抵食の海景鐵板燒🦞
-
地區分類：#fca_銅鑼灣
-
邊個諗到係港島區，Lunch低至$280 體驗到鐵板燒嘅風味兼食足8道菜 (有南非鮑魚+美國牛肉) 仲要俯瞰維港海景，咁嘅價錢就真係性價比爆燈🙂‍↕️❤️ 今次試依個Menu都大癲，八百幾食11道菜，食匀鮑魚+ 龍蝦+ 鵝肝+ 宮崎和牛，海鮮仲要係個魚缸即撈即煮，肉眼可見的新鮮！臨近父親節帶爸爸嚟都係一個唔錯嘅選擇！
-
🐂 Takiyan 特選和牛套餐 ($880/pp)
-
•自家製醬汁煮南非鮑魚
•季節刺身3款
•原隻北紫海膽配吞拿魚腩三文魚子($240)
•金鎗魚腩手卷

一開始以多款刺身打頭陣✨ 當日季節刺身為大拖羅、油甘魚 & 金目鯛；另外Highlight一定係另外追加嘅原個海膽🤩 啲海膽肉真係痴住個殼，連埋吞拿魚腩蓉+三文魚子一齊食，鮮甜到一個點😭🫰🏻
*
•海鮮茶碗蒸
•季節吸物
*
•野生生猛龍蝦
由魚缸即撈嘅澳洲龍蝦，保證入口夠新鮮之餘🤭🦞 肉質更結實緊致，搭配用上蝦頭膏&牛油煮成嘅醬汁，整個味道昇華了不少🧈
*
•斑馬瀨尿蝦 (時價)
係到竟然有手臂咁長嘅斑馬瀨尿蝦食😱 肉質鮮甜，最重要係有橙紅色流心蝦膏!!!! 用比較西式嘅醬汁烹調，又意外地Match~
*
•鹽燒金鎗魚金三角 (時價)
金三角指吞拿魚嘅下巴位🐟 肉質柔軟而且油脂感大爆發，有啲位直情入口即溶，超級邪惡，但又食唔停口！
*
•香煎鵝肝伴自家制醬汁
•日本宮崎和牛/西班牙黑毛豬

鵝肝煎至兩面金黃香脆，配上自家制藍莓醬汁，酸酸甜甜有解膩作用😇 當然唔少得主角日本宮崎和牛，厚切關係更能突出油脂感，中間夜能保留粉嫩顏色！
*
•煙肉香蒜炒飯
•炒什菜
•是日精選甜品
-
瀧宴日本料理 (銅鑼灣)
銅鑼灣糖街25-31號Sugar+ 26樓
訂座電話：35430099/65026365（WhatsApp)"
,The Optimist,灣仔,西式,588,拍拖約會,法國Fine de Claire生蠔、香草烤雞、西班牙油條、西班牙焦糖奶凍,https://www.instagram.com/p/DKRfrOuBmbg/,DKRfrOuBmbg,,"🇪🇸超誇張! 任食法國生蠔x西班牙晚宴🥂
-
地區分類：#fca_灣仔 
-
生蠔控都大推!!! 90分鐘法國生蠔任食+7道菜西班牙晚餐😱❤️ Menu只限星期四晚，所以當日基本上所有人都食生蠔放題🦪 每輪12隻快速上枱，加上多款西班牙地道美食，食得夠爽！記住要book位，因為都好full下～
-
🦞 𝐎𝐲𝐬𝐭𝐞𝐫 𝐄𝐱𝐭𝐫𝐚𝐯𝐚𝐠𝐚𝐧𝐳𝐚 ($588/pp)*
*逢星期四晚供應
* 價錢已包含90分鐘生蠔任食
-
< 𝗦𝗧𝗔𝗥𝗧𝗘𝗥𝗦 >
•西班牙番茄脆包
•煮青口
•吞拿魚他他
*
< 𝗢𝗬𝗦𝗧𝗘𝗥 𝗙𝗥𝗘𝗘-𝗙𝗟𝗢𝗪 >
•90分鐘任食生蠔

當日食嘅係來自法國嘅Fine de Claire生蠔，已經幫大家睇過每一隻都係連殼的😎，肉質爽口但就偏薄身，海水味對比之前冇咁出！兩個人去每輪12隻，食完會主動問要唔要下一Round，上菜都幾快，唔會好似出面同你揼波鐘，生蠔控一定食得夠爽🤭 
*
< 𝗠𝗔𝗜𝗡 >
•香草烤雞
•炭燒西冷牛扒

一共5款主菜可以選擇，今次揀嘅烤雞有驚喜，外皮金黃香脆，肉質亦夠水嫩~ 另外可+$98/pp可升級至波士頓龍蝦飯，但因為之前試過，寧願夠多啲位食多幾隻蠔🥰
*
< 𝗗𝗘𝗦𝗦𝗘𝗥𝗧 >
•西班牙油條 配焦糖醬&朱古力醬
•西班牙焦糖奶凍

佢哋嘅Churros一向幾好食，質感外脆內軟！另外西班牙焦糖奶凍淋上橙酒，做flambé效果，夠哂吸睛🔥🥄
-
The Optimist (灣仔)
灣仔軒尼詩道239號地下至2樓"
,WATERMARK,中環,西式,598,打卡必到,淺漬帶子、烤魷魚一夜干、烤豬腩肉、烤原隻波士頓龍蝦,https://www.instagram.com/p/DJ85oGsJH5d/,DJ85oGsJH5d,,"🦞任食10+前菜! 週末海景暢飲Brunch🌊
-
地區分類：#fca_中環 
-
邊個估到原來平時經過中環碼頭有間咁靚嘅餐廳，望住270度無遮掩維港海景，兼超高樓底，簡直係咁繁忙嘅中環區裏面的小世外桃源✨ 如果大家週末嚟到，仲可以試埋佢哋最近新出嘅Free Flow Brunch，任食10+前菜之餘，當然唔少得假期必備嘅酒精Free Flow🥰 連最愛嘅Aperol Spritz都可以任飲，呢個weekend知去邊啦！
-
🌊 𝐇𝐀𝐑𝐁𝐎𝐔𝐑 𝐁𝐑𝐔𝐍𝐂𝐇 𝐁𝐋𝐈𝐒𝐒 ($598/pp)*
* 逢週末&假期 12nn - 3pm 供應
* 已包一杯茶/咖啡
* 150分鐘無限暢飲Aperol Spritz/Suzie Mary/紅/白/有汽酒/Stella啤酒 (+$290/pp)
-
< 𝗔𝗣𝗣𝗘𝗧𝗜𝗭𝗘𝗥 >
•Sourdough 酸種麵包
•Hamachi Crudo 淺漬油甘魚
•Scallop Crudo 淺漬帶子
•Pickled Beetroot Salad 紅菜頭沙律
•Wagyu Beef Tartare 和牛他他
•Gem Lettuce Salad 迷你羅⾺⽣菜沙律
•Burrata Mousse 布拉塔芝士
•Semi-dried Squid 烤魷魚一夜干
•Corn Fritters 炸粟米餅
•Broccolini 西蘭花苗
•Pork Belly 烤豬腩肉

11款前菜無限Refill🤩 平時點單百幾蚊嘅前菜照樣任點！私人分享回本位- 淺漬帶子、烤魷魚一夜干 以及烤豬腩肉都係送酒一流!!! 和牛他他也不錯一試，單點平時要$188㗎！
*
< 𝗠𝗔𝗜𝗡 𝗖𝗢𝗨𝗥𝗦𝗘 >
•Australian Lamb Rack 烤澳洲羊架
•Grilled Whole Boston Lobster 烤原隻波士頓龍蝦 (+$220)

主菜一共7款選擇～ 唔洗另外加錢已經食到燒三文魚/三黃雞卷/伊比利亞豬/墨汁燴飯等🤤 羊架正常發揮，裏面保留到粉嫩嘅顏色！另外升級食原隻波士頓龍蝦🦞 面層鋪滿三文魚子，配上甜甜的西京味噌又幾Match!
*
< 𝗦𝗪𝗘𝗘𝗧𝗦 >
•Dessert Platter
甜品拼盤
-
WATERMARK (中環)
中環7號碼頭L號舖"
,Soft Thunder,灣仔,Cafe,13-32,打卡必到,咖啡黑糖麻糬千層脆片蛋撻、原味千層脆片蛋撻、朱古力味獨角酥,https://www.instagram.com/p/DJ3u9jSJt69/,DJ3u9jSJt69,,"✨完勝人龍店? 超強拉絲麻糬千層蛋撻💕
-
地區分類：#fca_灣仔 
-
作為一個蛋撻控，今次食到近期覺得好滿意嘅蛋撻🥹❤️ 仲要唔洗排隊，絕對係烘焙界嘅黑馬！依間Bakery x Cafe 嘅酥皮蛋撻一直都係人氣Item，最近連同招牌獨角酥一齊推出最新升級版本!!!
-
•原味千層脆片蛋撻 ($13)
蛋撻 3.0 版本- 原味千層脆片蛋撻🤩 外層酥皮撻殼做到好酥脆，一層層好似薄如紙咁，最重要係上手唔會太油膩！內層蛋漿亦夠滑嫩帶蛋香～
*
•咖啡黑糖麻糬千層脆片蛋撻 ($17)
全新口味！香濃咖啡與煙韌軟糯嘅黑糖麻糬好match😎☕️ 新鮮出爐嘅拉絲效果超誇張，放涼少少口感就會更煙韌！
*
•原味獨角酥 ($32)
•朱古力味獨角酥 ($32)

進化版本嘅味道+口感更輕盈😌 個人更愛朱古力味！牛奶朱古力內餡配上脆筒外圈嘅63% 法國黑朱古力🍫 正！
-
Soft Thunder (灣仔)
灣仔皇后大道東31號地下B號舖"
,Mama Tiger Noodles,上環,泰國菜,150-300,打卡必到,和牛船麵、冬陰公雲吞、斑斕焦糖燉蛋,https://www.instagram.com/p/DJg4WUjpCBU/,DJg4WUjpCBU,,"🥢實測! 新開人龍泰式麵店 🇹🇭
-
地區分類：#fca_上環
-
一試業即現人龍嘅新開泰式麵店，由灣仔人氣意大利餐廳@trattoriafelinohk 團隊打造，餐廳主廚仲要係曼谷知名船麵連鎖店Thong Smith任職過，所以大部分人都係衝住佢哋嘅船麵而來🤭❤️ 店內行泰拳型格風，酒吧位仲播住泰拳比賽，成個vibe夠哂Chill!
-
< 𝗔𝗽𝗽𝗲𝘁𝗶𝘀𝗲𝗿 >
•Larb Jellyfish ($118)
•Hat Yai Fried Chicken ($118)
•Wonton Tom Yum ($128)

海蜇沙律辣得幾過癮🔥 但如果唔食得辣嘅朋友仔就要留意喇～ 必點冬陰公雲吞，自家製雲吞面層鋪滿肉碎+花生+炸豬皮🥜 可以選擇炸雲吞/蒸雲吞，個人較推蒸的～
*
< 𝗡𝗼𝗼𝗱𝗹𝗲𝘀 𝗦𝗼𝘂𝗽 >
•Wagyu Boat Noodles ($158)
和牛船麵🥢🐂 睇個湯底已經知夠哂濃厚，用上牛腩位置，口感會更實在！麵條亦充分吸收湯底嘅精華～

•Tom Yum Moo ($138)
酸辣開胃嘅豬肉冬陰公湯麵🌶️ 除左豬肉碎，仲有肉片以及豬肉丸！幾鐘意佢哋加左花生，成個風味出哂嚟🥰 蛋麵亦夠爽彈，同個湯底好match~
*
< 𝗗𝗲𝘀𝘀𝗲𝗿𝘁 >
•Thai Tea ($68)
•Thai Crème Brûlée ($88)

估唔到成餐飯另一個MVP係斑斕焦糖燉蛋🤭 食落帶陣陣斑斕香味，配上椰子雪糕，Perfect Match!!! 泰茶雪糕亦不錯一試，口感軟滑而且幾濃茶味！
*
< 𝗖𝗼𝗰𝗸𝘁𝗮𝗶𝗹𝘀 > 
•Mango & Passionfruit Margarita ($88)
•Kaffir & Lemongrass Mule ($88)
-
Mama Tiger Noodles (上環)
上環九如坊12號地舖"
,Teppanroom,灣仔,日本料理,550-1620,拍拖約會,巴塔哥尼亞産・紙包牙魚、熊本産・特柑火焰銅鑼燒,https://www.instagram.com/p/DJeUKHTB6au/,DJeUKHTB6au,,"🇯🇵今年必訪! 酒店低調日式鐵板燒🔥
-
地區分類：#fca_灣仔 
-
🔔影片聲音導航中

大家可以撳定個bookmark掣，因為依家真係食過咁多間鐵板燒裏面最有驚喜!!! 餐廳位於灣仔君悅酒店閣樓，門面低調，店內行格調歐日設計，每個位都可以望到師傅席前烹調✨ 午市6道菜$550/位起，今次嘅春日限定菜單更加可以食足7道菜，試匀多款日本時令海鮮，包括天然平貝、赤座海老、喜知次等🤭 連甜品都充滿視覺效果！
-
𝐓𝐞𝐩𝐩𝐚𝐧𝐫𝐨𝐨𝐦 𝐒𝐞𝐚𝐬𝐨𝐧𝐚𝐥 𝐌𝐞𝐧𝐮 ($1620/位)*
*Wine Pairing (+$690/位)
-
•季節の刺身
當日為左口魚、拖羅、鯛魚 以及池魚
*
•愛知産・天然平貝
一開始已經用平時見到超大隻嘅平貝打頭陣😱❤️ 搭配春季時令嘅白露筍以及毛豆泥，面層再灑上少量鹹蛋黃碎，特顯返平貝嘅鮮甜味！
*
•神奈川産・赤座海老
好耐冇食過咁正嘅海螯蝦🥹 簡單地將兩面煎至焦香，再配返靈魂所在- 蝦頭濃湯，飲落濃厚綿密，將蝦肉嘅鮮味提升至另一層次✨
*
•北海道産・喜知次
個人超愛食喜知次🐟 鐘意魚肉夠結實而且魚味濃！喺鐵板燒過之後表皮仲帶焦脆嘅感覺～配上用魚頭+魚骨製成嘅柚子醬，又幾清新！
*
(巴塔哥尼亞産・紙包牙魚)
全晚其中一道最愛嘅菜式😍 用紙包嘅方法，將煎至金黃嘅牙魚同蔬菜湯汁一齊煮，魚肉厚身，入口魚油夠豐富，亦充分吸收湯汁嘅精華🍴
*
•近江産・和牛里脊肉
唔少得嘅主角- 日本和牛🐂❤️ 好欣賞油脂感唔會過份地重，油份分佈平均細膩，加上肉質軟嫩，就算係成餐飯嘅尾聲都食得好舒服～ 另外配上季節の野菜。
*
•桜海老・烏賊炒飯
*
•熊本産・特柑火焰銅鑼燒
去到最後甜品都咁有驚喜🤭 用上熊本嘅不知火柑，鮮甜多汁而且仲有火焰效果睇！加上麻糬夾心銅鑼燒、自家製櫻花雪糕以及十勝紅豆，誠意💯
-
Teppanroom (灣仔)
灣仔港灣道1君悅酒店閣樓"
,"LMO Freshly Baked, COVA, 更紗制菓 SARASEI, La Famille, A-1 BAKERY",,甜品,260-598,打卡必到,Love with Mum蛋糕、Carnation Bliss鮮果忌廉蛋糕、日本白桃茉莉慕絲蛋糕、士多啤梨玫瑰提拉米蘇戚風蛋糕、絢麗交響曲,https://www.instagram.com/p/DJbaNOXJUus/,DJbaNOXJUus,,"💐最強攻略! 母親節蛋糕5選🎂
-
💕 𝐋𝐌𝐎 𝐅𝐫𝐞𝐬𝐡𝐥𝐲 𝐁𝐚𝐤𝐞𝐝

•「Love with Mum」蛋糕 ($598)
由米芝蓮3星Amber行政糕點主廚Carles Codina為母親節設計嘅蛋糕✨ 以純素白朱古力豆奶慕絲包著法式杏仁海綿蛋糕，食落帶清新嘅豆奶香！內餡搭配酸酸甜甜嘅紅桑莓果蓉，非常Light而且小清新嘅蛋糕，絕對啱哂媽媽們嘅味蕾～(另外仲有Mini版本「Bisou for Mum」蛋糕 ($78)喔)
*
@mo_landmarkhk
@charles_codina
@rekkebus
-
🌹 𝐂𝐎𝐕𝐀

•Carnation Bliss 鮮果忌廉蛋糕 ($488/5吋)
由意大利餅房推出一系列以「花」為靈感嘅母親節蛋糕🌷 最搶眼一定係紅色康乃馨嘅Carnation Bliss！裏面竟然係鮮果忌廉蛋糕，鬆軟嘅海綿蛋糕加上輕盈嘅淡忌廉，搭配新鮮水果，又係食完冇乜罪惡感嘅蛋糕🤭 (需早2日前4PM前預訂)
*
@covahongkong
-
🍑 更紗制菓 𝐒𝐀𝐑𝐀𝐒𝐄𝐈

•日本白桃茉莉慕絲蛋糕 ($260/15cm)
優雅設計嘅白桃慕絲蛋糕💓 仲要多個layers組合而成～ 由面層嘅日本白桃果肉，以至下層嘅茉莉花茶慕絲 & 白桃果醬，加上底層嘅雲呢拿蛋糕，簡直係多重享受😋 而且茉莉茶嘅茶香比想像中突出～
*
@saraseihk
-
♥️ 𝐋𝐚 𝐅𝐚𝐦𝐢𝐥𝐥𝐞

•士多啤梨玫瑰提拉米蘇戚風蛋糕 ($398/15cm)
不能抗拒嘅士多啤梨+玫瑰組合😍 鬆軟嘅士多啤梨戚風蛋糕，加上內層嘅提拉米蘇慕絲以及玫瑰士多啤梨果醬，再以新鮮士多啤梨作點綴～ 食得出自然嘅玫瑰花香！
*
@Lafamillecake
-
🍓 𝐀-𝟏 𝐁𝐀𝐊𝐄𝐑𝐘
•絢麗交響曲（$280/15cm）
伯爵茶日本甜王士多啤梨千層蛋糕，用上日本甜王士多啤梨製作嘅千層薄皮，配上清幽嘅伯爵茶忌廉😌 加上底層嘅海綿蛋糕+士多啤梨果醬，整個味道層次就更豐富了！

@a1bakeryhk"
,釧 KUSHIRO,尖沙咀,日本料理,980-2880,拍拖約會,北海道龍蝦他他·魚子醬、燒鱈場蟹腳·鹽漬明太子醬、白海膽壽司、日本豆乳奶凍配醬油黑糖漿,https://www.instagram.com/p/DI81bncBIHC/,DI81bncBIHC,,"🥢三訪! 半島地庫隱藏Omakase🌸
-
地區分類：#fca_尖沙咀
-
由佢哋新開食到依家，原來已經不知不覺三訪🤭 個人比較鍾意晚市Menu嘅壽司唔會太多 (平時都10件起跳😂) 依到嘅酒肴以及一品料理嘅比重會較高，而且每次都好有驚喜！甜品環節更加係食過咁多間omakase店最正最有誠意✨ 午市16品$980/位就有交易，大家不妨一試～
-
釧 𝐊𝐔𝐒𝐇𝐈𝐑𝐎 𝐌𝐞𝐧𝐮 ($2880/位)
-
< おつまみ >
•長崎縣華漣真蠔
•北海道毛蟹
•北海道龍蝦他他·魚子醬
•螢光魷魚·北寄貝·菜之花
•禾稈草煙燻鰹魚

佢哋嘅北海道龍蝦他他果然係名不虛傳🤩 混合水果蕃茄、龍蝦蝦膏以及魚子醬，味道清爽帶鮮！春日唔少得嘅螢光魷魚，口感QQ的～
*
< 一品料理 >
•平目魚天婦羅·鮟鱇魚肝醬
•赤鮑魚·鮑魚肝醬 
•燒鰻魚 梅子醬油
•燒鱈場蟹腳·鹽漬明太子醬

4款一品料理🥢 赤鮑魚蒸了8-9小時，口感軟腍而且保留最大鮮味！招牌之一燒鱈場蟹腳，配上明太子醬增添一份鹹鮮感🦀
*
< 手握壽司 >
•羽太
•針魚
•北寄貝
•黑鯥魚
•縞蝦
•中拖羅
•大拖羅
•白海膽

一共8件壽司，個人最愛縞蝦✨ 食落非常爽甜，兩隻蝦加埋一齊更鮮甜了！不能缺少嘅中拖羅，油脂比例剛好，口感柔軟！大拖羅經過炙燒，筋位會冇咁明顯，油份豐富！白海膽份量夠哂慷慨，超多層而且幾大塊，入口即化好滿足🥹
*
< お吸物 >
•薩摩雞清湯
加入蜜瓜以及螺頭一齊煲，顏色清晰飲落卻相當濃郁帶鮮！
*
< デザート >
•日本豆乳奶凍配醬油黑糖漿
•士多啤梨雪葩·乳酪泡沫
•黑芝麻朱古力

每次甜品都冇令人失望，比起普通日本水果更有誠意🥰 招牌香滑豆乳奶凍，用上香脆豆腐皮圍住，好似小福袋咁～ 另一款春季限定- 士多啤梨雪葩，搭配乳酪泡沫，味道酸爽清新🍓🌸 佢哋嘅黑芝麻朱古力亦係超濃黑芝麻味!!!
-
釧 (尖沙咀)
尖沙咀梳士巴利道半島酒店B1樓Bw1, Bw3 & Bw5號舖"
,L’AMOUR,太和,西式,972-1388,打卡必到,法國鵝肝蛋撻、法國鵝肝日本A5和牛肉眼、日本原隻海膽雪糕、黑松露帶子意米飯,https://www.instagram.com/p/DI0zctxJA97/,DI0zctxJA97,,"🇫🇷 新界尋寶! 米芝蓮團隊打造法國菜🍴
-
地區分類：#fca_太和
-
想揾高質法菜唔洗一定要出港島？🤫 依間由新文華東方大廚主理嘅法國菜餐廳，係附近一帶居民慶祝嘅熱門餐廳之一！店內以法國紅磨坊為設計靈感，用紅色為主調，加上巨型水晶燈夠哂搶眼✨ 依家網上仲可以用限時7折優惠嘆足10道菜Menu，當中包含夠款招牌菜，例如鵝肝蛋撻、龍蝦濃湯、黑松露帶子意米飯、原隻海膽雪糕等～ 食完真係捧住個肚返屋企🤣🤣
-
🥂 法式美饌十道菜奢華享宴 ($1388–>$971.6)* *價錢不包含加一 *需在OpenRice上購買預付套餐 *優惠時段：24/4-30 /5/2025
-
•泡沫法國生蠔三文魚子
•法國傳統有機雜菜沙律
•法國特級鵝肝蛋撻
•活澳洲龍蝦濃湯
•特色立鱗魚
•法國鵝肝日本A5和牛肉眼
•烤法國特級無激素鵪鶉bb
•黑松露帶子意米飯
•日本原隻海膽雪糕
•法國紅/白酒
 
一次過嘆匀10道菜，裏面仲包含唔少餐廳招牌菜✨ 當中法國鵝肝蛋撻有驚喜，酥脆嘅撻皮包住綿滑嘅鵝肝蛋漿，會越食越過癮～
 
主菜方面有法國鵝肝x日本A5和牛肉眼，份量絕對唔係講笑，粉嫩嘅和牛加上煎至金黃嘅鵝肝，這組合邪惡到爆!!!🥹🩷 另外個人幾鐘意烤鵪鶉bb腿，肉質嫩嫩的～ 之後仲有用貝殼裝住嘅黑松露帶子意米飯🐚  幾鐘意佢哋有上意米，就算最後食都唔會太Heavy🥰
 
最後竟然仲有得食招牌原隻日本海膽雪糕🍦 裏面真係有海膽肉，加上乾冰效果，夠哂IGable🧡
-
📍L’AMOUR (太和)
太和大埔太和路15號太和中心地下38號舖
📍L’AMOUR (中環)
中環蘭桂坊德己立街58-62號協興大廈地下A&B號舖"
,弥泩,天后,日本料理,580,拍拖約會,龍太卷、四菌釜飯、關西遼參天婦羅、北海道馬糞海膽,https://www.instagram.com/p/DIQvn3-JQvB/,DIQvn3-JQvB,,"🍶唔去走寶! 天后の臥虎藏龍Omakase🥢
-
地區分類：#fca_天后
-
🔔影片聲音導航中

每次換季都要一訪嘅omakase店，由龍師傅坐鎮，所以水準有保證！最近易左啲Book位推薦大家唔好諗快啲試～15品午市壽司Menu只係$580/位🤩 夜晚更加係食足20品，食匀多款春季時令食材‼️ 加上成間餐廳個Vibe幾Chill，店員同師傅都好Nice，隨時飲多幾杯落肚都唔覺🤣
-
🥢 20品 𝗗𝗜𝗡𝗡𝗘𝗥 𝗠𝗘𝗡𝗨
-
< 先付け >
•牛油大蜆
•鮟鱇魚肝

一開始係大大隻嘅牛油大蜆🧈 入口超水嫩的，而且仲保留到海水嘅鹹鮮～
*
< 握り寿司 >
•墨魚
•針魚
•北寄貝
•鯖魚
•剝皮魚·魚肝
•車海老
•2小時熟成赤身
•12小時熟成拖羅
•北海道馬糞海膽
•沙甸魚卷
•龍太卷
•玉子燒

當日一共12貫手握寿司，水準同之前一樣保持得好好，以舍利方面最愛這間了～ 今次最正係可以食到來自千葉縣銚子嘅吞拿魚🐟 赤身經過2小時熟成，時間剛好魚味更濃郁；拖羅熟成嘅時間就長啲，入口比一般拖羅油膩感較輕，食得更舒服😌
當然海膽嘅份量同以往一樣超慷慨的‼️
最後嘅招牌龍太卷份量亦係多到得人驚，裏面有成7+配料，一口過勁滿足！
-
< 和食 >
•關西遼參天婦羅
真係第一次食海參天婦羅🤭 裏面仲要釀入爽彈海老真丈，整個口味外脆內Q彈！

•燒赤鯥魚·魚頭骨汁
•毛蟹無米粥·蝦油

•四菌釜飯
之前試左佢哋嘅松葉蟹鐵鍋飯，今次係睇落樸素，但食落超有驚喜嘅四菌釜飯🥢 裏面集齊蘑菇、冬菇、羊肚菌 & 牛肝菌，菌香味完全滲透飯粒之中，食完成個人暖笠笠好舒服！依個春季轉左做螢光魷魚釜飯，感覺也超吸引的!!!
*
< 味噌汁 > 
*
< テザート >
•焙茶奶凍
-
弥泩 (天后)
天后永興街27號永興新樓地舖"
,厚德飯店,銅鑼灣,中菜,400-800,大班聚會,蜜餞叉燒皇、黑松露片皮雞、爵士湯、琵琶燕,https://www.instagram.com/p/DJRbmsvBR2e/,DJRbmsvBR2e,,"🥢臥虎藏龍! 家庭式經營私房菜✨
-
地區分類：#fca_銅鑼灣
-
🔔影片聲音導航中

近排食過最正嘅叉燒竟然係依間私房菜度搵到?!😍 原來呢間餐廳大有來頭，係由係福臨門魚翅海鮮酒家任職超過17年嘅主廚主理，擁有37年高級粤菜經驗，所以一向有唔少熟客支持！菜式主要為一系列經典粵菜，嚟緊母親節，絕對啱晒各位母親嘅口味，各位孝順仔女識點做啦😎
-
< 前菜 >
•醒胃凍花蛤 ($238)
•川味花膠 ($288)

諗都唔洗諗，閉着眼請直接點的兩款前菜😎 凍花蛤鮮甜爽嫩，搭配酸爽開胃嘅醬汁，不知不覺好快食哂!!! 另一款川味花膠口感非常實在Q彈，加上麻香帶微辣嘅四川醬汁，過住癮補充骨膠原✨
*
< 湯 >
•爵士湯 ($250/位)
•杏汁菜膽豬肺湯 ($108/位)

嚟到私房菜餐廳最愛點嘅兩款湯，一試就知龍與鳳😏 爵士湯以哈蜜瓜、螺頭及雞湯等食材熬製而成，飲得出蜜瓜嘅清甜，很滋潤嘅感覺！杏汁菜膽豬肺湯呈超濃嘅奶白色，豬肺亦嫩嫩的，絕對係水準之作！
*
< 明爐燒味 >
•蜜餞叉燒皇 ($188/半，$368/例)

近排食過最正嘅叉燒之一🥹❤️ 有專做叉燒嘅師傅係度先食到，仲要即日燒即日賣，限量供應，所以建議大家訂座時Order定！用上黑毛豬梅頭肉，所以肉質鬆化，外層帶剛好嘅燶邊效果，加上肥瘦適中，我比💯
*
< 主菜 >
•黑松露片皮雞 ($880)
先用松露油醃製，再脆炸，然後塗上松露油，所以由香氣至味道都充滿松露嘅香味🤤 外皮薄而脆，手撕過嘅雞肉啖啖肉！用上龍崗雞，肉較肥美軟滑🐓

•琵琶燕 ($320)
粵菜經典：蟹肉蛋白琵琶燕🦀 看似平凡但做法講究！將燕窩、蟹肉 & 蛋白按照比例混合，再於湯匙上蒸熟兼定形，然後再將面層煎香，最後淋上芡汁。切開嘅時候真係有一絲絲嘅燕窩，整體做到外脆內嫩嘅效果！
*
< 甜品 >
•蛋白杏仁茶($50)
•生磨合桃露 ($50)
•家鄉合桃酥 ($60/3件)

所有甜品都係自家製🥰 合桃露非常綿滑濃厚！合桃酥造型真係成粒合桃咁🤣 外層酥脆而裏面真係包住香脆合桃粒！
-
厚德飯店 (銅鑼灣)
銅鑼灣駱克道454-456號地舖"
,ROYAL INN,銅鑼灣,西式,350-400,打卡必到,干邑火焰牛扒、火焰雪山、酥皮龍蝦濃湯,https://www.instagram.com/p/DIn6RK2Bj2w/,DIn6RK2Bj2w,,"🪴請你食火焰牛扒! 法式歐陸風餐廳Giveaway🇫🇷
-
地區分類：#fca_銅鑼灣 
-
🔔 影片聲音導航中

嚟緊假期多咗時間同朋友聚一聚，依一間無論係餐廳設計以至食物一樣咁IGable嘅餐廳可能啱你✨ 好開心首次同 @royal.inn.hk 合作，送出30份火焰平鐵牛扒‼️ 請大家帶埋朋友試佢哋嘅火焰牛扒🥩🔥 加上門口嘅法式凱旋門、古典水晶吊燈以及典雅嘅噴水池，真係360度都係打卡位～ 
-
🔥 𝐂𝐥𝐚𝐬𝐬𝐢𝐜 𝐒𝐭𝐞𝐚𝐤 𝐅𝐥𝐚𝐦𝐛é 𝐃𝐢𝐧𝐧𝐞𝐫 𝐒𝐞𝐭 
火焰阿根廷牛扒二人餐($688/2位)

🦞 𝐒𝐢𝐠𝐧𝐚𝐭𝐮𝐫𝐞 𝐒𝐞𝐚𝐟𝐨𝐨𝐝 𝐃𝐢𝐧𝐧𝐞𝐫 𝐒𝐞𝐭 
 招牌海鮮二人套餐($788/2位)

💁🏻‍♀️*以下內容為火焰阿根廷牛扒二人餐
-
< 𝗦𝗧𝗔𝗥𝗧𝗘𝗥 >
•凱撒沙律 
•招牌海鮮凍食拼盤 ($498)

如果點左「招牌海鮮二人套餐」，除左食足4道菜，當然唔少得超震撼嘅七重海鮮拼盤‼️一次過食匀是令生蠔、紐西蘭螯蝦、翡翠螺、大綠青口、海蜆、北海道刺身帶子 & 三文魚籽。當然亦可以單點啦🥰
*
< 𝗦𝗢𝗨𝗣 >
•酥皮龍蝦濃湯 (+$48)
一定要Upgrade飲酥皮龍蝦湯🦞 香濃嘅龍蝦湯加上金黃酥脆嘅酥皮，冇得輸！
*
< 𝗣𝗔𝗦𝗧𝗔 >
•意大利煙豬面頰肉卡邦尼意粉
/
•蟹肉意大利瓜番紅花意大利飯

•香辣伏特加大蜆扁意粉 (招牌海鮮二人套餐)
幾香蒜味以及橄欖油味嘅扁意粉，口感亦夠煙韌，味道辣得惹味❤️ 大蜆幾鮮嫩，而重伏特加嘅酒香！
*
< 𝗠𝗔𝗜𝗡 𝗖𝗢𝗨𝗥𝗦𝗘 >
•干邑火焰牛扒- 肉眼牛扒12安士 (+$68)
平鐵牛扒唔洗加錢就食到，但想食大塊啲夠哂滿足嘅朋友仔，建議可以試肉質偏軟腍嘅肉眼牛扒🥩❣️ 顏色粉嫩，而且帶干邑嘅酒香~ 另外仲有紅屋T骨牛扒選擇 (+$188)
*
< 𝗗𝗘𝗦𝗦𝗘𝗥𝗧 >
•火焰雪山 ($168)
以火焰牛扒嘅孖寶- 火焰雪山作結尾🔥🏔️ 外層係輕盈嘅蛋白忌廉，裏面係海綿蛋糕配上朱古力雪糕🍫 係外層淋上點燃嘅威士忌製造火焰效果，夠哂IGable~
*
< 𝗗𝗥𝗜𝗡𝗞𝗦 >
•餐飲× 2杯
可升級紅白餐酒 (+$48/GLS）
———————————————————————
📅遊戲日期：TBC-26/4/2025
 -
🥇頭獎x30: 火焰平鐵牛扒x1
-
📍換領地點
ROYAL INN (銅鑼灣)
銅鑼灣告士打道311號皇室堡3樓313-314號舖
-
參加方法:
1.Follow 
@royal.inn.hk
@foodcafealcoholic 
2.Like依張相❤️
3.留言”牛扒MM7” 並tag一位朋友仔👫
-
‼️依家cap埋個post上自己story並tag埋我哋2個嘅IG page 即增加10次中獎機率！🍔會mark低你哋個名再入機抽‼️
-
留言次數不限，越留得多中獎機會就越大😍 截止後會係2025年4月28日抽獎及於ROYAL INN IG公怖！若中獎者必需顯示已follow 以上IG, 係通知後一日內未有回覆，將會重新抽過🙇🏽‍♂️ 

ROYAL INN會經IG Inbox發送電子得獎券給得獎者
-
Foodcafealcoholic  及 @royal.inn.hk 保留最終決定權"
,泰斗,尖沙咀,泰國菜,200-400,打卡必到,火山排骨、泰式脆皮豬手、原盅椰青冬蔭功湯、招牌沙律三步曲、甜品拼盤,https://www.instagram.com/p/DJMSK31hABa/,DJMSK31hABa,,"🇹🇭星光露台! 尋找「真」火山排骨🌴
-
地區分類：#fca_尖沙咀
-
尖沙咀樓上隱藏世外桃源泰國菜? 今次介紹依間啱哂朋友聚會/嚟緊母親節去，皆因除左有個露天星光露台夠哂Chill✨ (特別日子仲有Live Band)，臨近母親節仲有限定菜式：古法荷葉烤魚 & 泰式脆皮豬手，加上打卡一流嘅泰式甜品拼盤，孝敬母親們就啱晒啦！
-
< 前菜 >
•招牌沙律三步曲 ($208)
包括青芒絲沙律配燒北海道帶子、炸軟殼蟹柚子沙律 & 木瓜蝦沙律🥗 

•小食拼盤 ($148/細)
細份已經夠4人Share，當中包含泰式雞卷、魚餅、蝦餅 以及粉絲皮春卷🥢 佢哋嘅蝦餅係自家泰廚手打，所以食落彈牙帶空氣感！
*
< 湯 >
•原盅椰青冬蔭功湯 ($128/2人份)
幾鐘意依到嘅冬蔭功湯夠酸，超開胃！裏面仲有唔少海鮮以及椰肉，所以飲落會有天然嘅椰子味🥄🥥
*
< 海鮮 >
•火焰新派老虎蝦 ($328)
夠哂有睇頭嘅咖哩火焰老虎蝦🔥🦐 蝦肉厚身結實，咖哩配返一旁嘅蒜茸包就Perfect!

•古法荷葉烤魚 ($288)
用荷葉包住再慢烤嘅馬友魚，令香氣慢慢滲入魚肉裏面，而魚肉亦保留唔少水份及鮮味🐟🌿 配上泰式辣醬風味十足！
*
< 主菜 >
•泰式脆皮豬手 ($288)
估唔到依到嘅泰式脆皮豬手係最近食過最正🐖 外皮烤得超級香脆，下層嘅肉質仲係軟嫩帶肉汁!!! 沾上泰式醬汁夠哂惹味！

•火山排骨 ($238)
必點超巨型真「火山」排骨🌋 店員會係席前點火🔥 味道亦非常貼近泰國，酸辣開胃，啱哂送啤酒！(記住一日前預訂喔～)
*
< 甜品 >
•甜品拼盤 ($188)
儀式感💯嘅甜品拼盤，一次過食匀芒果糯米飯、椰汁西米糕 & 椰青糕，4人份同朋友食剛好！芒果糯米飯嘅水準不錯喔，糯米飯很軟糯而且帶陣陣斑斕味！
*
< 雞尾酒 >
•Sandalwood Sip ($108)
•Cucu-Limelight ($108)
•EARL GRAY GIN ($108)
•White Temple ($108)
•Pomelo Master ($98)

咁靚嘅露天平台，點都要嘆返杯靚靚Cocktail先夠Chill✨ 一系列IGable嘅雞尾酒，個人超推Cucu-Limelight，用上香茅以及檸檬葉Gin做Base，加入青瓜以及青檸🥒 味道清爽，搭配相對重味嘅泰菜剛好Balance返🥰
-
泰斗 (尖沙咀)
尖沙咀海防道38-40號中達大廈4樓"
,晶荷軒,大嶼山,中菜,400-800,打卡必到,芝麻百花龍崗雞、梅菜煀三黃雞、小熊維尼仙人掌楊枝甘露,https://www.instagram.com/p/DJEPoXnhiHo/,DJEPoXnhiHo,,"✨快閃迪士尼! 5個鐘內食左啲乜？🍨
-
地區分類：#fca_迪士尼
-
襯住復活節假期，快閃左轉迪士尼🤭 一次過比大家睇園內有咩雪糕值得食！夜晚仲去左迪士尼樂園酒店裏面嘅中菜廳食晚餐，試全新限定「雞 • 風味」菜單🏨 餐廳選用文昌雞、清遠雞、龍崗雞同埋三黃雞4 款雞種 ，炮製出6道新菜式，每道菜都夠晒有心思！
-
•蜜餞青檸凍柚皮 ($188)
•椰皇元貝燉海螺 ($228)
•芝麻百花龍崗雞 ($348)
•梅菜煀三黃雞 ($298)
•小熊維尼仙人掌楊枝甘露 ($98)

一開始有酸甜開胃嘅蜜餞青檸凍柚皮，食落一口爆汁嘅感覺💦 椰皇元貝燉海螺超清甜的，估唔到裏面仲有米奇冬瓜，中間收埋左乾瑤柱～
兩款雞嘅新菜式- 芝麻百花龍崗雞，將起左骨嘅雞肉，再釀入彈牙嘅蝦膠以及香濃芝麻，食落外皮超香脆的🐓 沾上檸檬汁有解膩嘅作用！梅菜煀三黃雞嘅咸香濃郁嘅梅菜醬非常下飯!!! 廚師先將炒香左嘅梅菜釀入成隻雞裏面，再用醬油慢火煀煮，所以夠哂入味🥰
最後靚靚粉紅色嘅小熊維尼楊枝甘露，因為加左仙人掌汁所以粉紅色🌵 食嘅時候小心小熊維尼會滑走🤣
-
晶荷軒 (大嶼山)
大嶼山香港迪士尼樂園酒店"
,三原 (Cubus),銅鑼灣,日本料理,,拍拖約會,蒸燒蝦夷鮑魚配海膽醬、照燒鵝肝土鍋御飯、雲呢拿雪糕配士多啤梨湯,https://www.instagram.com/p/DIOK7eGpQPA/,DIOK7eGpQPA,,"🇯🇵無限回訪! 米芝蓮推介の割烹鐵板燒🔥
-
地區分類：#fca_銅鑼灣
-
鐘意食鐵板燒嘅你哋，一定要知依間2025年獲選入米芝蓮指南嘅鐵板燒餐廳✨ 由三原先生主理，所有師傅都係日本人！之前去過就算唔係三原先生，其他師傅都好有水準！比較特別嘅係餐廳行新派路線，融入割烹料理於鐵板燒之中🥰 對比坊間嘅鐵板燒就更有驚喜了！
-
< 向付 >
•刺身二種盛
當日為吞拿魚赤身以及太刀魚配烏魚子～
*
< 汁物 >
•雲蛤·油甘魚·野菜海鮮湯
非常爽嫩嘅雲蛤，搭配清爽嘅野菜海鮮湯，有提鮮嘅作用🥄 相反油甘魚係依個菜式不太突出～
*
< 進肴 >
•平貝 配紫菜醬
超巨型嘅平貝，只係食中間嫩嫩貝柱嘅位置，兩面燒至均勻嘅金黃色，配上紫菜醬，突顯海水嘅鮮味🥰
*
< 追肴 >
•燒鰆魚 配檸檬牛油汁
鰆魚擁有豐厚嘅脂肪，所以肉身肥美🐟 燒過嘅魚皮脂肪香氣更突出，搭配返清爽嘅檸檬牛油汁，能一減油膩感！
*
< 燒肴 >
•蒸燒蝦夷鮑魚配海膽醬
期待已久嘅鮑魚終於出場‼️ 用先蒸後燒嘅方法處理，所以食落爽彈軟嫩，配上自家製海膽醬幾Creamy (裏面真係有海膽㗎🤫)
*
< 強肴 >
•燒澳洲龍蝦配咖喱醬
春季新菜式✨🦞 特別用上澳洲龍蝦，肉質特別爽口彈滑，加上homemade咖喱醬，惹味得嚟亦能保留龍蝦嘅鮮味！
*
< 主菜 >
•A4宮崎和牛薄燒
可選擇升級至A4宮崎和牛厚燒/A5熊本和牛厚燒~ 如果唔鐘意油脂感太重嘅朋友，建議可以試薄燒，食落有點像Sukiyaki🐂
*
< 御飯 >
•照燒鵝肝土鍋御飯
之前試過鱈場蟹三文魚子土鍋御飯，但照燒鵝肝配上惹味嘅照燒汁就更下飯了🤣
*
< 止腕 >
•龍蝦頭赤味噌湯
*
< 香物 >
•漬物
*
< 水菓子 > 
•雲呢拿雪糕配士多啤梨湯
/
•芒果法式焦糖燉蛋

甜品四選一，招牌雪糕配士多啤梨湯一如既往地出色，解膩一流🍓 
-
三原 (Cubus) (銅鑼灣)
銅鑼灣開平道1號Cubus 3樓C號舖"
,營致會館,中環,中菜,1288,拍拖約會,蜜汁極上豚肉叉燒、香滑豆沙西米焗布甸、豉椒九層塔爆蝦球、杏汁豬肺燉花膠,https://www.instagram.com/p/DJBqQsiJxg5/,DJBqQsiJxg5,,"🥢突發! 親民價錢嘆米芝蓮2星粵菜✨
-
地區分類：#fca_中環 
-
20秒帶大家快睇依間連續多年攞米芝蓮2星嘅粵菜餐廳‼️一入門口已經比佢哋嘅米芝蓮牌多到嚇親🤣 最近佢哋除左推出一系列出菜式外，仲有限時優惠Menu，可以試到多道招牌菜式，包括蜜汁叉燒 以及豆沙西米焗布甸外，仲有一系列新菜式，例如蜜餞鱈魚粒、豉椒九層塔爆蝦球、脆炸香酥肉等🤩 絕對係大家摘2星嘅好時候！
-
🥢 𝐓𝐚𝐬𝐭𝐞 𝐨𝐟 𝐙𝐒 𝐌𝐞𝐧𝐮 ($1,288/pp)*
* 供應日期：16th April - 9th May 2025
-
•營致薈萃
前菜試匀麻辣千層峯、自家脆金磚、蜜餞鱈魚粒 以及蜜汁極上豚肉叉燒。個人想試佢哋嘅叉燒好耐，用上黑豚梅肉，肉質鬆軟而且脂肪分佈適中🥹❤️ 新菜式麻辣千層峯爽脆帶微辣；蜜餞鱈魚粒則炸得酥脆，魚肉亦夠軟嫩！
*
•杏汁豬肺燉花膠
要一日前預備嘅杏汁豬肺湯，誘人嘅奶白色，飲落濃厚帶杏汁嘅香味🤍 豬肺意外地帶彈性，當然唔少得大大舊花膠啦！
*
•蔥燒脆皮遼參($430/需一天前預訂）
另外單點嘅新菜式🔥 用上日本關東刺參，肉質肥厚QQ的!!! 裏面釀入豬肉和蝦肉，以先清蒸後炸嘅方式烹調，做到外酥內Q彈嘅口感🥰 最後淋上蔥燒汁，係幾有水準嘅菜式！

•豉椒九層塔爆蝦球
•脆炸香酥肉

個人更愛豉椒九層塔爆蝦球🦐 蝦球爽彈而且醬汁超惹味的，感覺可以送一整碗白飯🤣
*
•濃湯杞子津白花
•蒜香和牛粒炒飯
*
•營致甜品
包括香滑豆沙西米焗布甸、蹄香蔗汁卷、開心果仁酥🤩 其中最期待一定係佢哋嘅招牌豆沙西米焗布甸，做到滑溜而不甜，仲帶陣陣豆沙香！
-
營致會館 (中環)
中環干諾道中41號盈置大廈地下G05、107及108號舖"
,大灣咖啡廳,紅磡,西式,443-503,打卡必到,意式烤海鱸魚、即切意大利24個月聖丹尼爾火腿、大閘蟹膏配新鮮意大利闊蛋麵、開心果味Gelato,https://www.instagram.com/p/DITT-jDJDSP/,DITT-jDJDSP,,"🇮🇹半價攻略! 意大利主題海景自助餐🌊
-
地區分類：#fca_紅磡
-
留言「🇮🇹」私人分享買一送一攻略比你!!! 

位於@kerryhotelhk 內，出名有個無敵維港海景嘅自助餐廳，今個月竟然轉左做意大利主題🤩 鐘意食意菜嘅朋友真係唔好錯過，由前菜、主菜以至甜品都加插左唔少意大利元素，就連雪糕都轉左做Gelato，仲有成8款口味揀❤️ 逢星期五至日及公眾假期惠顧，送埋意大利魚子醬比你！
-
「味遊意大利」自助晚餐
日期: 即日起至4月30日 時間: 下午6時至下午9時30分 價目: 
✨星期一至星期四 - 折後平均每位HKD$443起 (已包加一) ✨ 星期五至星期日 - 折後平均每位HKD$503起 (已包加一)
-
< 海鮮自助區 >
•龍蝦
•長腳蟹
•凍蝦
•蜆
•青口
*
< 地道意式美饌 >
•意大利24個月聖丹尼爾火腿
•意式生牛肉薄片
•橘蕃茄水牛芝士沙律
•意式牛肉捲
•意式烤海鱸魚
•意大利燴牛膝
•大閘蟹膏配新鮮意大利闊蛋麵 (每位1客)
•自家製羅馬風味披薩

一系列意大利限定菜式✨ 一定唔好錯過即切意大利24個月火腿！原條意式烤海鱸魚係全晚最愛！入座會派每人一張大閘蟹膏意粉換領卷，份量剛好而且即叫即煮🦀
*
<甜品區>
•意式Gelato 
•意式奶油麵包
•開心果奶油脆筒
•即製雞蛋仔
•即製法式班戟

特意轉左一系列Gelato，口味仲要幾特別，包括馬斯卡彭芝士榛果、義大利黑櫻桃、水牛芝士等，當然唔少得大家最愛嘅開心果口味💚 
-
大灣咖啡廳 (紅磡)
紅磡紅鸞道38號香港嘉里酒店3樓"
,La Terrace by Louise,中環,西式,388,拍拖約會,招牌烤三黃雞、席前經典牛肉韃靼、法式馬鈴薯丸子、法式火焰橙酒班㦸配金桔雪葩,https://www.instagram.com/p/DKZNu51BzqM/,DKZNu51BzqM,,"🇫🇷米芝蓮一星打造! 抵食休閒法式小酒館🌿
-
地區分類：#fca_中環 
-
一直以為食法國菜好貴？依家用親民價錢直程可以食埋米芝蓮一星出品🔥 依間位於兩層高歷史古蹟內，芝蓮一星餐廳 Louise內嘅附屬法式小酒館，主打輕鬆愜意用餐體，户外設有露天花園，食物價錢相對會更相宜🪴 逢星期四&五午市套餐只係$388/位，食足4道菜之餘，仲試到招牌烤三黃雞🤩 逢星期三夜晚仲有 @fidelarosaliemusic 現場駐唱，成個vibe夠哂Chill✨
-
< 𝗦𝗡𝗔𝗖𝗞 >
•Fresh Oyster | Cadoret ”La Lune“ ($58/pc)
La Lune No. 3 生蠔
•Sago & Mimolette ”Arancini“ ($68)
炸西米芝士球

以法國有「月之戀蠔」之稱嘅生蠔打頭陣🇫🇷 口感爽甜帶海水嘅鹹鮮；另一款鋪上芝士嘅炸西米波波，內裏口感煙煙韌韌又幾特別！
*
< 𝗦𝗧𝗔𝗥𝗧𝗘𝗥 >
•Confit Bell Pepper | Burrata ”Cream“ | Olive Oil | Basil ($108)
油封甜椒·水牛芝士忌廉和橄欖油
*
•Escargots | Beurre Persillé | Melba Toast | Garlic ($128)
經典法國蝸牛，以香草牛油 & 香蒜烹調，搭配香脆嘅Melba吐司，係會食唔停口個隻！
*
•Cured Sea Bream | Capers | Lemon Oil ($158)
檸檬油醃製海鯛魚，再以酸豆作點綴，味道清新輕盈，啱哂今個夏天🐟☀️
*
< 𝗠𝗔𝗜𝗡𝗦 >
•Traditional Beef Tartare | Condiments ($308)
新推出! 席前經典牛肉韃靼🐂 選用金髮阿基塔牛肉，最重要係會按食客口味加入酸豆、小黃瓜、鯷魚、青蔥和細香蔥等多種調味料，最後加入少許Tabasco辣椒酱！牛肉口感綿密，亦保留了應有的咬口✨
*
•Gnocchi ”A La Parisienne“ | Black Truffle ($318)
望落已經知道超邪惡嘅法式馬鈴薯丸子🤤  好欣賞每粒Gnocchi都烤焗至金黃帶焦脆感，口感軟糯，散發着陣陣黑松露香味～
*
•Mediterranean Grilled Octopus | Romesco Aioli | Riviera Vegetables ($288)
燒地中海八爪魚腳🐙 感覺亮點在於煙燻辣椒蒜香醬，超惹味的！
*
•Australian Black Angus Ribeye / Sauce Au Poivre ($888)
粉嫩嘅澳洲黑安格斯肉眼牛排，肉質意外地軟腍帶肉香，搭配帶微辣嘅法式黑胡椒牛排醬，食肉獸表示很滿意🙂‍↕️👏🏼
*
< 𝗗𝗘𝗦𝗦𝗘𝗥𝗧 >
•Original ”Crêpes Suzettes“ | Kalamansi Sorbet ($98)
法式火焰橙酒班㦸配金桔雪葩
•Paris Brest | Hazelnut | Praliné ($98)
巴黎布雷斯特泡芙，配榛果及果仁糖

2款由新首席甜品師 @eveminialai 炮製嘅經典法式甜品🥰 浸滿焦糖、牛油 & 橙味利口酒嘅Crêpes，再配上酸爽嘅金桔雪葩，味道balance得很好；香脆嘅Paris Brest泡芙夾住軟滑嘅榛果忌廉，又係冇得輸!!!
-
La Terrace by Louise (中環)
中環鴨巴甸街35號元創方JPC地舖"
,Beefbar Hong Kong,中環,西式,,拍拖約會,M9 和牛肉眼蓋、炭燒野生虎蝦配泰式蟹肉飯,https://www.instagram.com/p/DHS8jlxJQZF/,DHS8jlxJQZF,,"🌟連摘2星! 四手聯乘快閃菜單🥂
-
地區分類：#fca_中環 
-
剛剛宣布完香港米芝蓮餐廳名單，首先恭喜𝐁𝐞𝐞𝐟𝐛𝐚𝐫再次奪得米芝蓮一星🎉 順道throwback返係三月頭由米芝蓮一星扒房𝐁𝐞𝐞𝐟𝐛𝐚𝐫 與 米芝蓮一星泰國餐廳 𝐂𝐡𝐢𝐦 𝐛𝐲 𝐒𝐢𝐚𝐦 𝐖𝐢𝐬𝐝𝐨𝐦，兩位主廚四手聯乘打造嘅限定晚宴🥰 食足10道菜，其中仲可以一嚐Beefbar招牌M9 和牛肉眼蓋 以及@Chef_nom 嘅炭燒野生虎蝦 配泰式蟹肉飯～
-
✨ 𝐒𝐚𝐯𝐨𝐮𝐫 𝐌𝐞𝐧𝐮*
* 𝘋𝘢𝘵𝘦: 5 - 7 𝘔𝘢𝘳𝘤𝘩 2025
-
🔸Goi Beef with Bafun Uni & Thai Chimichurri
🔹Iceland Fish Rillette
首先以Chef Noom嘅海膽牛肉他他 以及Chef Ivan嘅打魚骨造型魚抹醬打頭陣！估唔到加左泰式風味青醬嘅牛肉他他咁清新🌿
*
🔹Japanese Bluefin Toro, Veal & Lobster Thermidor Tacos
日本藍鰭拖羅Tacos + 小牛肉龍蝦Tacos 🌮 一口過爆餡嘅感覺也太滿足了吧!!!
*
🔸Cured Hokkaido Scallop Ceviche with Dui Duo Sauce
北海道帶子刺身 配辣椒蒜蓉醬，味道酸爽提神，不會蓋過帶子鮮味之餘，仲有提鮮嘅作用🥰
*
🔸Wild Caught Grouper with Tom Plong Smoked Fish Broth
同樣係出自Chef Noom嘅野生石斑 配煙燻魚湯🐟 魚肉口感結實，魚皮仲有Q彈嘅感覺！
*
🔹Iberico Pork Trio Ravioli
三重伊比利亞豬意大利雲吞🥄 有伊比利亞火腿 + 燉伊比利亞豬肉 以及伊比利亞豬肉餡雲吞！三個層次一齊食夠哂滿足😍
*
🔹”Nature-Led” M9 Wagyu Ribeye Cap with it’s Jus
嚟到Beefbar當然唔少得招牌牛扒啦!!! 用上M9 和牛肉眼蓋，肉質軟嫩帶豐富嘅油花🐂 外層仲做到適當嘅焦脆感，果然係米芝蓮1星嘅水準!!!
*
•Char Grilled Wild Caught Tiger Prawn with Crab & Thai Highland Rice
繼牛扒另一道MVP- 炭燒野生虎蝦 配泰式蟹肉飯！特意用上泰國高原米，食落會有點偏硬身，充份吸收蟹肉以及醬汁嘅鮮🦀
*
•Pecan Dacquoise, Star Anise Flavor Chocolate Mousse with Strawberry
碧根果達克瓦茲，配八角朱古力慕絲🍫 竟外地八角香味突出，完美融入朱古力味，甜度應控制的剛好！
*
•Petit Fours
-
Beefbar Hong Kong (中環)
中環雪廠街16號Club Lusitano2樓"
,Amelia Hong Kong,尖沙咀,西式,788,拍拖約會,大廚秘製龍蝦湯、招牌炭燒西班牙八爪魚、招牌巴斯克芝士蛋糕、A5鹿兒島和牛西冷,https://www.instagram.com/p/DHiYSXGpEKU/,DHiYSXGpEKU,,"🦞全面升級! 無限時任食米芝蓮餐廳❤️
-
地區分類：#fca_尖沙咀
-
🔔 影片聲音導航中

依間由二星米芝蓮大廚 Chef Paulo Airaudo 打造嘅西班牙餐廳，自從推出任食Menu後，一直都係話題熱店🔥 但唔少人食過反應用餐時間比較緊迫，餐廳今次推出無限時任食 6-course Set Menu，繼續任食一系列高質炭燒海鮮+肉類，無限追加大大隻生蠔、鹿兒島和牛、炭燒龍蝦尾等菜式，食足4.5小時😱❤️ 
-
🦞 𝐃𝐞𝐥𝐮𝐱𝐞 𝐒𝐞𝐭 ($788/pp)*
* 最早用時間 17:30 - 22:00 (共4.5小時)
* 可免費再次追加37 道高質菜式
* 免費升級無限暢飲無酒精飲品
* 升級A5 鹿兒島和牛西冷 及 炭燒龍蝦尾 (+$128/位) —> 用餐後免費獲贈Chef Paulo ‼️秘製龍蝦湯 1 支‼️
* 無限添加日本珍寶生蠔 (+$188/位)
-
⚠️ 點叫攻略 ⚠️
🔸 先點選6 道心水佳餚 (前菜、湯品、沙律、海鮮主菜、肉類主菜及甜品，各一款)，享用完成後，方可免費再次追加添食
🔸 【湯、沙律、前菜及甜品】：用 QR code 下單，每人每次每個 course 點叫 1 款菜式，並在每次 order 送出 10 分鐘後，可以再作下一次的點叫
🔸 【海鮮主菜或肉類主菜】：跟店員直接下單，待每次享用完主菜後，可再跟店員直接免費追加點叫 1 款肉類 或 1 款海鮮類的主菜
-
💁🏻‍♀️ 以下為𝐃𝐞𝐥𝐮𝐱𝐞菜單私人重點推介
-
< 餐湯/沙律/前菜 >
•大廚秘製龍蝦湯
•蟹肉沙律
•香煎鵝肝配黑醋汁
•巴馬火腿
•意式油甘魚生魚片配魚子醬

一共有15款選擇，建議大家可以主攻用上大量波士頓龍蝦頭及龍蝦精華，慢火熬煮嘅龍蝦湯🥄🦞 飲落真係真材實料超濃厚!!! 另外鵝肝亦夠哂厚切，油份十足，勁邪惡！
*
< 炭燒主菜 >
•炭烤四頭野生鮑魚
•招牌炭燒西班牙八爪魚
•野生北寄貝
•炭烤鰻魚
•日本珍寶生蠔 (+$188/位)
•A5鹿兒島和牛西冷 & 燒龍蝦尾 (+$128/位)
•西班牙烤乳豬

️海鮮會推薦炭燒西班牙八爪魚🐙 以及北海道野生北寄貝，食得會比較輕鬆，八爪魚嘅炭香明顯！炭烤四頭鮑魚其實都不錯，口感幾Q彈！另外可以加錢升級任食A5鹿兒島和牛西冷 & 燒龍蝦尾 ，和牛扒質素唔錯，油膩豐富，食肉獸可以主攻！🤗
*
< 甜品 >
•招牌巴斯克芝士蛋糕
•提拉米蘇
•鮮製開心果意大利雪糕

記住一定要留返啲時間食甜品，因為佢哋嘅巴斯克蛋糕太正了，用上Chef paulo 來自聖塞巴司提安嘅食譜，入口軟滑，中間呈軟心效果❤️ 配上自家製開心果Gelato，完美!!! 要記住每次每人只能點一款喔～
-
Amelia Hong Kong (尖沙咀)
尖沙咀廣東道3-27號海港城海運大廈地下G63號舖"
,譚仔三哥 (香港快運聯乘),,港式,30,打卡必到,日清x譚仔三哥麻辣湯味杯麵,https://www.instagram.com/p/DHniMwMJqO_/,DHniMwMJqO_,,"✈️最強飛機餐! 萬尺高空の譚仔三哥🌶️
-
地區分類：#fca_日本
-
係萬尺高空下嘆譚仔三哥係咩體驗?! 😎 譚仔三哥聯乘香港快運係飛機上舉行發布會，當中除左聽到大家熟悉嘅譚仔三哥姐姐口音外，當然唔少得全新登陸香港快運嘅日清x譚仔三哥麻辣湯味杯麵 ($30) 🌶️🥢 嘆到超過癮嘅3小辣秘製麻辣湯底外，杯麵更特別選用無肉配方技術，加入了素墨丸和素腩肉等食材🥳 麵條更意外地彈牙！

當然唔好錯過譚仔三哥x香港快運航空獨家紀念品，咁可愛嘅三哥杯緣子，無論係砸住杯麵抑或當筷子托都咁IGable🥰
-
‼️獨家的譚仔三哥優惠‼️

🔥 香港快運機艙內既雜誌背頁附上獨家譚仔三哥優惠🤩 只要掃 QR Code即可下載優惠券！由2025年3月30日起到全線三哥分店出示此優惠券+香港快運航空實體 / 電子登機證，同時惠顧任何2餸 / 以上自選米線 (包括其他麵底、菜底或過橋米線)，退一可免費享用港式凍檸檬茶1杯

🔥 每個「三哥版」杯麵內蓋亦印有譚仔三哥獨家優惠，掃 QR Code 即可下載取得優惠券，到全線三哥分店並惠顧任何 2餸或以上米線（包括其他麵底/莱底/過橋米線），即可免費獲得 1人小食(青瓜/雲耳1份)"
,滿福樓,灣仔,中菜,400-800,打卡必到,蜜汁烤西班牙黑豚肉叉燒、風味金榜開邊龍蝦、花雕醉香筍殼魚,https://www.instagram.com/p/DIGvX2lBI2t/,DIGvX2lBI2t,,"🥢獲獎無數! 你需要知道的海景粵菜廳🌊
-
地區分類：#fca_灣仔 
-
商界大佬傾生意常去嘅一間中菜廳✨ 今次去到終於明點解!!! 餐廳位於萬麗海景酒店內，由行政總廚孫錦勝主理，主打一系列純正廣府菜！店內設計以西關大宅為靈感，樓底夠晒高，非常有空間感，仲可以望到維港靚景🌊 最近更推出一系列花雕菜式，食完話俾大家知完全唔會失望～
-
金絲脆腰果 ($115)
炸至金黃鬆脆嘅芋絲，沾上香甜嘅糖漿，帶少許嘅果醋嘅酸味，口感酥脆非常過口癮✨
*
花雕原條遼參 ($228)
用上日本關東遼參，入口好似果凍咁非常Q彈，而且滲透住陣陣嘅花雕酒香♥️
*
蜜汁烤西班牙黑豚肉叉燒 ($200/半例)
餐廳招牌必點🥢 肉質酥化而且面層沾上蜜汁特別惹味！
*
花雕醉香筍殼魚 ($598)
差不多自己一個人KO哂成條魚🤣🐟 用上先切件炸香、後浸泡嘅方式，令整條魚完美吸收花雕酒嘅香氣與酒香～ 
*
風味金榜開邊龍蝦 (時價)
另外一款招牌菜🦞 個靈魂係以蝦乾、香茅、咖喱葉、椰汁等多種香料秘製而成嘅金榜醬，充滿東南西風味！記住一定要用一旁嘅炸饅頭沾上剩餘嘅醬汁，咁先夠滋味🤭
*
魚湯手打魚腐浸時蔬 ($240)
爽彈充滿空氣感嘅魚腐，加上奶白色嘅魚湯，真係連湯都飲埋😇
*
香蜜蛋散·蛋撻仔·迷你楊枝甘露 ($70/位)
-
滿福樓 (灣仔)
灣仔港灣道1號香港萬麗海景酒店3樓"
,霜瀛,尖沙咀,日本料理,1680,大班聚會,大拖羅壽司、新鮮帆立貝、赤蝦、慢煮鮑魚配鮑肝醬、櫻花木煙燻鰹魚,https://www.instagram.com/p/DHk-IZfRUfc/,DHk-IZfRUfc,,"🇯🇵香港瘋狂の壽司任食Omakase✨
-
地區分類：#fca_尖沙咀
-
🔔影片聲音導航中

被喻為全港大癲嘅「壽司馬拉松」! 食足25品廚師發辦，兼可以免費追加9款手握壽司😱‼️ 當中嘅大拖羅壽司一樣可以無限任食！依家最高紀錄更新至可以追加51件壽司，比之前48件嘅紀錄仲多左!!! 依家仲有第二、三位可享50% OFF，拉多幾個朋友去就更抵玩～
-
🪭 瀛Menu ($1980–>$1680/位)*
*第二、三位可享半價優惠 ( 價格未包括加一服務費並以原價計算) 
* 第二枝清酒半價
* 晚上9點前無限追加手握壽司(海膽除外)
-
< 先付三品 >
•三文魚子蟹膏豆腐
•日本湯葉
•醬油煮花螺
*
< 蒸蛋 >
•櫻花蝦蒸蛋
*
< 日本生蠔 >
•赤穗蠔 
•黃金武士蠔
•丸吉蠔

一口氣試匀3款日本生蠔🦪 每款都有唔同嘅配搭！赤穗蠔簡單地配上酸汁；黃金武士蠔配白酒啫喱，帶返蠔肉嘅鮮味；而丸吉蠔則配上沖繩海葡萄，有提鮮嘅作用～
*
< 時令刺身6款 >
•赤貝·三文魚子·水雲
•間八·烏魚子
•甘蝦·粟米蓉·蝦油
•螢光魷魚·甜麵豉
•櫻花木煙燻鰹魚·紫菜佃煮醬
•拖羅蓉海膽最中餅

最鐘意都係之前都食過嘅甘蝦配粟米蓉🌽 加上蝦油嘅點綴整個組合很match~ 當然唔少得春天當造嘅螢光魷魚，以及招牌之一：煙燻鰹魚😍 食落真係帶櫻花木嘅香味！
*
< 季節料理 > 
•慢煮鮑魚配鮑肝醬
通常出面食都係比幾片，但依到係原隻😍 口感軟腍帶彈性，鮑肝醬夠濃厚，仲有陣陣牛油香！
*
< 手握壽司10貫 >
•蜜柑鯛·新鮮海草
•黑糖鱸魚·柚子胡椒
•金目鯛
•赤蝦·櫻花蝦鹽
•新鮮帆立貝
•深海池魚·白松露醬
•金線鯛·烏魚子粉
•梭子魚·芥末漬
•大拖羅·淡雪鹽
•北海道馬糞海膽

一共10款壽司，當中除左海膽壽司，其他一律可以無限追加直至last order ♾️️🍣 
除左大家都知要主攻狂食嘅大拖羅，私心推薦新鮮帆立貝以及赤蝦，相對上比較light啲，食多幾件都OK！鐘意油脂感豐富啲嘅可以試火炙梳子魚，配上芥末漬剛剛好～
*
< 吸物 >
•日本舞茸菇清湯
*
< 甜品拼盤 >
•生日甜品拼盤
唔好話冇提你，依到慶祝生日係可以免費升級生日甜品拼盤+煙花蠟燭🎇🎂 夠哂IGable之餘，仲可以一次過食匀日式卷蛋、千層蛋糕、忌廉小泡芺、自選口味雪糕 & 赤肉蜜瓜!!! 再次飽到上心口🤣
-
霜瀛 (尖沙咀)
尖沙咀金馬倫道33號The Cameron 1樓102號舖"
,个園竹語,尖沙咀,中菜,400-800,大班聚會,龍騰四海、私宴老上海燻魚、鐵板上的小籠包,https://www.instagram.com/p/DH-tow-J5_X/,DH-tow-J5_X,,"🎍氣派十足! 經典精緻淮揚菜🥢
-
地區分類：#fca_尖沙咀
-
近期最愛到訪上海菜之一 💕 連爸爸媽媽都一致好評～ 依間由30年元首御厨王東師傅主理嘅正宗淮揚、上海菜餐廳，店內設計風格靈感源自揚州「个園」，所以有唔少竹嘅元素，座位亦空間感十足🎋 帶屋企人去夠哂體面～
-
•龍騰四海 ($1088)
超有排場嘅龍蝦二食🦞一邊係滑溜嘅龍蝦蒸蛋，上面以魚子醬作點綴；另一邊係用燈籠椒以及松子炒香左嘅龍蝦肉，兩款做法各有特色，蒸蛋更能突顯龍蝦嘅鮮味！
*
•貴妃蚌 (預訂就送！)
只要四位以上惠顧，可以每人獲送一隻‼️ 貴妃蚌嘅肉質意外地爽彈，仲吸引了雪菜嘅香味，增加了爽脆嘅口感！
*
•私宴老上海燻魚 ($158)
好耐冇食過咁正嘅燻魚🐟 外層嘅醬汁剛好裹滿外層，香甜惹味！魚肉結實而且外層做到香脆嘅效果！
*
•鐵板上的小籠包 ($90)
蒸小籠包就食得多，原來用鐵板煎過嘅小籠包更加正🥹❤️ 不但多左份焦脆感，亦保留到一口爆汁嘅效果💦
*
•黃金蝦球 ($298)
超厚肉嘅爽彈蝦球，加上滿滿嘅鹹蛋黃醬，真係超邪惡!!!!
*
•水煮安格斯牛 ($328)
點都要食返啲辣嘢先夠過癮🌶️😗 幾欣賞佢哋嘅水煮牛唔會太油膩，辣度適中，幾香麻辣味！牛肉幾軟腍，下面嘅薯粉亦吸引了湯汁嘅精華🥢
*
•擂沙湯丸 ($68)
流心芝麻湯丸，配上薄薄一層黃豆粉🥜 簡直係絕配！
-
个園竹語 (尖沙咀)
☎2116 8328
尖沙咀廣東道3-27號海港城港威商場3樓3202號舖"
,Arca Society,黃竹坑,西式,200-300,寵物友善,明太子墨魚扁意粉、美國安格斯西冷扒,https://www.instagram.com/p/DID2DASJLIB/,DID2DASJLIB,,"🪴30秒帶你入住! 抵玩港島休閒酒店✨
-
地區分類：#fca_黃竹坑
-
長假期就嚟到，想留係香港但又想有度假旅行Feel? 私心推薦依間上個月先去完Staycation嘅寵物友善酒店 The Arca🌴 

由黃竹坑站行5分鐘就到，酒店設計行小溫馨舒適風格，最重要係Pet Friendly，帶埋寵物入房抑或去餐廳戶外食飯都可以🦮♥️ 當日Signature海景房約$8xx，去埋Happy Hour最平一杯酒都係$38，拍得住中環嘅h.h價錢🥹 食埋三道菜Menu都係人均二百幾，港島住酒店咁嘅價錢就係爆CP值!!!
-
•Tuna Tataki Salad (+$30)
•Chef‘s Pick (+$30)
•Grilled US Angus Prime Striploin ($168)
•Mentaiko Cuttlefish Linguine ($128)
•Banoffee Cake (+$18)
•New York Cheese Cake (+$18)

主菜最平$118就有交易，以酒店而言真係超值🥹♥️ 當然亦可以自行升級3道菜Menu，

前菜揀左炙燒吞拿魚沙律 & 廚師精選沙律；主菜一定要試明太子墨魚扁意粉!!! 麵條掛滿creamy嘅明太子忌廉汁，加上爽彈墨魚，意外地秒清！美國安格斯西冷扒煎得夠粉嫩，最重要係配上自家製香草牛油咁先正🧈 甜品都係+$18，以香蕉拖肥蛋糕 & 紐約芝士蛋糕作結尾夠哂滿足！
隨主菜仲會附送咖啡/茶/果汁喔☕️
-
Arca Society (黃竹坑)
黃竹坑香葉道43號雅格酒店3樓

@thearcahotel
@arcasociety"
,cheesy_the_goat,,甜品,285-295,打卡必到,雙重開心果芝士蛋糕、黑糖珍珠茉莉花綠茶芝士蛋糕,https://www.instagram.com/p/DH2_i09oanL/,DH2_i09oanL,,"🧀小心軟滑! 網上TOP 1.芝士蛋糕店💛
-
黑糖珍珠茉莉花綠茶 ($285 UP)
食得到嘅台式黑糖珍珠茶飲感覺🧋 軟滑嘅茉莉花綠茶芝士蛋糕，入口非常香茶味，裏面仲特意加入黑糖珍珠增加口感！加上面層嘅經典自私蛋糕忌廉層，以及QQ的黑糖珍珠，最下層仲係自家製茉莉花味牛油餅底✨ 多重享受，感覺愛茶嘅人士會超滿意！
*
雙重開心果 ($295 UP)
用上六個月研發改良嘅人氣招牌- 雙重開心果💚 數數下自己都食左三次!!! 真係見證住佢哋進步～ 香濃嘅開心果芝士蛋糕，內層仲
有多層開心果醬，搭配滿滿嘅開心果碎 + 自家特製嘅開心果朱古力牛油餅底，簡直係為一眾開心果控而設🥹♥️ 每次食完都一致好評!!!!
-
購自 @cheesy_the_goat"
,Calle Ocho,銅鑼灣,西式,348,大班聚會,松露流心煎蛋配薯仔、曼徹格芝士蛋糕、西班牙火腿炸丸子、軟殼蟹海鮮飯,https://www.instagram.com/p/DHOQ15yh7Ky/,DHOQ15yh7Ky,,"🇪🇸 慶生聖地! 兩層高西班牙菜餐廳🍹
-
地區分類：#fca_銅鑼灣
-
見到依個藍白花磚門面，就知係銅鑼灣依間佔地超過2,500呎，有成兩層用餐區嘅西班牙菜餐廳✨ 每次有咩生日慶祝/朋友聚會都會諗起佢，個Vibe夠Chill之外，價錢亦夠親民！Tapas都係低至$45起，今次食嘅Dinner Set Menu，兩個人食足8道菜都係$348/位起🤭❤️ 飲埋招牌Sangria咁先盡興！
-
𝐃𝐢𝐧𝐧𝐞𝐫 𝐒𝐞𝐭 𝐌𝐞𝐧𝐮 ($348/pp)
-
< 𝗣𝗔𝗥𝗔 𝗣𝗜𝗖𝗔𝗥 >
•西班牙火腿炸丸子
•蒜蓉蕃茄煮青口 (+$28)

一系列經典西班牙前菜選擇！個人最愛一定係西班牙火腿炸丸子❤️ 炸得外酥內軟，帶火腿嘅鹹香！蕃茄煮青口正常發揮，青口Size偏細，肉質唔夠Q彈。
*
< 𝗧𝗔𝗣𝗔𝗦 >
•松露流心煎蛋配薯仔
•香蒜欖油大蝦 (+$48)

其中一道MVP，一定係松露流心煎蛋配薯仔🥔🍳 金黃香脆嘅炸薯絲，加上流心煎蛋以及松露醬，超邪惡！香蒜欖油大蝦夠哂熱辣辣，記住一定要配蒜片食，剩下嘅蒜油點麵包就最正🤭
*
< 𝗠𝗔𝗜𝗡𝗦 >
•軟殼蟹海鮮飯(2人份）
點都要食返個Paella先夠滿足！用上西班牙Bomba米，食落煙韌有口感，充分吸收了海鮮醬汁嘅精華✨ 軟殼蟹亦炸得金黃酥脆，最重要不太油膩！
*
< 𝗗𝗘𝗦𝗦𝗘𝗥𝗧 >
•西班牙油條配朱古力醬
•曼徹格芝士蛋糕

非常推薦佢哋嘅芝士蛋糕，香濃綿密，配上紅桑子醬不會太膩❤️ Churros正常發揮，略嫌朱古力醬太濃了～
-
Calle Ocho (銅鑼灣)
銅鑼灣加寧街8號Fashion Walk 地下K號舖及1樓"
,丼燃食堂,尖沙咀,日本料理,100-200,打卡必到,挑機丼燃大胃王、焦糖三文魚卷、乜蟹都有丼,https://www.instagram.com/p/DHvQ1CLI85v/,DHvQ1CLI85v,,"🥢人氣丼飯店の2.0巨大化刺身丼🇯🇵
-
地區分類：#fca_尖沙咀
-
旺角人龍丼飯店開到去尖沙咀!!! 店內設計同之前一樣行型格風，除左一系列抵食丼飯選擇，仲有自選刺身丼🥰 今次帶多左幾位朋友去，決心挑戰一下佢哋嘅15重巨大化刺身丼‼️ 雖然今次成功挑戰，但飯量一般嘅朋友仔真係要慎選🤣
-
乜蟹都有丼 ($138)
夠哂搶眼嘅五重蟹丼🦀 一次過食匀蟹肉+蟹棒+蟹籽+蟹鉗 +蟹膏! 拌入蟹膏一齊食，味道更昇華了！
*
挑機丼燃大胃王 ($298)
冇返咁上下胃口真係唔好挑戰🤣 一個丼飯集齊甜蝦+牡丹蝦+赤蝦+帶子+三文魚+三文魚子+鮑魚+火炙拖羅+拖羅蓉+蟹肉+蟹棒+蟹籽+蟹鉗+劍魚腩+ 鵝肝等15款食材，飯量亦係2-3人份，有選擇困難症/同一Share剛剛好！
*
焦糖三文魚卷 ($68)
佢哋嘅火焰卷亦係必點，夠哂IGable之外🔥 外層火炙過嘅三文魚有入口即化嘅口感！加上蟹籽作點綴，一口一件好滿足！
*
爆蔥鵝肝多士 ($68)
之前食過幾正，今次又再點嘅鵝肝多士😍 面層煎至金黃焦香，搭配乾蔥以及黑松露，也太邪惡了！
-
丼燃食堂 (尖沙咀)
尖沙咀厚福街2A號地舖"
,Clarence,中環,西式,698,拍拖約會,煙三文魚蛋沙律、法式焗蝸牛、牛肉菲力鵝肝派,https://www.instagram.com/p/DHQs6T4B789/,DHQs6T4B789,,"🇫🇷 食12道菜! 27粒米芝蓮星廚主理法菜🥂
-
地區分類：#fca_中環 
-
性價比咁高嘅法國菜竟然係中環揾到?! 餐廳仲要係由同時位職於米芝蓮1星L’Envol嘅27粒米芝蓮星廚 @elzer.olivier 主理✨ 不得不提佢哋嘅晚市set Menu，每人可以點4款前菜+ 1款主菜 + 1款甜品，即係兩個人Total食足12道菜😱❤️ 多幾個人去差不多可以試匀成個Menu!!! 記住有時間去埋餐廳室外嘅法式隱藏酒吧，幾好feel🍸
-
🍴 𝐒𝐞𝐭 𝐃𝐢𝐧𝐧𝐞𝐫 𝐌𝐞𝐧𝐮 ($698/pp)
-
< 𝗦𝗧𝗔𝗥𝗧𝗘𝗥 >
•Smoked Salmon Mimosa Egg
•Smoke Carpaccio (+$48)
•Gamberoni With Red Curry & Pistachio Cold Cream
•Beef Tartare With Comté Foam

🌟煙三文魚蛋沙律：大推！口感非常順滑，裏面仲有唔少煙三文魚！
🌟扇貝生魚片配辣根醬
🌟紅咖喱 配開心果意大利紅蝦：估唔到鮮嫩嘅紅蝦配上紅咖喱又有另一番風味～ 香料味唔會蓋過紅蝦嘅鮮味，亦有開心果碎增加口感！
🌟牛肉他他 配牛奶芝士泡沫！特別在於佢哋嘅芝士foam，完美溶入牛肉他他內🐂
*
< 𝗛𝗢𝗧 𝗦𝗧𝗔𝗥𝗧𝗘𝗥 >
•Snail Cooked In Pot Butter Maitre D’ Hotel & Croutons
•BBQ Octopus With Potato Foam
•Hokkaido Sea Urchin, Scrambled Egg &
Fennel (+$68)
•Yunnan Poached Egg, Meurette

🌟法式焗蝸牛: 必點!!! 以最傳統嘅方法，搭配芝麻香牛油以及麵包粒，嫩嫩的口感也太上癮了吧！
🌟燒八爪魚配薯仔泡沫
🌟北海道海膽炒蛋配茴香: 鮮甜嘅海膽配上香滑嘅炒蛋，以藏紅花以及茴香作點綴！
🌟雲南水煮蛋配梅爾特醬
-
< 𝗠𝗔𝗜𝗡𝗦 >
•Roasted Yellow Chicken
•Beef Fillet & Foie Gras Pithivier (+$118)

🌟烤黃油雞
🌟牛肉菲力鵝肝派: 升級版嘅威靈頓牛!!! 焗得金黃酥香嘅酥皮包住綿滑嘅鵝肝 以及粉嫩嘅牛排，食落去帶層次感，就是滿足的感覺！
*
< 𝗗𝗘𝗦𝗦𝗘𝗥𝗧 >
•Classic Mont Blanc Chestnut
•Mango & Passion Fruit, Sorbet & Coconut
Foam (+$38)

🌟栗子蒙布朗
🌟芒果熱情果雪葩 配椰子泡沫: 解膩一流！清新酸爽嘅雪葩，加上椰子foam，有種熱帶風情嘅味道🌴
-
Clarence (中環)
中環砵甸乍街45號H Code 25樓"
,CITRINO,中環,西式,560,拍拖約會,黃金雞、和牛漢堡、雙重和牛他他、焙茶黑豆千層酥,https://www.instagram.com/p/DIYxIi5Bw0f/,DIYxIi5Bw0f,,"✨隱藏菜式! 米芝蓮推介意日Brunch🥂
-
地區分類：#fca_中環 
-
係安蘭街18號依座Building有唔少臥虎藏龍嘅餐廳坐鎮，而其中依間由米芝蓮1星Ryota Kappou Modern幕後團隊與主廚神保佳永合作打造嘅意大利餐廳🇮🇹✨ 係意大利菜加入日式元素，比大家係輕鬆悠閒嘅氛圍下嘆米芝蓮水準嘅菜式！最近星期六仲可以用入門價嘆足3道菜Brunch，呢個假期唔好錯過❤️
-
🥂 𝐂𝐈𝐓𝐑𝐈𝐍𝐎 𝐒𝐨𝐮𝐥𝐛𝐫𝐮𝐧𝐜𝐡 ($560/pp)*
*逢星期六供應
-
< 𝗖𝗜𝗖𝗖𝗛𝗘𝗧𝗧𝗜 >
•ʏᴇʟʟᴏᴡ · ʀᴇᴅ ʙᴇᴇᴛ ʀᴏᴏᴛ, ʜᴏᴋᴋᴀɪᴅᴏ ᴄᴏʀɴ, ᴘʀᴏᴍᴇɢʀᴀɴᴀᴛᴇ, ᴏʀɢᴀɴɪᴄ ɢʀᴇᴇɴ ꜱᴀʟᴀᴅ
紅菜頭有機沙律🥗 用上自家種植意大利有機黃+紅菜頭，加上北海道粟米以及酸爽嘅石榴，非常清爽開胃

•ᴡᴀɢʏᴜ ᴅᴜᴏ ᴛᴀʀᴛᴀʀᴇ (+$100)
雙重和牛他他🐂 特意採用兩款手切日本和牛，油香十足，拌入蛋汁，口感特別滑溜！
*
< 𝗖𝗜𝗧𝗥𝗜𝗡𝗢 𝗦𝗢𝗨𝗟 𝗣𝗟𝗔𝗧𝗘𝗦 >
•ɴᴇʀᴏ ʙʀɪᴏᴄʜᴇ ʜᴀᴍʙᴜʀɢᴇʀ ᴅɪ ᴡᴀɢʏᴜ (+$100)
•ɪᴛᴀʟɪᴀɴ ꜱᴛʏʟᴇ ᴄʜɪᴄᴋᴇɴ ᴋᴀʀᴀᴀɢᴇ & ɴᴜɢɢᴇᴛꜱ ʙᴜᴄᴋᴇᴛ

主菜揀左和牛漢堡 & 意式炸雞～ 自家製漢堡裏面夾住焦糖洋蔥、熟成紅酒醬、脆火腿以及充滿肉汁嘅和牛扒🥰 意式炸雞嘅炸粉加入了意式香料&芝士，再沾上黑松露蜜糖芥末以及山椒蛋黃醬就更惹味！ 

•ɢᴏʟᴅᴇɴ ᴄʜɪᴄᴋᴇɴ ($1280)
餐廳隱藏菜式- 黃金雞🐓 面層鋪滿香脆嘅麵包碎，令雞肉保留到唔少肉汁，肉質亦夠嫩滑！記住要提前4日預訂喔～
*
< 𝗗𝗘𝗦𝗦𝗘𝗥𝗧 >
•ʜᴏᴊɪᴄʜᴀ ʙʟᴀᴄᴋ ʙᴇᴀɴ ᴍɪʟʟᴇꜰᴇᴜɪʟʟᴇ
焙茶黑豆千層酥🥄 濃厚嘅焙茶忌廉x雲呢拿吉士，加上酥脆嘅酥皮以及好light嘅豆乳雪糕，整體balance得很好❤️
-
CITRINO (中環)
中環安蘭街18號2樓"
,Palco Ristorante,尖沙咀,西式,1088,拍拖約會,新鮮黑松露野菌意大利粉、酥皮焗黑鱈魚配龍蝦汁、椰林飄香、紅蝦他他配海膽·蕃茄啫喱,https://www.instagram.com/p/DHV1Z7yBciM/,DHV1Z7yBciM,,"🌊270度海景! 嘆足8道招牌意大利菜🍸
-
地區分類：#fca_尖沙咀
-
唔走到海港城最盡頭嘅LCX兼上到最上層，真係好容易錯過依間寶藏餐廳🥹✨ 除左可以飽覽270度維港海景，餐廳仲係由曾任於米芝蓮1星法菜Gaddis嘅本地星級廚師主理！今次Celebration Menu 可以一次過試匀8款餐廳多年來嘅招牌菜式🥰 未試過餐廳嘅朋友仔，絕對係入手嘅好時候！
-
🥂 𝐏𝐚𝐥𝐜𝐨 𝐂𝐞𝐥𝐞𝐛𝐫𝐚𝐭𝐢𝐨𝐧 𝐌𝐞𝐧𝐮 ($1088/pp)
-
𝗔𝗺𝘂𝘀𝗲 𝗕𝗼𝘂𝗰𝗵𝗲
•慢煮三文魚鹹柑桔啫喱
•陳醋鴨肝凍批多士
•紅菜頭脆片配八爪魚燴雜菜

一開始以3款餐前小食打開序幕✨ 個人最愛三文魚鹹柑桔啫喱，酸甜開胃！口感綿滑嘅鴨肝也不錯～
*
•紅蝦他他配海膽·蕃茄啫喱
鮮甜嘅紅蝦與入口即化嘅海膽簡直係PERFECT MATCH 🧡 搭配蕃茄啫喱以及牛油果蓉，整個味道就更清新！
*
•耶路撒冷雅支竹濃湯配元貝他他
天氣凍凍哋，最啱飲返個湯暖下胃🥄 特意用上耶路撒冷嘅雅支竹，入口幾creamy，亦不會遮蓋到元貝他他嘅鮮味！
*
•炒蟶子皇配魚子醬·藏紅花泡沫
炒蟶子食落超爽彈的，下層鋪上香滑薯蓉，以魚子醬 以及藏紅花泡沫作點綴🥰
*
•新鮮黑松露野菌意大利粉
份量多慷慨嘅黑松露，意粉食落自然帶陣陣黑松露香味😎 意粉亦夠煙韌彈牙！
*
青檸雪葩
*
酥皮焗黑鱈魚配龍蝦汁
/
炭燒和牛牛小排配紅酒汁 (+$168)

主菜方面有威靈頓黑鱈魚柳，用上金黃酥脆嘅酥皮包住，裏面嘅魚肉保持到濕潤嫩滑🐟 用炭燒香過嘅和牛牛扒，肉質粉嫩，油脂分佈細膩，每一啖都夠哂滿足🐂❤️
*
椰林飄香
招牌分子料理甜品- 椰林飄香！席前灑上冰凍嘅椰子雪糕，搭配帶空氣感椰子忌廉以及菠蘿，很亞熱帶小清新嘅味道🌴🥥
*
餐後小食
-
Palco Ristorante (尖沙咀)
尖沙咀廣東道3-27號海港城海運大廈4樓OTE 403-404號舖"
,Trattoria Felino,灣仔,西式,400-600,打卡必到,流心卡邦尼蛋、海膽蒜香意粉、沙煲黃油雞、提拉米蘇,https://www.instagram.com/p/DGnKg-JJdeS/,DGnKg-JJdeS,,"🇮🇹熱潮不再? 30秒睇預約困難意菜餐廳🍷
-
地區分類：#fca_灣仔 
-
🔔 影片聲音導航中

依間由一開業已經成為預約困難店嘅意大利菜廳，皆因兩位意廚都曾任於港君悅酒店 Grissini，所以有唔少熟客之餘，仲有「平民版Grissini」嘅稱號🤭❤️ 最近算係易左少少Book位，終於有機會去潮聖下店內嘅招牌流心卡邦尼蛋 & 沙煲黃油雞✨整體質素唔錯，建議大家可以一戰！
-
< 𝗚𝗟𝗜 𝗦𝗡𝗔𝗖𝗞 𝗙𝗘𝗟𝗜𝗡𝗜 /𝗖𝗥𝗨𝗗𝗜 >
•Carbonara Egg ($38/each)
流心卡邦尼蛋🥚 簡直係將整個卡邦尼嘅精髓放左入隻蛋到！幼滑嘅蛋黃忌廉混合芝士以及豬頰肉，食到底層仲有流心蛋黃😍 一口多重層次，招牌之作無誤～
*
•Steak Tartare ($138)
牛肉他他🐂 比較特別係用上多款醃漬過嘅蔬菜代替平時嘅醃黃瓜，搭配紅菜頭脆片一齊食～
*
•Hamachi Crudo ($158)
意大利漬油甘魚🐟 配以煙燻過嘅雅枝竹、青瓜片以及檸檬皮，味道微酸清新，亦能突出油甘魚嘅油香！
*
< 𝗣𝗔𝗦𝗧𝗘 >
•Sea Urchin Spaghetti ($258)
海膽蒜香意粉✨ 店內有一系列手工意粉，其中人氣必點之一，一定係依款鋪上海膽嘅意粉!!! 鮮甜嘅海膽加上醬汁夠哂Creamy，意粉亦夠煙韌！
*
< 𝗦𝗘𝗖𝗢𝗡𝗗𝗜 >
•Yellow Chicken ($288/Half)
晚市限定- 沙煲黃油雞🐓 經過慢煮烹調，肉質軟嫩，搭配嘅濃縮雞醬汁可能會偏重味左啲～ 因為淋上醬汁嘅關係，外皮亦少左香脆嘅口感。
*
< 𝗗𝗢𝗟𝗖𝗜 >
•Tiramisu ($98)
•Cannoli al cioccolato ($68)

以兩款經典意大利甜品- 提拉米蘇 & 西西里奶油脆筒作結尾💕 Tiramisu係水準之上，口感軟滑，帶充足咖啡香！Cannoli係朱古力內餡，可可味重，所以食落唔會太膩！
-
Trattoria Felino (灣仔)
灣仔船街1-7號寶業大廈地下3-4號舖"
,Venchi,銅鑼灣,甜品,,打卡必到,豆腐花意式雪糕,https://www.instagram.com/p/DHI9aympti7/,DHI9aympti7,,"🍨聯乘推出! 爆紅限定豆腐花Gelato❤️
-
地區分類：#fca_銅鑼灣
-
最近火速售罄嘅Gelato?! 當晚去到差少少冇機會介紹比大家🥹✨ 由兩大百年品牌Venchi x 公和荳品廠 首度聯乘推出香港限定- 豆腐花意式雪糕!!! 將港人情懷甜品豆腐花融合Gelato，雙重經典，雙重滋味～

🇭🇰 豆腐花意式雪糕
好鐘意Gelato質感細滑，食落帶清新嘅陣陣豆香，配上面層嘅紅糖，有畫龍點睛作用，亦增加不少口感🥰 個人建議可以選擇配搭芒果/皮埃蒙特榛子口味雪糕，前者會再Refreshing啲，後者嘅果仁香與豆腐花又幾match！依家唔洗去深水埗都食到公和豆腐花啦～
-
指定Venchi門市有售
@venchi_hk"
,庭日本料理,中環,日本料理,580,拍拖約會,魚籽醬雲丹毛蟹、炭燒鰻魚、茶碗蒸、大拖羅壽司,https://www.instagram.com/p/DG2n5gRJyBd/,DG2n5gRJyBd,,"🇯🇵實力派選手! 中環新開低調Omakase🥢
-
地區分類：#fca_中環 
-
最近有間Omakase係中環低調開業，但就已經儲落唔少回頭客～ 餐廳設計行日式禪意庭園風格，比人得放鬆的感覺🎍 當晚嘅壽司師傅更係唔少知名Omakase店做過，全晚質素也很穩定😌 最重要係14品午市Omakase都係$580，晚市更可以食匀20品夠哂滿足！
-
🥢 𝘿𝙞𝙣𝙣𝙚𝙧 𝙊𝙢𝙖𝙠𝙖𝙨𝙚 𝙈𝙚𝙣𝙪 
-
< 先付け >
•法蓮草と春菊
•富山産白海老の唐揚
•茶碗蒸し 
茶碗蒸竟然有驚喜！口感滑溜之餘，仲好香冬菇味 (聽師傅講蒸蛋嘅時候放左冬菇水一齊蒸🤭)
*
< 刺身 >
•真鯛薄切り •魚籽醬雲丹毛ガ二 •夕コ柔らか煮 •あん肝最中 •鰻の炭焼き 
超滿足嘅魚籽醬+海膽+毛蟹三重奏‼️ 經過慢煮嘅八爪魚腿，軟腍兼入味～ 鮟鱇魚肝最中餅，裏面嘅鮟鱇魚肝份量剛好唔會過膩，口感亦夠綿密✨ 師傅大讚的炭焼鰻魚，外層金黃香脆，帶陣陣煙燻香味！
*
< 寿司 >
•北寄貝 •大拖羅 •喜之次 •鰶 •牡丹蝦 •雲丹 •赤身 •穴子 •太卷き •玉子焼き 
一共9貫壽司+玉子焼！當晚吞拿魚來自岩手縣山田，大拖羅油脂平均，入口即化🥰 喜之次經過炙燒，油香突出！等左好耐終於再次食到小肌，酸爽嘅味道真作好過癮！
*
< 湯/甘味 >
•蛤味噌汁
•季節果物
-
庭日本料理 (中環)
中環堅道61號地舖"
,族ZOKU,灣仔,日本料理,494,拍拖約會,90分鐘任食即開生蠔、炸蠔壽司卷、焙茶焦糖燉蛋,https://www.instagram.com/p/DGiBksYp0IK/,DGiBksYp0IK,,"🍶任食即開生蠔! 生蠔主題日式菜單🦪
-
地區分類：#fca_灣仔 
-
各位生蠔控可以出動了!!! 今次但係五星級酒店內嘅日本料理餐廳🇯🇵 之前去過個Vibe唔錯，出面仲有個露天花園，夜晚去真係幾浪漫～ 依個生蠔主題日式Menu食匀5道菜 + 90分鐘生蠔任食，其他菜式都會搵到生蠔嘅蹤影🥰 嚟到記住試埋佢哋嘅Cocktails，加入左日本元素，幾有驚喜！
-
🦪 𝐎𝐲𝐬𝐭𝐞𝐫 𝐌𝐨𝐧𝐝𝐚𝐲 ($988/2 pax)*
*逢星期一 6-9PM供應
-
< 𝗢𝗧𝗢𝗦𝗛𝗜 >
•The Izakaya Way
*
< 𝗜𝗥𝗔𝗦𝗦𝗛𝗔𝗜𝗠𝗔𝗦𝗘 >
•90 minutes freeflow Fresh Seasonal Oysters
90分鐘任食即開生蠔🤩 當日生蠔來自法國Normandy 🇫🇷 蠔肉偏爽口而且重海水味，入口幾新鮮，每人一打是常識吧～ 店員都會好主動問需唔需要Refill，Refill速度正常！
*
< 𝗠𝗔𝗞𝗜𝗠𝗢𝗡𝗢 >
•Golden Fried Oyster 
炸蠔壽司卷✨ 一共6件已經夠哂飽，每件仲要上面都放上炸蠔，裏面卷住牛油果～
*
< 𝗡𝗢𝗢𝗗𝗟𝗘𝗦 >
•Kake Udon
會係你面前淋上熱辣辣嘅鰹魚湯烏冬🥢 裏面加入了生蠔以及煙燻過的魚子，成個鮮味立刻出哂嚟～
*
< 𝗞𝗨𝗦𝗛𝗜𝗬𝗔𝗞𝗜 >
•Skewers from the grill
3款日式串燒，包括西京味噌香芋、九洲雞腿肉 以及汁燒三文魚🔥 
*
< 𝗗𝗘𝗦𝗦𝗘𝗥𝗧𝗦 >
•Hoiicha Crème Brûlée
焙茶焦糖燉蛋，口感creamy 而且焙茶味幾濃厚，配上椰子雪葩很清爽🥥
-
族ZOKU (灣仔)
灣仔駱克道330號The Hari Hong Kong 2樓"
,SOMM,中環,西式,778,拍拖約會,朱古力梳乎厘配朱古力雪葩、法式牛柳鴨肝皇冠派,https://www.instagram.com/p/DGaRcYYJTI5/,DGaRcYYJTI5,,"✨世一梳乎厘! 再訪全港最愛Brunch🥂
-
🔔 影片聲音導航中

望見依個朱古力梳乎厘，都知道到訪了@mo_landmarkhk 內的SOMM 🥰 最近原來換上新菜式，連麵包盒內嘅自家製麵包亦換上新款式～ 主菜竟然多左法式牛柳鴨肝皇冠派，多個Layers組合而成，強烈建議會到訪嘅朋友仔一定要點!!!💕
-
🥂 𝐒𝐎𝐌𝐌𝐤𝐢𝐧𝐝 𝐨𝐟 𝐁𝐫𝐮𝐧𝐜𝐡 ($778/pp)*
*已包含90分鐘暢飲有汽酒、時令雞尾酒、果汁、咖啡/茶
-
< 𝗧𝗢 𝗦𝗧𝗔𝗥𝗧 >
•Bread Platter with Border Salted Butter & Seasonal Christine Ferber Jam
全新自家烘焙麵包盒🥐 一次過試匀栗子酸種麵包、純素牛角包 & 法式芝士蝴蝶酥，再配上法國牛油及柚子醬！麵包控每次都表示很滿足❤️ 食唔哂亦可以拎走～
*
•Bellota Paleta Ham
•Grain Fed O’Connor Angus Beef Carpaccio

西班牙風乾黑毛豬火腿，搭配菊芋、榛子及黑松露！生牛肉薄片，配上法式伯納西醬，口感滑順豐厚，配牛肉很不錯😌

•Buri Kombu Jime
•Scampi Tempura

兩款日式風味前菜- 昆布漬鰤魚，配上青瓜、萵筍及紫蘇葉一齊食，非常清爽🐟 另一款深海螯蝦天婦羅，肉質爽彈結實，但略嫌炸得未夠酥脆～
*
< 𝗧𝗢 𝗖𝗢𝗡𝗧𝗜𝗡𝗨𝗘 >
•Tenderloin, Wild Mushroom Duxelles & Foie Gras Pithivier (+$598/2pp)

大推‼️ 法式牛柳鴨肝皇冠派配黑松露醬。限量供應，外層金黃嘅酥皮包住一層法式蘑菇碎，內層係綿滑嘅鴨肝，配搭粉嫩嘅牛柳，這是甚麼神仙組合🥹💕 而且酥皮Wrap得幾好，唔會一切就散！
*
< 𝗧𝗢 𝗙𝗜𝗡𝗜𝗦𝗛 >
•Pancakes with Banana & Toasted Pecan Nuts
•Abinao Chocolate Souffe with Cacao Sorbet

除左香蕉班戟配山核桃，每次必點一定係招牌- 85%朱古力梳乎厘配朱古力雪葩🍫 熱辣辣嘅梳乎厘，鬆軟帶空氣感嘅Texture，再加上一球濃厚冰凍嘅朱古力雪葩，冰火交融，太邪惡了🤭
-
SOMM (中環)
中環皇后大道中15號置地文華東方酒店7樓"
,陳儀興尚潮樓,鰂魚涌、太子,中菜,597,大班聚會,滷水鵝三寶、清燉荷包鱔、玉枕白菜、手工錦鯉蝦,https://www.instagram.com/p/DHBPAo3pT47/,DHBPAo3pT47,,"✨傳統手藝! 60年老字號潮州菜🥢
-
地區分類：#fca_鰂魚涌 #fca_太子
-
朋友推介最愛食滷水鵝嘅地方🫢‼️ 依間越半世紀家族老字號，行古法老派路線，主打一系列罕有傳統手工潮州菜嘅餐廳，一向係唔少人聚餐嘅地方！對一個對潮州菜冇乜研究嘅人而言，成餐飯真係食到嘩嘩聲～ 4個人去的試，建議可以試4人套餐，人均$597，食匀8款潮州手工菜夠哂滿足！
-
🥢 潮州傳統手工菜 ($2388/4位)
需預早兩天預訂
-
•滷水鵝三寶 (鵝肉/鵝肝/鵝腸)
佢哋嘅滷水一向唔會令人失望🤭 用上歷盡四五十年哪鎮店招牌滷水，食落香醇不嗆，滷水鵝既入味但又同時保留鵝肉本味！鵝腸夠爽脆，鵝肝入口非常軟滑～
*
•清燉荷包鱔
連蔡瀾都愛嘅傅統潮州菜✨ 出面基本上都好難揾到，皆因做法繁複工序多。用上鹹酸菜葉包住白鱔、金華火腿以及香菇，再配以胡椒一齊燉煮2小時，味道夠哂鮮！
*
•手工錦鯉蝦
錦鯉造型蝦球，配上底下嘅湯汁真係活形活現🐟 蝦球用料實在，口感彈牙～
*
•香煎鷹鯧魚片
一定要襯熱食，咁先確保到鷹鯧魚片嘅焦脆感🥰 調味剛好，不會蓋過魚肉嘅鮮味！
*
•富貴石榴帶子
用上手工蛋皮包裹住帶子肉餡，蒸熟後就好似石榴嘅形狀，再配以芡汁，味道豐富🥰
*
•玉枕白菜
傳統名菜之一，以粗菜精製手法製作，用上津白菜葉裹進蝦膠、豬肉碎、香菇碎以及大地魚碎，經過上湯煨煮再蒸，最後淋上芡汁，做到外爽脆內爆汁嘅效果🤭🥬 有驚喜！
*
•糖醋伊麵兩麵黃
煎至兩面金黃香脆，一邊沾上白砂糖，一邊沾上香醋，酸甜過癮❤️
*
•脆皮落湯錢
創新潮汕小食，有傳「落湯錢，食了有錢」💰煎至焦脆嘅糯米糍，再沾上花生粉以及糖碎🥜 食落香酥軟糯！
-
陳儀興尚潮樓 (英皇道) （鰂魚涌) (太子）
鰂魚涌英皇道1001號7樓1號舖
太子太子道西179號地下及一樓"
,豆公館,旺角,甜品,50-100,打卡必到,開心果豆腐花、紫薯紅棗雪耳豆腐花、麻婆豆腐花,https://www.instagram.com/p/DGVLoQtJY23/,DGVLoQtJY23,,"🥄創意豆腐花! 非一般新派荳品廠✨
-
地區分類：#fca_旺角
-
大家行過旺角應該都有經過見到依間餐廳，與一旁嘅小食店風格特別唔同，原來係一間行木系文青風嘅荳品小店🥰 裏面仲有一系列新派創意豆腐花，接近有15款咁多!!! 標榜每日新鮮製作，竟然仲有大家最愛嘅開心果以及泰茶口味❤️ 無意中留意到餐廳開8AM，早餐食份炒粉麵/粥，配埋豆漿都只係$20🥹
-
< 蛋餅 >
•開心果蛋餅 ($42)
•肉鬆蛋餅 ($38)

一共6款煎蛋餅，但真係第一次試開心果口味🤭 煎至外層帶脆嘅蛋餅，面層再淋上開心果醬、朱古力醬以及開心果碎，感覺上當甜品也不錯，但開心果味就冇豆腐花咁出～ 
*
< 豆腐花 >
•開心果豆腐花 ($42)
•招牌麻婆豆腐花 ($26)
•麥芽黑糖桃膠花生豆腐花 ($38)
•紫薯紅棗雪耳豆腐花 ($38)
•泰茶麥芽桃膠豆腐花 ($35)

係15款豆腐花裏面，揀左幾款比較特別嘅試一試🥰 開心果豆腐花意外地幾香開心果味，配返滑溜嘅豆腐花甜度balance返！個人最愛- 紫薯紅棗雪耳豆腐花，味道有點像蕃薯糖水，帶薑汁嘅香味，加上紅棗 & 雪耳，女士們要食了‼️ 比較少食到嘅麻婆豆腐花，加入了辣油、香蔥、榨菜以及花生，味道鹹香又幾過癮🤣
*
< 鹹食 >
•麻辣鹹牛肉刈包 ($28)
•鐵板蛋煎腸粉 ($32)
•老乾媽炒米粉 ($36)

鹹食主要為炒麵、粥、腸粉 以及刈包！刈包烘過，所以中間帶點脆脆嘅口感，鹹牛肉加上麻辣醬，個人覺得味道有點重了🫢 腸粉份量唔少，口感幾彈滑🥢 
-
豆公館 (旺角)
旺角登打士街43號地舖"
,Casa Lisboa Gastronomia Portuguesa,中環,西式,468,拍拖約會,葡式烤乳豬、蒜蓉欖油八爪魚、慢煮砵酒牛面頰、木糠布丁,https://www.instagram.com/p/DG-U3ndJKeg/,DG-U3ndJKeg,,"🍷週末必去! 半任食葡式Brunch🇵🇹
-
地區分類：#fca_中環 
-
由葡萄牙主廚坐鎮，開左有接近16年嘅正宗葡國菜餐廳✨ 之前試過佢哋嘅Brunch質素唔錯，而最近推出嘅任食葡式烤乳豬 + 傳統葡式飯 8道菜早午餐，真係超吸引！講緊之前單點烤乳豬都要$390，依家無限追加也太幸福了吧!!! 仲要入座即送葡萄牙綠酒/佩爾塞雞尾酒一杯，咁先係Weekend要嘅態度😎
-
🇵🇹 葡萄牙冬日早午餐 ($468/pp)*
*2小時暢飲西班牙果酒、紅/白/有氣酒/葡萄牙綠酒 (+$250/pp)
-
< 𝗪𝗘𝗟𝗖𝗢𝗠𝗘 𝗔𝗣𝗘𝗥𝗜𝗧𝗜𝗩𝗢/𝗖𝗢𝗨𝗩𝗘𝗥𝗧 >
•葡萄牙綠酒/佩爾塞雞尾酒
•自製醃製葡式橄欖·自家製肉醬·蒜蓉牛油配麵包
*
< 𝗦𝗧𝗔𝗥𝗧𝗘𝗥𝗦 >
•紅蝦他他
•蒜蓉欖油八爪魚
•炸馬介休球
•炒牛肉粒配泡菜及白製牛肉汁

一開始係4道經典葡萄牙前菜🍴 個人最愛蒜蓉欖油八爪魚，上枱熱辣辣，軟嫩嘅八爪魚配上蒜片，好上頭!!! 炸馬介休球都係超正🥰 外酥內綿滑，裏面係魚肉+薯蓉，鹹香惹味！
*
< 𝗠𝗔𝗜𝗡𝗦 >
•珍寶蝦，蜆肉，青口配香濃海鮮醬
•慢煮砵酒牛面頰伴Feijoada黑豆

比較推介慢煮砵酒牛面頰肉，牛肉煮得非常軟腍入味，一切就散，而且帶陣陣肉香🐂
*
< 𝗨𝗡𝗟𝗜𝗠𝗜𝗧𝗘𝗗 𝗦𝗘𝗥𝗩𝗜𝗡𝗚𝗦 >
•葡式烤乳豬
•主廚精選傳統葡式飯

重頭戲一定係無限追加烤乳豬+葡式飯🥹❤️ 佢哋嘅烤乳豬一定都好出色，用上炭火上慢烤3小時，外皮金黃酥脆，內裏仲係充滿肉汁!!! 葡式飯當日為葡式海鮮湯飯🦐 用多款海鮮熬湯煮米，食完夠哂暖笠笠！另一款仲有招牌葡式焗鴨飯，睇大家撞埋邊款🤭
*
< 𝗗𝗘𝗦𝗦𝗘𝗥𝗧𝗦 >
•木糠布丁
•迷你葡撻伴雲呢嗱雪糕

每次必點木糠布丁‼️ 入口夠香滑，一啲都唔會膩～ 迷你葡撻上枱仲係熱，而且外皮亦超酥脆的！
-
Casa Lisboa Gastronomia Portuguesa (中環)
中環雲咸街63號巴力大廈2樓"
,廚魔,中環,中菜,1024-1280,拍拖約會,發財好市 (生蠔配魚子醬香檳白酒汁)、鴻運當頭 (乳豬配鹹蛋黃栗子)、鮑羅萬有 (鮑魚花膠茶碗蒸),https://www.instagram.com/p/DGc33xdpNKi/,DGc33xdpNKi,,"🥢香港味道! 值得擁有的米芝蓮2星體驗🀄️
-
地區分類：#fca_中環 
-
一間被評為最抵食嘅米芝蓮2星餐廳⭐️⭐️ 最近襯 @diningcity_hong_kong 春季香港餐廳周，用8折食食足10道菜！而今次餐廳以農曆新年為主題，用上多款香港人熟悉嘅新年食材，包括鮑魚、髮菜、瑤柱、乳豬等，菜式名稱亦夠哂寓意，一秒令你重拾新年喜慶感🧧 加上餐廳設計用上唔少香港本地元素，例如紅白藍、牌九等～ 創造出屬於香港人的米芝蓮2星！
-
🪭 𝐇𝐨𝐧𝐠 𝐊𝐨𝐧𝐠 𝐂𝐍𝐘 𝐌𝐞𝐧𝐮 ($1024/位<—$1280/位)*
*須於DiningCity網上預訂
*‼️ 輸入以下連結 🔗 https://bit.ly/4kge9Xp 或 按Profile Link 查看一系列餐廳優惠！‼️
-
< 風生水起 >
•生菜 - 醃菜·生菜忌廉
•甘筍- 椰子·泡菜
•蔥- 埃曼塔奶芝士
•芹菜- 川椒·墨西哥辣椒

原來用料上都有唔同意頭！甘筍=好彩、生菜=生財、蔥=聰明、芹菜=勤力🫢 真係唔係香港人都諗唔出依啲Idea!!! 個人覺得「蔥」幾特別，係脫水曬乾左嘅泡菜蔥，再配上埃曼塔奶芝士，兩樣重味嘅elements一齊食又幾夾～
*
< 鮑羅萬有 >
•鮑魚·茶碗蒸·門鱔膠
米芝蓮證實比大家睇原來蒸蛋都可以咁好食🥹❤️ 裏面加入了鮑魚、花膠、門鱔膠，配上面層嘅鮑汁，口感滑溜帶鮮，亦有點家嘅味道～
*
< 年年有餘 >
•藍鰭拖羅·蕃茄·白醬油·芥末·鵝肝·牛蒡
用上赤上以及油膩比較重嘅拖羅位置🐟 面層灑上風乾鵝肝碎，搭配上層嘅蕃茄白醬油、爽脆嘅牛蒡 以及少許芥末，味道輕盈新爽！
*
< 發財好市 >
•法式香檳白酒汁·髮菜·木薯·魚子醬
發財好市= 髮菜蠔豉✨ 亦係個人其中一道最愛嘅菜式！生蠔加上魚子醬，鮮味出眾🦪 幾有趣下層竟然放上西米，令人可以試多啲個香檳白酒汁之餘，仲增加煙韌嘅口感～
*
< 步步高陞 >
•瑤柱·大根·臘腸
變奏版嘅蘿蔔糕🤣 睇落真係完全唔似!!! 蘿蔔脆片加上蘿蔔purée，以臘腸gel 以及乾瑤柱碎作點綴，就是平時食蘿蔔糕的味道啊 (衝擊中) 🫨💕
*
< 花開富貴 >
•花香蜂蜜·油桃果南瓜
蒸過嘅奶油南瓜，配上南瓜麵鼓醬、桂花啫喱、榛子 以及淋上玫瑰露酒南瓜湯✨ 
*
< 鴻運當頭 >
•乳豬·八寶·百合根
新年團年飯必備乳豬🔥 裏面卷住鹹蛋黃 & 栗子，而且外皮係超!級!!脆!!!!! 下層搭配嘅白合purée 除左有「百年好合」嘅意思外，清幽嘅味道亦能一減乳豬嘅油膩感！
*
< 五穀豐收 >
•廚魔雞飯
感覺就是加左很濃雞汁煮成的飯🐓 如果真係有啲雞肉會開心啲！
*
< 金銀滿屋 >
•柑橘·椰子·西柚
*
< 平平安安 >
•蘋果·白蘭地·亞麻籽
-
廚魔 (中環)
中環砵典乍街45號H Code 1樓"
,The Merchants 嘗申滙,中環,中菜,680,拍拖約會,馳名本幫手撕蔥油白斬雞、水晶肴肉、上海燻魚、海珍燒麻婆豆腐,https://www.instagram.com/p/DHDn1SuJrEB/,DHDn1SuJrEB,,"🥢三月限定菜單! 浪漫夜景上海菜The Merchants 嘗申滙 🫖
-
地區分類：#fca_中環 
-
🔔 影片聲音導航中

以優惠價錢嘆米芝蓮主廚嘅菜式?! 置地廣塲今年全新推出「Taste of the Month」 饗宴盛會，每月由置地廣塲精選人氣食府，輪流打造特色餐單✨ 今個月輪到可以望到高空維港夜景嘅上海菜The Merchants 嘗申滙，以$680 (+10%) 價錢嘆到米芝蓮星級名廚陳天龍師傅呈獻嘅十道菜式😱❤️ 仲包埋兩杯精選美酒🍷 絕對係入手好時間！
-
🥢 𝐓𝐚𝐬𝐭𝐞 𝐨𝐟 𝐭𝐡𝐞 𝐌𝐨𝐧𝐭𝐡 𝐌𝐞𝐧𝐮 ($680/pp)*
* 2025年3月2日至3月31日 (逢星期日至星期三供應)
* BESPOKE雋環「譽」級別或以上會員可享專屬禮遇
*包含2杯美酒/茶 Pairing 
-
•椒香鮑魚
•水晶肴肉
•上海燻魚
•蔥香鮮百合羊肚菌

上海小菜4宮格✨ 當然唔少得江蘇十大經典名菜之一：水晶肴肉！三層組合而成，肉質滑嫩爽口！另一驚喜位係上海燻魚，口感外脆內嫩，下酒一絕
*
•海皇酸辣湯 
話明「海皇」，裏面竟然有唔少花膠、蝦肉等食材～ 酸酸辣辣夠開胃❤️ 另外可以+$50升級至花膠薺菜黃魚羹～
*
•馳名本幫手撕蔥油白斬雞
主廚得獎之作- 蔥油手撕雞🐓 外層爽彈帶油香，雞肉就算雞胸位置都好軟嫩，配上蔥油就更惹味！
*
•時令蔬菜
•海珍燒麻婆豆腐 配茉莉香米煲仔飯
•鮮肉小籠包

超期待嘅麻婆豆腐，裏面竟然仲有Q彈海蔘❤️ 香辣惹味，配返碗煲仔飯就剛剛好。當然唔少得經典鮮肉小籠包，一口爆汁是常識吧！
*
•桂花酒釀丸子
•炸流沙湯丸
-
嘗申滙 (中環)
中環皇后大道中15號置地廣場中庭告羅士打大廈44樓"
,鮨樂,灣仔,日本料理,400-500,拍拖約會,海膽蟹肉茶碗蒸、大拖羅壽司、Moshimochi 大福,https://www.instagram.com/p/DFr88Byv2kY/,DFr88Byv2kY,,"🥢情人節攻略! 無負擔食16品Omakase🍶
-
地區分類：#fca_灣仔 
-
人均只係$4xx食晚市16品廚師發辦😱❤️ 仲要係情人節前夕都食到～ 一次過仲要食匀海膽+赤身+中拖+大拖‼️ 開多支清酒都係+$138，咁有儀式感，除返都係$5xx/位，真係性價比Max!!!
-
🌸 春季盛宴Menu ($980/2位)*
*由2月1日至2月13日供應
*預約時記住標明Bar枱位置
*時日清酒原支 720ml (+$138)
*含加一服務費
-
< 先付 >
•沖繩水雲配北海道厚岸產生蠔
*
< 旬の料理 >
•白子· 鮟鱇魚肝

白子天婦羅外脆內嫩，口感超正的！
*
< 蒸物 >
•海膽蟹肉茶碗蒸

豪華版茶碗蒸🤭 面層鋪滿海膽、蟹肉以及三文魚子，加上滑溜蒸蛋，每一啖都夠哂鮮！
*
< 豐洲市場直便お造り3点 >
•牡丹蝦 + 白身魚配蔥苗 + 帆立貝

主打豐洲市場直送魚料🎏 質素有保證～ 牡丹蝦夠爽甜、鯛魚卷住蔥苗一齊食幾清新～
*
< お握り7貫 >
•魷魚
•北寄貝
•池魚
•赤身
•中拖羅
•大拖羅
•星鰻

一共7款手握壽司，款式分佈平均，食匀貝類、白身魚以及赤身🥰 當日係來自長崎縣嘅吞拿魚，一口氣食哂赤身、中拖羅 & 大拖羅，咁先夠爽😎 
*
< 三文魚籽迷你杯丼 >
*
< 本鮪吞拿魚蓉新香卷 >
*
< 玉子焼き >
•玉子燒
*
< 御碗 >
•麵豉湯
*
< 甜品 >
•Moshimochi 大福 (+$48/件)
一如既往會有日本時令水果！但私心推薦可以一試與立糯 @Moshimochihk 聯乘出品嘅大福，分別有腐皮芝士 & 忌廉曲奇口味✨ 脆皮朱古力外層+軟糯麻糬皮也太正了吧～ (偷偷話你知喺度食仲平過係Moshimochi買🤫)
-
鮨樂 全線分店有售
(設有中環、灣仔、荃灣、尖沙咀、荔枝角、觀塘 & 馬鞍山分店)"
,龍點心,銅鑼灣,中菜,100-200,打卡必到,龍記六寶、龍餃子、脆脆富貴紅米腸粉、極品鮑汁鮑魚撈麵,https://www.instagram.com/p/DGDHZ3gp6_g/,DGDHZ3gp6_g,,"🥢突發! 全港首間 點心 x 禮品店 🫖
-
地區分類：#fca_銅鑼灣
-
完全冇諗去食點心直接可以買埋香港禮品返屋企!!! 簡直係遊客聖地🤭✨ 講緊係依間最多燒賣口味點心店嘅銅鑼灣新店，全新打造成全港首間 點心店 x 禮品店‼️ 

門口位置「龍記有禮」集齊一系列經典型香港老字號手信，例如大澳益昌號、八珍、甄沾記等～ 竟然仲可以揾到龍點心 x 經典香港品牌聯乘產品，包括聯乘香港60年老品牌華茶館推出嘅茶葉，店內飲到嘅茶，出面手信Corner都買到🫖😎 連食到嘅點心都可以帶返屋企，也太方便了～ ( 龍點心 堂食完，係「龍記有禮」買走即可享9折優惠🥰)
-
龍記六寶 ($70)
話明係最多燒賣嘅點心店，依盤可以一次過試匀6款味，包括：星加坡黑胡椒蟹燒賣、香辣雞軟骨燒賣、黑松露珍香燒賣、冬蔭功泰辣燒賣、十年陳皮牛肉燒賣 & 蜆蚧魚肉燒賣✨ 另外忍唔住試埋鹹蛋黃墨魚燒賣 ($44) 個人最愛冬蔭功 以及黑松露🤭 前者酸酸辣辣幾過癮～ 
*
龍餃子 ($50)
一眼見到超搶眼嘅餃子拼盤🤩 集齊荀尖蝦餃皇、酸菜魚鳳眼餃、松露野菌晶瑩餃 & 蟹粉菠菜香蝦餃！最特別一定係酸菜魚鳳眼餃，裏面真係有酸菜!!! 另外紫色嘅松露野菌晶瑩餃，裏面超足料的，而且充滿松露香❤️
*
脆脆富貴紅米腸粉 ($52)
口水汁龍利魚腸粉 ($48)

兩款即拉腸粉，鐘意脆口嘅推薦富貴紅米腸粉，紅色腸粉皮配上爽脆蝦肉，再點上酸辣醬/麻醬/豉油，夠哂惹味🤭 另一款腸粉嘅口水汁辣度剛好，腸粉皮口感滑溜🌶️ 
*
大澳蝦醬鮮魷卷 ($58)
特意用上香港大澳特產- 大澳益昌蝦醬🦐 外層炸得夠酥脆，而且蝦醬鹹香味突出～
*
極品鮑汁鮑魚撈麵 ($138)
蘊含250年歷史嘅鮑魚撈麵?!😱 首先用左始創於1946年嘅元朗「好到底」蝦籽麵；面層嘅吉品鮑魚選用近百年歷史嘅「榮珍海味」😍 連上湯都選用左始創於1938年嘅大澳益昌大地魚粉調配而成!!! 真係每一啖都係香港嘅味道～
-
龍點心 (寶漢大廈) (銅鑼灣)
銅鑼灣波斯富街24-30號寶漢大廈2樓"
,Landau's,灣仔,西式,400-800,拍拖約會,Landau's酸菜香腸燉肉、栗子湯、開心果焦糖布丁、Romeo & Juliet 雞尾酒,https://www.instagram.com/p/DF9-pOQpBkz/,DF9-pOQpBkz,,"🍴全新約會點! 新派歐陸菜餐廳🥂
-
地區分類：#fca_灣仔 
-
張敬軒開設嘅仙后餐廳關閉後真係有啲可惜🥹 但原來係上年十一月中已經轉為另一間歐陸餐廳，仲係原來由著名食府Jimmy’s
Kitchen嘅Landau家族創立✨餐廳分作兩區，一邊係比較輕鬆嘅Bar & Grill，提供Cocktails 以及西式小食；而另一邊則係今次到訪嘅歐陸菜Fine Dining Area! 裏面保留了仙后餐廳標誌性嘅彩繪玻璃圓頂，大家又可以再嚟打卡喇❤️
-
< 𝗦𝗧𝗔𝗥𝗧𝗘𝗥𝗦 >
•Chestnut Soup ($128)
店員大推嘅栗子湯🌰 味道香濃自然，加上鵝肝作點綴，飲落暖笠笠好舒服！

•Hamachi & Fruit ($168)
油甘魚配以蜜瓜、葡萄，小茴香以及蘋果醋，帶出魚嘅鮮味之餘，亦能喚醒味蕾✨

•Seared Scallops ($238)
香煎帶子配烤玉米及焦糖奶油🧈 成個組合正常發揮！可惜當日帶子有點Overcooked了～
*
< 𝗠𝗔𝗜𝗡𝗦 >
•Prosciutto Wrapped Monkfish ($348)
風乾火腿鮟鱇魚卷🐟 感覺鹹香嘅風乾火腿與結實帶鮮嘅鮟鱇魚幾match！配上砵酒醬汁以及黑松露泡沫，味道更豐富了～

•Landau‘s Choucroute Garnie ($388)
招牌之一：Landau’s酸菜香腸燉肉！有點像變奏版的德國鹹豬手～ 醃製十小時嘅鴨腿+
豬腩肉+ 白腸，鹹香十足😍 搭配酸菜，酸爽解膩！整體會偏重味，感覺配啤酒一流🍻
*
< 𝗗𝗘𝗦𝗦𝗘𝗥𝗧𝗦 >
•Pistachio Crème Brûlée ($128)
•Winter Nut & Fruit Tart ($128)

開心果焦糖布丁🍮💚 入口好軟滑而且開心果味超濃郁的！開心果控表示認可!!! 第一次試款果仁水果撻，裏面係合桃、栗子、榛子等果仁，加上軟滑嘅香緹鮮奶油，就是冬日的味道～
*
< 𝗦𝗜𝗚𝗡𝗔𝗧𝗨𝗥𝗘 𝗖𝗢𝗖𝗞𝗧𝗔𝗜𝗟𝗦 >
•Romeo ($120)
•Juliet ($120)
情侶們嚟依到一定要朝聖依款以愛情鳥造型Cocktails💕 以羅密歐與朱麗葉命名，夠哂浪漫～ 用上檸檬琴酒做Base，分別加入草莓/奇異果🥝 味道酸甜清新！

•Utopian Bramble ($98)
另一款𝒰𝓉𝑜𝓅𝒾𝒶𝓃 𝐵𝓇𝒶𝓂𝒷𝓁𝑒 混合Gin、檸檬、蜂蜜、蘋果 & 羅勒，再配上面層黑莓泡沫🫧🫐 係一杯幾有層次而且容易入口嘅雞尾酒！以餐廳嘅定位依個價錢算係幾抵玩！
-
Landau‘s (灣仔)
灣仔皇后大道東213號胡忠大廈2樓"
,Cruise Restaurant & Bar,北角,東南亞菜,398,打卡必到,馬沙文咖哩燴和牛面頰肉配印度烤餅、香脆炸蠔餅、沙嗲雞肉串、泰式炒金邊粉,https://www.instagram.com/p/DGAjj3gpN5b/,DGAjj3gpN5b,,"🥂玩大左?! 2.5小時任食+暢飲Brunch🌊
-
地區分類：#fca_北角
-
位於Hyatt Centric 頂樓空中餐廳Cruise，一致認為係香港咁多間酒店性價比最高嘅Brunch❤️ 之前玩90分鐘任食前菜，今次更加癲，係150分鐘任食前菜+主菜+甜品，即係成個Menu都可以任食😱‼️ (講緊主菜單價一碟都要$200-$300) 加上270度海景以及户外勁chill嘅露台，$3xx/位真心抵到喊✨
-
✨ 𝐀𝐥𝐥-𝐔-𝐂𝐚𝐧-𝐄𝐚𝐭 𝐁𝐫𝐮𝐧𝐜𝐡 ($398/pp)*
*逢星期六、日及公眾假期 (12-2:30 PM)
* 120分鐘暢飲汽泡酒、紅白啤酒 (+$198/pp)
-
< 𝗔𝗣𝗣𝗘𝗧𝗜𝗭𝗘𝗥𝗦 >
•毛豆泥·咖喱多士
•柚子沙律
•復古番茄沙拉
•香脆炸蠔餅
•黑毛豬腩肉生菜包
•沙嗲雞肉串
•舞茸蘑菇墨西哥玉米餅

任食7款前菜，但建議大家可以主攻後面4款😎 炸蠔餅配是拉差辣醬 & 冬蔭功蒜泥蛋黃醬，風味十足！佢哋嘅即燒沙嗲雞肉串一向不錯，沙嗲醬幾香花生味🥜 
*
< 𝗠𝗔𝗜𝗡𝗦 >
•馬沙文咖哩燴和牛面頰肉
•燒黃油雞
•青芒羅望子醬炒鱸魚
•泰式炒金邊粉
•黄咖喱豆腐
•印尼酸甜豬肋骨

一共5款主菜都係無限追加😍🥢 可惜當日戰爭力低，幫大家淨係試到3款🤣 咖哩燴和牛面頰肉嘅牛肉做到超軟腍入味，惹味嘅咖哩汁配返Roti 印度烤餅，簡直係絕配！另外泰式炒金邊粉，粉條煙韌，味道酸甜開胃！之前都試過佢哋嘅酸甜豬肋骨，輕鬆脫骨，醬汁亦調教得唔錯！

另外亦可加錢Upgrade 烤澳洲M6和牛西冷/ 参巴大蝦炒臭豆。
*
< 𝗦𝗜𝗗𝗘𝗦 >
•泡菜炒飯
•香蒜辣椒炒通菜
•印度烤餅
•白飯
*
< 𝗗𝗘𝗦𝗦𝗘𝗥𝗧𝗦 >
•雪糕
•芒果糯米飯

甜品係出面自助區🍨 當日一共6款口味：綠茶、黑芝麻、雲呢拿、咖啡、朱古力 & 芒果🥭 配返個芒果糯米飯就剛剛好🤭
-
Cruise Restaurant & Bar (北角)
北角北角邨里1號香港維港凱悅尚萃酒店西座23樓"
,Paper Moon,尖沙咀,西式,925-1088,拍拖約會,龍蝦茴香意大利飯伴龍蝦汁、招牌意大利芝士餅,https://www.instagram.com/p/DG8Fe_LJiyK/,DG8Fe_LJiyK,,"🌊浪漫海景! 4道菜龍蝦主題晚宴🦞
-
地區分類：#fca_尖沙咀
-
意大利米蘭過江龍，相信係唔少港人約會慶祝嘅TOP PICK餐廳✨ 除左坐擁270度迷人維港美景，可以坐係戶外露台邊享用正宗意大利菜！邊近距離欣賞靚景外，最近餐廳仲新推4道菜龍蝦主題晚宴，全龍蝦菜式，依家第二份套餐仲有半價🤭 
-
🦞 𝐋𝐨𝐛𝐬𝐭𝐞𝐫 𝐅𝐞𝐬𝐭𝐚 龍蝦滋味盛典 ($1088/位)*
*50% OFF 第二份套餐半價 (折後連加一，每位$925/位)
*1.5小時暢飲意大利氣酒、紅或白酒 (+$128/位)
-
< 𝗔𝗣𝗣𝗘𝗧𝗜𝗭𝗘𝗥 >
•龍蝦伴魚子醬·芒果莎莎·沙律菜
清新嘅龍蝦沙律，每件龍蝦上面仲放上魚子醬，配上酸爽嘅芒果莎莎醬，清爽開胃🌿
*
< 𝗦𝗢𝗨𝗣 >
•酥皮龍蝦濃湯
個人超愛飲酥皮湯的～ 今次依個比較失色，龍蝦湯可以再濃厚啲，酥皮夠酥脆，可惜唔係話好香🥄
*
< 𝗠𝗔𝗜𝗡 𝗖𝗢𝗨𝗥𝗦𝗘 >
•龍蝦茴香意大利飯伴龍蝦汁
•澳洲 M7 和牛西冷伴紅酒汁 (+$300)

龍蝦Risotto✨ 飯粒食到煙煙韌韌嘅感覺，而且吸引了龍蝦汁嘅精華～ 另外可以選擇升級M7 和牛西冷，唔洗擔心，一樣有龍蝦，仲有香煎帶子、雞油菌以及三文魚子，咁先夠滿足！
*
< 𝗗𝗘𝗦𝗦𝗘𝗥𝗧 >
•招牌意大利芝士餅
佢哋嘅Tiramisu一向唔錯，口感軟滑帶陣陣咖啡香味，不含酒精小朋友都啱食❤️
-
Paper Moon (尖沙咀)
尖沙咀廣東道3-27號海港城海運大廈3樓OTE301號舖"
,螢火,尖沙咀,日本料理,488-840,拍拖約會,北海道根室海膽壽司、西班牙紅蝦海膽釜飯、花雕酒醉牡丹蝦,https://www.instagram.com/p/DF2kI6nPCmp/,DF2kI6nPCmp,,"🥢買一送一?! 激安の情人節Omakase💘
-
地區分類：#fca_尖沙咀
-
情人節食Omakase竟然仲有優惠?!😱 午市低至$488，晚市仲有買一送一，折後都係$840/位，一千有找!!! 晚市食齊16品，食匀大家最愛嘅和牛、生蠔、拖羅、海膽等食材❤️ 海膽壽司仲要係三層高夠哂誇張!!! 另外幾鐘意依到Omakase 刺身與壽司嘅比例，一半一半，唔會食壽司飯食到好飽🤣 壽司吧位只有10個，建議大家一定要訂位～ 
另一邊嘅鐵板燒情人節晚餐有85折喔！
-
🌹 情人節廚師發板晚餐 (折後$840/位)*
* 清酒祭優惠2.14情人節當日不適用
-
< 酒肴 >
•黑梅貝·螢光魷魚·靜岡蕃茄
*
< 刺身5品 >
•平政魚  配北海道馬糞海膽
•花雕酒醉牡丹蝦
•醬油漬赤身 配蛋黃醬
•煙燻答志島春魚
•”独眼竜“ 真蠔

第一次係Omakase食到用花雕酒醉嘅牡丹蝦，食到蝦肉嘅爽甜之餘，仲帶陣陣酒香🦐✨ 吞拿魚赤身沾上蛋黃醬，口感超滑嫩的！個人最愛用迷迭香煙燻過嘅春魚，內外都充滿香草味，係少左啲解膩嘅元素🫢
*
< 季節料理2品 >
•慢煮和牛臉脥肉
•燒比目魚
*
< 壽司5貫 >
•花竹蝦
•北寄貝
•獅魚·烏魚子
•大拖羅
•北海道根室海膽

好耐冇食過咁爽甜嘅花竹蝦🤭 放係前面唔係冇道理！當然唔少得入口即化嘅大拖羅 以及份量夠哂慷慨，足三層嘅北海道海膽壽司‼️🥹 真係高到一手震隨時會跌! 
*
< 卷物 >
•鯖魚昆布卷
*
< 追加環節 >
•西班牙紅蝦海膽釜飯 (+$150/位)

建議大家一定要點!!! 係席前即煮，面層鋪滿紅蝦、海膽 & 三文魚子🤩 連米飯都加左大量蝦膏一齊煮～ 每一啖簡直係鮮味MAX!
*
< 湯物 >
•魚湯烏冬
*
< 甜品>
•開心果雪糕
-
螢火 (尖沙咀)
尖沙咀加連威老道96號希爾頓大廈LG樓1號舖"
,La Favorita,鰂魚涌,西式,498,打卡必到,芝士巨輪黑松露意粉、意大利雜錦燉肉拼盤,https://www.instagram.com/p/DF7ZDU-vkHr/,DF7ZDU-vkHr,,"🇮🇹20世紀風! 芝士巨輪意粉x意式燉肉🍴
-
地區分類：#fca_鰂魚涌 
-
依個咁邪惡嘅芝士巨輪意粉，令自己不知不覺已經三訪🥹❤️ 今次襯住餐廳新推意大利燉肉主題Menu，一次過試埋念念不忘嘅芝士黑松露意粉～ 當中兩道菜都係席前製作，儀式感十足！雜錦燉肉拼盤更加可以試匀五款肉，啱哂一眾食肉獸們✨
-
🍖 𝐁𝐨𝐥𝐥𝐢𝐭𝐨 𝐃𝐢𝐧𝐧𝐞𝐫 ($498/pp)*
*逢星期六供應
-
< 𝗦𝗧𝗔𝗥𝗧𝗘𝗥 >
•Vitello Tonnato
經典意式前菜- 吞拿魚醬小牛肉🍴

•Sweet and Sour Giardiniera
義大利醃漬蔬菜，酸爽開胃🌿

•Insalata Russa
加入左紅蘿蔔、薯仔、青豆、雞蛋等食材嘅俄羅斯沙律🥗 個人就是不愛吃青豆的小朋友罷了～
*
< 𝗣𝗥𝗜𝗠𝗜 >
•Plin in Brodo
烤牛肉意大利雲吞，配上暖笠笠嘅牛肉芝士清湯🥄 

•Cheese Wheel Al Tratufo (+$68)
店內招牌- 芝士巨輪黑松露意粉🥰❤️ 已經預先拌好松露汁嘅意粉放上芝士巨輪上攪拌，充份沾滿邪惡嘅芝士🧀️ 係面層再刨上芝士以及鮮黑松露！每個朋友食完都話正，再訪都係衝住佢而嚟！
*
< 𝗕𝗢𝗟𝗟𝗜𝗧𝗢 𝗣𝗟𝗔𝗧𝗧𝗘𝗥 >
•Beef Brisket 
•Beef Tongue
•Beef Striploin 
•Yellow Chicken
•Cotechino
•Beef Tri-Tip

全晚主角- 意大利雜錦燉肉拼盤🍴一次過食匀牛腩位置、牛舌、牛腰肉、黃油雞、意大利香腸 以及牛三角肉✨ 如果食dinner的話仲會有人席前分切以及講解，儀式感十足🥰 一旁仲會有6款醬汁以及調味，配搭返啱自己嘅口味！
*
< 𝗦𝗜𝗗𝗘𝗦 >
•Baby Leaves
•Potatos
•Carrots
•Fennel
*
< 𝗧𝗢 𝗘𝗡𝗗 >
•Toma | Gorgonzola | Tre Latti 
•Bonnet | Creme Caramel | Peach Crumble

一共3款芝士以及3款甜品作結尾🤭 雖然冇得食佢哋嘅Tiramisu，但佢哋嘅甜品拼盤都夠晒震撼！包括朱古力 & 焦糖燉蛋布甸 以及蜜桃金寶💕
-
La Favorita (鰂魚涌)
鰂魚涌英皇道979號太古坊濠豐大廈2樓The Sixteenth"
,嵐橋日本料理,尖沙咀,日本料理,400-500,大班聚會,和牛牛腸鍋、日本岩蠔、北海道牡丹蝦二重海膽丼、鮑魚雞翼,https://www.instagram.com/p/DF0A91Kvlbu/,DF0A91Kvlbu,,"🥢不能錯過?! 旺區裏的性價比居酒屋🏮
-
地區分類：#fca_尖沙咀
-
🔔 影片聲音導航中

依間日本居酒屋都係要多啲人知!!! 尖沙咀區食足8品料理套餐都只係人均$4xx 😱❤️ 仲要係一次過食匀多款刺身 (包括大大隻日本岩蠔 & 拖羅)、手握壽司、和牛牛腸鍋等！真係多到放滿成張枱～ 當然仲有一系列燒物、串燒、丼飯選擇🤭 店內上層仲有唔少獨立房，一班朋友去啱哂！
-
🏮 嵐橋晚市套餐 ($498/位)
-
< 前菜 >
•酢漬小蕃茄·麥粒味噌青瓜、拖羅蓉三文魚籽杯
*
< 沙律 >
•溫泉蛋煙肉野菜沙律
*
< 刺身 >
•日本時令生蠔·中拖羅·左口魚薄切·油甘魚·帆立貝·三文魚

佢哋嘅刺身一啲都唔嘢少，比足晒份量，而且質素唔錯‼️ 每人一隻超厚肉嘅日本岩蠔，蠔肉爽嫩，當日另外單點仲有買二送一優惠 ($98/隻，折後平均六十幾一隻) 所以忍唔住叫多兩隻🤣 
*
< 壽司 >
•赤身醬油漬·甘蝦·芝士虎蝦卷

幾鐘意依到用嘅係赤醋米🍣 個人更愛芝士虎蝦卷，外層沾滿蟹籽，裏面包住酥脆嘅虎蝦以及軟芝士～
*
< 食事 >
•魚湯野菜稻庭烏冬 / 鰻魚炒飯
*
< 燒物 >
•時令燒魚
•和牛牛腸鍋

一品料理有4款選擇，包括什錦天婦羅、美國牛肉簿燒、香煎燒汁牛舌 以及私心大推- 和牛牛腸鍋 😍 唔係好多地方食到，天氣凍食依個鍋立刻暖哂！湯底係辣味噌，牛腸 & 蔬菜吸收哂辣味噌，非常適合下酒！
*
< 甜品 >
•精選甜品＋ 包飲品（無酒精）
雖然套餐已經會送飲品，但係想飲返兩杯嘅朋友，呢度嘅Suntory生啤買一送一🍻 飲多幾杯都冇問題～
-
•北海道牡丹蝦二重海膽丼 ($308)
佢哋仲有一系列丼飯，最吸引一定係依款激量海膽丼🥰 分別用上北海道海膽 + 加拿大海膽，簡直係雙重享受！另外仲有蔥花拖羅蓉、牡丹蝦以及三文魚子，每一啖都係滿滿嘅配料！
*
•薩摩赤雞心串 ($32)
•鮑魚雞翼 ($78)
•自家製免治雞肉棒-附溫泉蛋 ($52)
•白活鰻 ($88)
•鹿兒島黑豚秋葵卷 ($42)
•厚牛舌 ($58)
•牛小排青蔥卷 ($58)
•安格斯牛柳粒 ($68)

因為今次多人去食，所以可以試埋佢哋嘅串燒！最特別一定係依款鮑魚雞翼，裏面釀左彈牙嘅鮑魚，成個組合嘅得意🤓 厚牛舌口感超爽彈! 另外佢哋嘅雞串燒都係用上日本薩摩雞🐓 所以有返咁上下質素！
-
嵐橋日本料理 (尖沙咀)
尖沙咀白蘭軒道2號富峰行M樓及1樓"
,品味 Bánh Mì Nếm,中環,越南菜,60-82,打卡必到,品味特別,https://www.instagram.com/p/DGK2POtJSZH/,DGK2POtJSZH,,"🇻🇳20秒快睇! 米芝蓮推介越南法包新店🥖
-
地區分類：#fca_中環 
-
係短短4個月已經可以火速拎到米芝蓮推介嘅依間越南法包店，相信已經唔少人潮聖過✨ 今個月佢哋終於開到去中環喇 (2月18日開業)，一眾打工仔少不了又要排下隊🤣 新店有少許堂食企位，主要都係Grab & Go~ 特別嘅係中環店新添Vegan法包口味 + 全港首創迷你法包，胃口細啲嘅女士就啱哂！
-
迷你 Banh Mi set ($60)
唔好睇佢細細個，其實裏面放滿椰子水慢煮五花腩、嫩滑雞肉、香滑芝士及自家醃製酸菜等配料🤭 套餐仲會配指定飲品喔～ (下午茶時段供應)
*
品味炒雜菌 ($82)
想食Light啲/Vegan人士，可以試下依款上用三款時令雜菌+自家製豆腐磨菇醬嘅法包🥰 雜菌份量超足的，攞上手都幾重下！
*
品味特別 ($82)
招牌必食！加入雜錦越式扎肉、越式叉燒、豬肉鬆、肝醬等配料，味道豐富之餘，又真係幾貼近越南嘅味道💕 最重係要係個法包口感做到外脆內鬆軟，即場焗爐加熱，食落脆卜卜！
-
品味 Bánh Mì Nếm
香港中環昭隆街 3 號地下"
,Aire,銅鑼灣,西式,,拍拖約會,西班牙八爪魚配煙燻薯仔、黑松露芝士伊比利亞火腿三文治、招牌芝士蛋糕配雜莓雪葩、Rosé Sangria,https://www.instagram.com/p/DGNau3jJIVI/,DGNau3jJIVI,,"🇪🇸今期必試! 新開抵食西班牙菜🍷
-
地區分類：#fca_銅鑼灣
-
經過利園一期嘅朋友仔就知道，相比起其他商場真係比較靜，但原來上層最近進駐左間新嘅西班牙餐廳，仲要平日夜晚都差不多Full house😱❤️ 餐廳同人氣西班牙菜Pica Pica 以及BÀRBAR同一集團，由西班牙廚主理，所以菜式上有唔少相似，價錢亦一樣行親民路線✨ 最重要依到有最齊全嘅Sangria，所以記住要飲返兩杯🍹
-
< 𝗧𝗔𝗣𝗔𝗦 >
•“Tomato Bread sourdough baguette ($35)
•Ibérico ham croquette ($23/pc)
•Oyster Daniele Sorlut ($74/pc)
•Octopus over smoked potato ($143)
•”Gambas Ajillo“ ($172)
•Ibérico ham, mozzarella and truffle ”bikini“ ($80)

一共6款Tapas，私心推介西班牙八爪魚配煙燻薯仔，八爪魚入口軟嫩❤️ 經典西班牙蒜片蝦，蝦肉新鮮結實，個人覺得蒜味可以再出啲！另外一款黑松露芝士·伊比利亞火腿三文治，外層麵包烤得超香脆，加上火腿+芝士嘅鹹香，幾過口癮🤭 佢哋嘅生蠔特別用上紙袋進行蘋果木煙燻，加上伊比利亞火腿油脂作點綴，味道更豐富了🦪
*
< 𝗙𝗥𝗢𝗠 𝗢𝗨𝗥 𝗕𝗔𝗦𝗤𝗨𝗘 𝗣𝗔𝗥𝗥𝗜𝗟𝗟𝗔 >
•Milk fed lamb shoulder ($680)
燒西班牙乳飼羊肩肉🐑 份量意外地驚人，適合2-3人share! 肉質軟腍容易骨肉分離，羊臊味唔算重，下層嘅烤薯仔帶點焦香感！
*
< 𝗥𝗜𝗖𝗘 & 𝗙𝗜𝗗𝗘𝗢𝗦 >
•Ibérico pork paella with snow peas ($235)
伊比利豬西班牙飯🐖 飯粒煙韌而且吸收醬汁嘅精華，但未至於驚喜～
*
< 𝗗𝗘𝗦𝗦𝗘𝗥𝗧 >
•Our cheesecake with mixed berries sorbet ($78)
不能錯過的招牌芝士蛋糕 (BÀRBAR其中一款名物) 口感軟滑，帶陣陣芝士鹹香，搭配酸爽嘅雜莓雪葩，Perfect 🧀
*
< 𝗦𝗔𝗡𝗚𝗥𝗜𝗔 >
•Red Sangria ($83)
•Rose Sangria ($83)

依到有最齊全嘅Sangria😍 由白酒、紅酒、Rose以至無酒精版本都有!!! 最重要係有返咁上下酒精含量，絕對唔係Hea你～ 大推出面比較少有嘅Rosé Sangria，加入少許柚子&蘋果元素，好refreshing💕
-
Aire (銅鑼灣)
銅鑼灣希慎道33號利園一期3樓301B-302號舖"
,韓魂,堅尼地城,韓式燒肉,398-438,大班聚會,美國黑毛安格斯牛肩扒、韓國直送五花肉、醬油蝦蟹拼盤、生醃魷魚,https://www.instagram.com/p/DGIkVc_vEZN/,DGIkVc_vEZN,,"🇰🇷送醬油蟹! 無限時任食高質韓國燒肉🐖
-
地區分類：#fca_堅尼地城 
-
人均三百幾竟然都食到高質韓燒放題?! 仲要係韓國人主理，由靚仔Oppa親自幫你燒🤭✨ 一入座已經送醬油蝦+醬油蝦蟹拼盤，任食嘅肉類都唔簡單，牛肉經過濕式熟成處理，而豬肉則係韓國直送😱🇰🇷 另外仲有60+韓國料理選擇～ 唔怪之得就算個場咁大，平日都照爆滿！
-
🔥 韓國燒肉放題*
*平日：$398/位、週末：$438/位
-
< 任食烤肉>
•美國特級牛五花
•美國黑毛安格斯牛肩扒
•韓國直送五花肉
•韓國直送豬肩肉

肉類大概有十幾款選擇，但建議大家主攻以上4款😎 美國特級牛五花 & 美國黑毛安格斯牛肩扒都經過濕式熟成，肉味香濃！豬肉方面五花肉 & 豬肩肉都係韓國新鮮直送，拍得住單點模式嘅韓燒店‼️ 食肉獸單係依part已經輕鬆回本～
*
< 任食60+韓國料理 >
•泡菜湯
•芝士泡菜煎餅
•炸醬公仔麵
•韓式炸雞
•韓國直送生醃魷魚

基本上叫得出名嘅韓國菜都有，真係好癲🤣 單單係韓國熱湯都有6款，試左泡菜湯 + 海帶湯係幾貼近韓國嘅味道！唔怕飽到嘅朋友仔亦都可以食埋辛辣麵/狸貓公仔麵/炸醬公仔麵/水冷麵等🥢 韓式炸雞更有原味/甜辣/芝士口味選擇！韓式伴菜竟然有韓國直送生醃魷魚🦑😍 平時出邊買都唔平，細細樽都要50幾蚊，但送飯真係好正！
*
< 任食韓國甜品+飲品 >
連個雪糕櫃都唔會hea你🥰 大部份都係韓國牌子，連風靡一時嘅Melona蜜瓜雪條 (當日仲有椰子口味) 以及之前搶到冇晒貨嘅Lavelee生朱古力雪條都有❤️ 朱古力真係幾濃厚，但又唔會太膩！如果食完燒肉想解一解膩嘅朋友仔，建議可以試Lavelee芒果雪條，真係用上30%芒果鮮果肉✨
飲品方面就正常發揮，主要為韓國罐裝飲品！如果有啤酒會更加開心🤣
-
韓魂 (西環)
西環堅尼地城卑路乍街84號Imperial Kennedy 1樓11號舖"
,Testina,中環,西式,588,拍拖約會,Trippa Fritta (招牌炸牛肚)、豬頭肉配莎莎青醬、Chicken Offal Pasta,https://www.instagram.com/p/DGSlOfSzsM1/,DGSlOfSzsM1,,"🇮🇹能讓你「由頭吃到尾」的意大利餐🍷
-
地區分類：#fca_中環 
-
依間作為個人私藏級意大利餐廳，數數下已經去過5次以上🤭 好鐘意有種七十年代米蘭小餐廳嘅Vibe，休閑嘅感覺，唔會食得好侷促～ 開放式廚房，長時間見到米蘭主廚 @chefxodo 坐鎮✨ 餐廳主打北意菜，以nose-to-tail為理念，善用每一個部位，連內臟都食到🤭 所以餐廳亦命名Testina (意大利文「豬頭」嘅意思) 今次撞正快閃優惠Menu，一次過試匀5款招牌菜，啱晒第一次試嘅朋友仔！
-
✨ 𝐓𝐚𝐬𝐭𝐞 𝐨𝐟 𝐙𝐒 𝐌𝐞𝐧𝐮 ($588/pp)*
*逢星期一、三、四、日 午市 & 晚市供應 (16/2-16/3)
-
< 𝗔𝗡𝗧𝗜𝗣𝗔𝗦𝗧𝗜 >
•Trippa Fritta
個人最愛- 招牌炸牛肚🥰 用嘅係來自意大利嘅金錢肚～ 以簡單鹽、胡椒、迷迭香等調味，食落酥脆，內裏煙韌！

•Lingua Tonnata
乳牛舌 配吞拿魚蛋黃醬🐂 用低溫慢煮過，加上薄切關係，入口質感軟嫩到一個點！
*
< 𝗣𝗔𝗦𝗧𝗔 >
•Homemade Tagliatelle with Duck Ragù
鴨肉醬手工扁麵🍴 鴨肉經過兩次慢煮，肉味香濃；手工pasta富應有嘅彈牙口感，最後以巴馬臣芝士點綴！但個人最鍾意都係Chicken Offal Pasta (大家有機會一定要試下!!!)🤭
*
< 𝗦𝗘𝗖𝗢𝗡𝗗𝗜 >
•”Testina” Pig’s Head & Salsa Verde
豬頭肉配莎莎青醬🐖 加入香料慢煮6小時嘅意大利豬頭肉，面層煎至焦脆，而且肥瘦相間，油脂比較會多啲，所以油香十足，好邪惡！
*
< 𝗗𝗢𝗟𝗖𝗜 >
•Homemade Sorbet
當日為自家製黑桑椹雪葩，味道清爽，帶天然嘅酸甜味，解膩一流☺️
-
Testina (中環)
中環擺花街8號3樓"
,Café BAU,灣仔,西式,988-1288,拍拖約會,招牌烤本地平原雞配二澳米飯、基圍蝦他他千層酥,https://www.instagram.com/p/DFpX6jlPkql/,DFpX6jlPkql,,"🇭🇰30秒帶你食全港最強雞飯之一🐓
-
地區分類：#fca_灣仔 
-
🔔 影片聲音導航中

食到全港最強雞飯之餘，仲可以支持本地食材?! 講緊係依間由米芝蓮3星主廚「廚魔」Alvin Leung主理，以可持續「農場到餐桌」為理念嘅餐廳 ✨ 大部分食材都係來自香港本地! 今次Menu就有平原雞、二澳白米飯、八珍甜醋、本地馬友魚等🥰❤️ 正正響應「海洋公園」推出嘅「#食本地鮮」計畫，鼓勵大家更多留意以及支持本地食材，低碳飲食保護環境嘅同時，其實同樣可以化身精緻菜式🤭
-
🥂 𝐂𝐡𝐞𝐟’𝐬 𝐓𝐚𝐬𝐭𝐢𝐧𝐠 𝐦𝐞𝐧𝐮 ($988/6 Courses, $1288/8 Courses)
🔹8道菜Menu菜式
-
𝗔𝗺𝘂𝘀𝗲 𝗕𝗼𝘂𝗰𝗵𝗲
除左有酸種麵包配欖菜牛油慕絲，餐前開胃小點有櫻花蝦春卷，面層放上大地魚湯啫喱✨
－－－－－－－－－－－－
𝗕𝗹𝘂𝗲 𝗖𝗿𝗮𝗯 𝗝𝗲𝗹𝗹𝘆
用上本地藍蟹，配上梅酒泡沫、自家製Burrata Cheese 以及番茄啫喱，整個組合好清新，亦能襯托蟹肉嘅鮮味🦀
*
𝗝𝗶𝗻𝗴𝗮 𝗦𝗵𝗿𝗶𝗺𝗽 𝗠𝗶𝗹𝗹𝗲 𝗙𝗲𝘂𝗶𝗹𝗹𝗲
基圍蝦他他千層酥🦐 竟然香港嘅基圍蝦 都可以做到咁Fine嘅他他!!! 蝦肉鮮嫩爽彈，搭配加入左花生、蝦油以及練奶製作嘅Gado Gado醬，有點東南西風味🤣
*
🔹 𝗛𝗼𝗺𝗲𝗺𝗮𝗱𝗲 𝗥𝗮𝘃𝗶𝗼𝗹𝗶 𝘄𝗶𝘁𝗵 𝗦𝗶𝗰𝗵𝘂𝗮𝗻 𝗦𝗽𝗶𝗰𝘆
自家製意大利雲吞 配四川辣醬！味道有點像口水雞，香辣惹味🌶️ 最特別作Ravioli一半係豆腐+豆苗餡，另一半係雞肉餡！一次過試匀二款口味夠哂滿足！
*
𝗣𝗮𝘁 𝗖𝗵𝘂𝗻 𝗣𝗼𝗿𝗸 𝗞𝗻𝘂𝗰𝗸𝗹𝗲 “𝗭𝗮𝗺𝗽𝗼𝗻𝗲’
西式版哪八珍甜醋豬腳薑?!😱❤️ 豬腳好入味，帶骨膠原嘅感覺～ 下層竟然放左初生蛋黃以及子薑粒。熟悉嘅味道，卻不一樣嘅演繹～
*
𝗖𝗮𝘁𝗰𝗵 𝗼𝗳 𝘁𝗵𝗲 𝗱𝗮𝘆
當日為本地馬友魚🐟 外皮煎至焦脆，魚肉結實，搭配黑蒜醬以及couscous，充分突顯馬友嘅油香！
*
𝗦𝗼𝗿𝗯𝗲𝘁
非常清爽嘅紅棗雪葩，配雪耳以及酸梅粉～
－－－－－－－－－－－－
𝗛𝘂𝗻𝗴 𝗪𝗮𝗻 𝗙𝗮𝗿𝗺 𝗣𝗶𝗻𝗴 𝗬𝘂𝗲𝗻 𝗖𝗵𝗶𝗰𝗸𝗲𝗻 (+$450/2pp)
招牌烤本地平原雞🐓 選用粉嶺鴻運農場嘅平原雞～ 皮薄而且皮下脂肪相對較少，鷄香味更濃郁! 製作前用上椰汁醃製一晚，加上斑斕葉，所以皮脆肉香✨ 米飯更係用上大嶼山種值嘅「二澳米」，口感煙韌，完美吸收雞油香以及羊肚菌嘅香味✨ 真心比平時食到嘅雞油飯更正更有誠意！

另外燴牛臉頰肉/烤乳鴿/炭烤本地是日魚鮮則不用另外加錢升級～
－－－－－－－－－－－－
𝗣𝗿𝗲 𝗗𝗲𝘀𝘀𝗲𝗿𝘁
茴香雪葩，配茴香脆片 & 青蘋果🌿
*
𝗗𝗲𝘀𝘀𝗲𝗿𝘁
一向對依到嘅甜品好有期望🤭 加入了黑醋嘅焦糖慕絲，外層用上春卷皮Wrap住，下層仲有自家製黑豆曲奇餅，層次豐富，但又不會太heavy~
-
Café BAU (灣仔)
灣仔莊士敦道60號嘉薈軒1樓平台8號舖

想一齊食近啲啲🤏🏻出門認住「食本地鮮」貼紙就知道係會員商戶✨‼️記得Follow埋Mission R 留意最新消息及推介😆本地食材不時不食，如有興趣請向餐廳查詢🔍"
,MOROPAIN,尖沙咀,甜品,20-60,打卡必到,日式蜜瓜包、抹茶提拉米蘇蜜瓜包、法式蝴蝶甜酥,https://www.instagram.com/p/DFNCuglvhxI/,DFNCuglvhxI,,"🇯🇵30秒搶先睇! 福岡人氣麵包店🥖
-
地區分類：#fca_尖沙咀
-
🔔 影片聲音導航中

又多一間日本過江龍麵包店進駐香港，麵包控表示也太幸福了吧🥹❤️ 今次依間來自日本福岡，由匠人麵包師- 諸永先生創辦，主打招牌日式蜜瓜包! 香港作為首間海外分店，當然唔少得一系列限定款式，包括提拉米蘇蜜瓜包、朱古力口味蜜瓜包 以及法式蝴蝶甜酥✨ 每位客人限購6 個麵包，所以建議大家可以率先試咗香港限定款先～
-
日式蜜瓜包 ($26)
日式朱古力蜜瓜包 ($32)

日本店人氣 No.1 👑 日賣 500個嘅日式蜜瓜包!!! 因為加入乳酪嘅關係，麵包口感超鬆軟的，與鬆脆嘅外皮形成鮮明嘅對比～ 朱古力口味係香港獨家喔～
*
日式提拉米蘇蜜瓜包 ($48)
抹茶提拉米蘇蜜瓜包 ($52)

每日限定 20 個嘅拉米蘇蜜瓜包‼️ 裏面夾住嘅係軟滑嘅厚切忌廉芝士，但整體唔會太膩，個人比較推介抹茶口味，茶味香濃，抹茶控必試! 🍵 (此系列每人限購一個喔！)
*
葡萄園蜂蜜軟麵包 ($38)
隱藏得獎款式！牛油麵包加入葡萄乾、冧酒、檸檬皮等，面層再灑上杏仁片，最後再淋上蜜糖焦糖✨ 係口感好豐富嘅一款麵包！
*
法式蝴蝶甜酥 ($24)
另外一款香港獨家！真係成隻蝴蝶嘅蝴蝶酥你又見過未？🦋😍 食落夠酥化，大大塊好滿足～
*
日式香濃蛋撻 ($20)
宇治抹茶蛋撻 ($24) 
意大利開心果蛋撻 ($28)

一共有五款口味！連最近很紅的開心果口味蛋撻都有🤩 濃度剛好～
-
MOROPAIN
尖沙咀加連威老道 29 號信基商業中心地下 A 及 B 舖"
,Yakitori Yamato,灣仔,日本料理,1480,拍拖約會,雞腎韭菜千層、招牌雞白湯拉麵、雞肝芭菲杯,https://www.instagram.com/p/DE9-aC_vrqd/,DE9-aC_vrqd,,"🇯🇵地雞使用! 30秒睇Top 1炭火燒鳥店🐓
-
地區分類：#fca_灣仔 
-
好後悔咁遲先到訪依間被唔少人稱為”香港第一”嘅炭火燒鳥店🥹❤️ 當日仲咁啱撞正日本創辦人兼主廚川口伸親自下廚，每一道串燒都食到嘩嘩聲!!! 餐廳來自大阪，主打用
紀洲備長炭燒日本地雞「大和肉雞」✨ 最重要係吧枱位係可以望住日廚席前炭火烹調，成個體驗夠哂有Feel，完全就係日本食到嘅質素💯
-
🏮 三周年特別菜單 ($1480/pp)*
* 1st Round | 5:30 PM - 7:45 PM
* 2nd Round | 7:45 PM - 11:00 PM
(以上Menu已完結，另有Regular Omakase Menu)
-
< 前菜 >
•莫札瑞拉芝士 配高知縣番茄刨冰
•清雞湯
*
< シーフード焼物 >
•鹿兒島産車海老
•北海道網走產帆立貝 
•靜岡縣產金目鯛

日本正宗天婦羅質素的車海老🍤 帆立貝keep到柔軟嘅口感，配上三文魚子以及少量芥末，再用紫菜包住食，更突顯帆立貝嘅鮮味！金目鯛面層刨上烏魚子碎，建議沾上少許蘿白蓉一齊食～
*
< 焼き鳥 >
•雞肝芭菲杯
雞肝原來同香甜嘅栗子蓉係咁夾🤩 口感綿密，有一瞬間完全唔覺得似係食緊平時嘅雞肝～ 加上可可豆 & 蜂蜜嘅加持，好似食甜品咁！
/
•低溫慢煮雞頸皮
•燒雞胸 配橙肉 & 自家製焦糖青檸
•雞腎韭菜千層
•雞腿肉 & 雞皮

佢哋嘅燒鳥真係食到我哋Wow一聲🥹✨ 低湯處理過嘅雞頸皮，口感煙韌帶油香，配上生菜以及蘋果味道更Balance；好耐冇食過咁嫩嘅燒雞胸肉，配上薄脆嘅焦糖青檸，味道清爽！個人最愛- 雞腎韭菜千層💯 外層由雞皮Wrap住，加上雞腎+韭菜，口感非常爽脆過癮！
*
< 御菜 >
•松葉蟹羽二重奏
本以為蟹肉蒸蛋，原來唔簡單！濃厚嘅松葉蟹肉醬下層，係加入左魚肉 & 山芋嘅蒸蛋白，味道更鮮而且口感帶空氣感🦀❤️
*
< 天麩羅 >
•日本蜆肉天婦羅
蜆不可貌相🤭 除左裏面收埋左鮮嫩多汁嘅蜆肉，仲有加左爽脆嘅菇，成個口感就更豐富了～

•金鯛立鱗燒
外皮酥脆，魚肉彈嫩，搭配底下嘅蝦膏醬，鮮味Double Up!!! 🐟
*
< 主食 >
•招牌雞白湯拉麵
果然名不虛傳，係滿口都係雞嘅精華‼️ 味道鮮甜而不油膩，不知不覺會飲哂整碗湯，冬天飲特別暖笠笠🥢
*
< デザート >
•季節の果物
當日為靜岡蜜瓜 以及塔斯曼尼亞車厘子
-
Yakitori Yamato (灣仔)
灣仔活道28號萃峯地下3-8號舖"
,Bakehouse by Grégoire Michaud,沙田,西式,360,打卡必到,龍蝦芝士通心粉、楊枝甘露菠蘿包、沙田蜂蜜柑桔冬甩、酸種酥皮蘋果撻配冧酒意式雪糕,https://www.instagram.com/p/DE7BOFzvAzo/,DE7BOFzvAzo,,"🥐麵包店+餐廳! 30秒睇Bakehouse新店🍴
-
地區分類：#fca_沙田 
-
BAKEHOUSE 終於開到嚟沙田😭❤️ 仲要係旗下首間提供全日堂食嘅門市!!! 真係發夢都估唔到有朝一日可以喺Bakehouse裏面鋸扒兼飲酒～ 今次除左有2款沙田獨家全新Pastries，包括楊枝甘露菠蘿包 & 沙田蜂蜜柑桔冬甩，佢哋仲新加入𝐀𝐥𝐥 𝐈𝐧! 𝐌𝐞𝐧𝐮，一次過食匀8道菜，由前菜至甜品，每款都好高質✨ 以沙田而言性價比真係冇得輸!!!
-
🥂 𝐀𝐥𝐥 𝐈𝐧! 𝐌𝐞𝐧𝐮 ($360/pp)*
*8道菜廚師發辦· 兩位或以上全枱參與
*以下單價作參考
-
< 𝗕𝗿𝗲𝗮𝗱 >
•鄉村酸種麵包配蒜香海藻味噌牛油 ($48)
*
< 𝗦𝗺𝗮𝗹𝗹 𝗣𝗹𝗮𝘁𝗲𝘀 >
•蜜糖白桃布袋芝士 ($128)
•松露生牛肉他他 ($128)

Burrate搭配甜甜嘅白桃又幾Light 🍑 生牛肉他他每啖食落都有陣陣松露香，面層刨上松露、巴馬臣芝士 以及酥脆薯片，加上蛋汁一齊食，成個Combination好豐富！
*
< 𝗟𝗮𝗿𝗴𝗲 𝗣𝗹𝗮𝘁𝗲𝘀 >
•澳洲M4和牛西冷配炸洋蔥圈 ($368)
•龍蝦芝士通心粉 ($298)

完全冇諗過係Bakehouse裏面鋸扒🤣🍴 仲要係質素唔錯，肉質粉嫩，仲要配上牛骨髓以及炸洋蔥圈，份量夠哂滿足！但個人最愛，龍蝦Mac & Cheese，Cheesy得嚟唔會太膩，個醬汁creamy帶龍蝦汁味，面層仲鋪上炸蒜 & 龍蝦肉，整體不會太膩🥰🦞
*
< 𝗦𝗶𝗱𝗲𝘀 >
•鯷魚醬寶石生菜沙律 ($38)
*
< 𝗗𝗲𝘀𝘀𝗲𝗿𝘁𝘀 >
•酸種酥皮蘋果撻配冧酒意式雪糕 ($88)
•提拉米蘇軟雪糕 ($58)

終於有機會試到佢哋嘅甜品‼️ 酥脆嘅酸種蘋果撻，配上自家製冧酒Gelato就是邪惡！很愛入口有陣陣的肉桂香～ 之前係東涌店首推嘅Tiramisu雪糕，口感滑溜帶奶香，底層仲放左浸咗咖啡嘅蛋糕☕️
*
< 沙田限定𝐏𝐚𝐬𝐭𝐫𝐢𝐞𝐬 >
•楊枝甘露菠蘿包
菠蘿包出過幾款口味，依款最正🥹💛 裏面係楊枝甘露椰奶忌廉，酸酸甜甜，裏面仲食到芒果肉～

•沙田蜂蜜柑桔冬甩
特意用上沙田永和蜜蜂場嘅蜂蜜製作蜜餞柑桔 🍯，搭配軟滑嘅Mascarpone Cheese，兩者剛好balance返唔會太甜，亦有爆餡效果！面層嘅杏仁薄片亦加入了沙田蜜蜂，香脆帶天然嘅甜味🐝
*
< 𝗗𝗿𝗶𝗻𝗸𝘀 >
•香港氈湯力 ($90)
•荔枝薑威士忌梳打 ($90)
•Bakehouse 皮爾森啤酒 ($75)

Bakehouse除左有咖啡飲，終於!!!有酒飲喇!!!😭🫶🏻 佢哋嘅G&T 融用上無名Gin、閣樓草本湯力 & 香水檸檬，入口更清爽！Highball係佢哋嘅自家荔枝薑Soda再溝Whisky，SUPER refreshing🌿 沙田店先見到嘅Bakehouse 啤酒，香港釀製，非常清新柑橘調🍻 
-
Bakehouse by Grégoire Michaud (沙田)
沙田沙田正街18-19號新城市廣場一期2樓247號舖"
,Kura House Omakase,,日本料理,700,打卡必到,炙燒大拖羅配日式醬油泡沫、和牛炊飯、Ethereal Tides 生蠔刺身,https://www.instagram.com/p/DFfCzkcvTiL/,DFfCzkcvTiL,,"🍣性價比! 日本富人區內低調Omakase🥢
-
地區分類：#fca_曼谷
-
一月頭去完泰國旅行，最想推介比大家唔係泰菜，竟然係日本菜 (真係唔夠特別唔拎出嚟講)🤭🇹🇭 依間隱藏係日本富人Thonglor小區內，所以唔似大商場，特別休閒清淨～ 行遠少少會有文青商場行下添！晚市Omakase只係七百港幣左右，食匀中拖、海膽、和牛等❤️ 擺盤亦夠哂IGable，對比香港性價比認真不錯～

(更正：片內炊飯讀音為「催」飯)
-
𝐊𝐮𝐫𝐚 𝐇𝐨𝐮𝐬𝐞 𝐎𝐦𝐚𝐤𝐚𝐬𝐞 (THB 2,980/位)*
*港幣約$700/位
-
< 𝗔𝗣𝗣𝗘𝗧𝗜𝗭𝗘𝗥 >
•Ethereal Tides
日本生蠔刺身🦪 最特別係搭配製成乾冰嘅柚子醋，加上蒓菜啫喱、魷魚、時令魚刺身，係一個好豐富嘅組合

•Sashimi Roll
冬季當造嘅鰤魚+中拖羅刺身卷✨ 面層刨上烏魚子碎，增加整體鮮味～

•Seko Kani
酥炸雪場蟹卷🦀 裏面係滿滿嘅蟹肉絲，面層仲放上三文魚子以及魚子醬作點綴，搭配海膽忌廉汁，鮮味Level Up 🔝 

•Chawanmushi
完全睇唔出係日式蒸蛋😋 配上芝士醬以及黑松露泡沫又意外地match~ 係略嫌蒸蛋嘅質感未夠水嫩，同份量多左啲~
*
< 𝗠𝗔𝗜𝗡 𝗖𝗢𝗨𝗥𝗦𝗘 >
•Seafood Toast Trio
三重刺身多士！面層刨上鹹蛋黃碎 & 香辣鱈魚子～

•Duo of Grilled Tachiuo
•Kasugo
•Akagai
•Akami
•Otoro
•Akahata
•Uni

終於嚟到壽司環節😍 分別係太刀魚壽司、春子鯛、油甘魚、吞拿魚赤身、炙燒大拖羅、赤羽太 & 北海道海膽！佢哋嘅壽司食材配搭上都比較豐富，個人比較鐘意炙燒大拖羅配日式醬油泡沫，真係有入口即溶嘅感覺～ 太刀魚燒香過後油香十足！

•Wagyu
超期待嘅和牛炊飯🤩 飯粒濕潤，充分吸引和牛嘅油香，加上用醬油醃製過嘅蛋黃蛋汁，好滿足！

•Aka Ebi
赤蝦清湯，飲落胡椒味意外地突出，很暖胃🤓
*
< 𝗗𝗘𝗦𝗦𝗘𝗥𝗧 > 
•Tropical Treasure
當日臨近聖誕節，所以甜品係聖誕樹造型嘅抹茶班戟 以及草莓小雪人🍓⛄️
-
Kura House (Phra Khanong)
Phra Khanong 130/1, Soi Sangchai, Klong Toei, Bangkok"
,Tamarind,旺角,泰國菜,200-250,打卡必到,曼谷火山排骨,https://www.instagram.com/p/DFFUUQDvqgb/,DFFUUQDvqgb,,"🇹🇭偽遊泰國! 新開爆紅夜市風泰菜🍻
-
地區分類：#fca_旺角
-
🔔 影片聲音導航中

全港最平火山排骨?! 出面賣200幾，係到只係$148?!😱‼️ 仲要成座山咁高，唔怪得依間新開泰菜餐廳開左一陣已經爆紅～ 店內行泰國夜市風格，最特別係有篤篤車卡座，打卡啱哂✨ 菜式算係幾齊全，而且價錢貼地，食左4人份，人均都係二百鬆啲🤭 但可能要預咗平日夜晚都要等下位～
-
泰式甲拋豬肉飯 ($78)
啲人話睇鑊氣食一個打拋豬飯就知道🤭 整體係炒得幾乾身，調味亦貼近泰國咁惹味，當然辣度方面就減輕左唔少～ 配返隻燶邊荷包蛋，完全就係泰國Comfort Food!!!
*
泰式牛肉船麵 ($88)
食泰國船麵就最重要睇個湯底，呢款夠晒深色而且飲落濃郁，應該加左唔少牛血落去🐂泰國食嘅就細細碗，但依度嘅份量就足夠一個人～ 配料亦都唔少，有鮮牛肉、爽彈牛丸 以及必備炸豬皮！麵條煙韌亦充分吸收湯底精華🥢
*
豬肉碎生菜包 ($78)
味道方面意外地比打拋豬飯更酸辣惹味😍🌶️ 完全就係喺泰國食到嘅味道!!! 香茅以及紅蔥頭的份量十足，主打一個泰式風味！
*
粉絲大蝦煲 ($138)
喺泰國唐人街必點菜式之一🔥 依到嘅粉絲做到幾乾身，口感爽彈，充分吸收醬汁精華，完全冇多餘嘅水份～ 以八角香料為主！
*
曼谷火山排骨 ($148)
喺香港用依個價錢食咁大份嘅火山排骨也太貼地了吧🥹✨ 平時見開都要二百幾! 味道基本上同泰國大同小異，主要係食醬汁嘅酸辣過癮感！但依到嘅排骨算係幾多肉🤭 至於辣度當然亦有調節過，大眾亦比較能接受～
*
蟹肉奄列 ($158)
蟹肉方便算係俾得幾足料🦀 外層炸至金黃焦脆，裏面仲係充滿蛋汁！
-
Tamarind (旺角)
旺角通菜街1號威達商業大廈地下K&L號舖"
,閩粵軒,尖沙咀,中菜,200-400,打卡必到,龍蝦燕窩金魚餃、春風得意水網腸、鮑汁扣遼參,https://www.instagram.com/p/DFceQXRvbrE/,DFceQXRvbrE,,"🥢飽覽維港全海! 高空嘆半價點心🌊
-
地區分類：#fca_尖沙咀
-
🔔 影片聲音導航中

有咩震驚得過係101層高空望住全海景食點心？就係只要半價就食到!!!😱✨ 幫大家睇過半價後點心只係低至$11起～ 就連一直想試嘅餐廳招牌龍蝦燕窩金魚餃，都有半價😭❤️ 大家真係早餐都唔洗食，直接過去食點心就好了～ 點心半價優惠暫時只去到2月28日 (只適用於星期一至日午市堂食) 
-
< 半價- 蒸類點心 >
•龍蝦燕窩金魚餃 ($168–>$84)
•翡翠帶子餃 ($48–>$24/2件)
•雪山叉燒包 ($60–>$30/2件)

竟然連招牌- 龍蝦燕窩金魚餃都有半價🥹❤️ 造型真係超精緻的～下層係燕窩 & 蛋白製成嘅芡汁，加上迷你荷葉作點綴，好似金魚係池溏就一樣🪷🐠 金魚餃亦都脹卜卜，裏面係爽脆嘅龍蝦肉～ 
*
< 半價- 煎炸點心 >
•手工蛋散配龍眼蜜 ($98–>$49)
•櫻花千絲酥 ($48–>$24/2件)

因為手工製關係，蛋散食落帶空氣感～ 配上龍眼蜜甜味自然！櫻花千絲酥裏面有唔少蘿蔔絲，外層亦夠酥脆🥰
*
< 半價- 腸粉 >
•春風得意水網腸($98–>$49)

單單係腸粉都有5款選擇😍 最特別一定係依款春風得意水網腸！感覺似係春卷x腸粉，外軟滑內酥脆，裏面仲有唔少蝦肉！
*
< 單點菜式 >
•茅台水晶肉 ($328)
•生啫海斑 ($988)
•鮑汁扣遼參 ($428)

除左半價點心，只要order四道菜以上，就可以自選一道菜享有50% OFF‼️ 個人最愛鮑汁扣遼參，個鮑汁調得很濃郁惹味，海參亦非常Q彈🤭 生啫海斑亦充滿香蔥味，魚肉超嫩的！至於非常有儀式感嘅茅台水晶肉，店員會席前噴上茅台，令每一片水晶肉都沾上酒香，望落晶凝通透～
-
閩粵軒 (尖沙咀)
尖沙咀柯士甸道西1號環球貿易廣場101樓C號舖"
,莫云,大角咀,中菜,400-800,大班聚會,玻璃脆皮乳鴿、黑醋脆鱔柳、金湯乳酪龍吐珠、鮮果拔絲咕嚕肉,https://www.instagram.com/p/DEzSwAJvLwa/,DEzSwAJvLwa,,"🥢罕有手工菜! 低調奢華富豪飯堂🥂
-
地區分類：#fca_大角咀
-
🔔影片聲音導航中

最近唔可以唔知道依間爆紅嘅隱形富豪中菜廳！餐廳嘅主廚竟然曾任百億富豪嘅私廚😱‼️ 雖然位於喺大角咀比較隱蔽嘅位置，但就一直有唔少明星、政商名流幫襯～ 幫大家偷偷睇過佢哋嘅VIP房間，私隱度十足，仲有電視睇，啱哂一大班人聚會✨
-
伊利比亞叉燒 ($298)
玻璃脆皮乳鴿 ($98/隻)

兩者相比起更愛玻璃脆皮乳鴿😍 外皮做到薄而脆，閃閃發光非當誘人，肉質唔會乾，保留唔少油份！其實叉燒都唔錯，肥瘦適中，咬落亦夠鬆化，係燶邊位可以再多啲🤭
*
•黑醋脆鱔柳 ($158)
•XO醬淮山煎釀羊肚菌 ($298)

三款由店員推薦嘅招牌小菜，果然都冇令人失望🥰 個人最愛黑醋脆鱔柳，外層沾滿酸甜黑醋，鱔柳亦炸得外酥內嫩，超開胃的✨ 另一款釀入新鮮手打蝦膠嘅羊肚菌，搭配爽脆嘅淮山一齊用自家製XO醬炒香，非常下飯！
*
金湯乳酪龍吐珠 ($888)
Menu上面冇嘅隱藏菜式🦞 真係要睇人介紹先知！所謂嘅龍吐「珠」係用上台灣豐水梨，再釀入以豬肉、鮮蝦粒等材料，絕對有驚喜🤩 下層則係用上龍蝦湯熬成嘅乳酪，配上爽彈嘅龍蝦肉 以及黑魚子嘅點綴，係出面少見嘅心機手工菜！
*
鮮果拔絲咕嚕肉 ($238)
送飯必備咕嚕肉🤤 外層酥脆肉質爽彈，配埋新鮮菠蘿好開胃；拔絲效果亦非常明顯，睇得出廚師都有落足功夫
*
黑松露海鮮鵝肝炒飯 ($198)
估唔到最後個炒飯係臥虎藏龍🔥 除左炒得夠乾身有鑊氣，仲係特別用上熊貓牌白米去炒，比普通米更加幼細入味，仲帶陣陣黑松露香！
*
椰汁燉官燕 ($298)
雖然有一系列中式糖水，但點可以唔試佢哋嘅燉官燕😎 可以選擇冰糖/椰汁/杏汁～ 講真裏面嘅官燕份量冇揸流攤，女士們可以衝!!!
-
莫云 (大角咀)
大角咀海輝道18號香港遨凱酒店地下G01號舖"
,Feuille,中環,西式,,拍拖約會,棘刺龍蝦 (Swiss Chard - Spiny Lobster - Rosehip)、Feuille自家製麵包配Dill Pil Pil醬,https://www.instagram.com/p/DFAJpZtv6i5/,DFAJpZtv6i5,,"🥂快閃優惠! 30秒睇米芝蓮1星法菜🌿
-
地區分類：#fca_中環 
-
留言「🇫🇷」私人DM你入門價食米芝蓮1星 + 綠星法國菜攻略‼️ (限定9日! 比平時Dinner Menu平足$600!!!)
依間主打可以由種子吃到開花結果嘅現代法國菜餐廳，整個菜單圍繞住生長期，由「穀物、種子」、「葉、根、莖」伸延至
「花、果實」及「追根溯源」🌳 所用食材亦主要用上本地～ 整體無論係用餐氣氛以至食物質素亦值得一訪！
-
🇫🇷 𝐓𝐚𝐬𝐭𝐞 𝐨𝐟 𝐙𝐒 𝐇𝐨𝐬𝐩𝐢𝐭𝐚𝐥𝐢𝐭𝐲*
*20 Jan - 5 Feb (逢星期一至三供應)
-
< 𝗚𝗿𝗮𝗶𝗻𝘀 & 𝗦𝗲𝗲𝗱𝘀 >
•Lamiaceae Seed - Kombucha
•Mustard Seed - Shiso - Sea Grape
•Hazelnut - Corn - Parmesan

首先以加左奇亞籽嘅康普茶打開味蕾，酸酸甜甜帶微炭酸，清新開胃✨ 
之後係酥脆嘅紫蘇葉，配上少量芥末籽以及海葡萄作點綴，加上芫荽Jelly、香葉芹等食材，整個presentation就像進入了小森林一樣🌲 
甜甜的粟米Custard好滑溜，面層配返巴馬臣芝士泡沫以及香脆榛子果仁～
*
< 𝗥𝗼𝗼𝘁𝘀, 𝗦𝘁𝗲𝗺𝘀 & 𝗟𝗲𝗮𝘃𝗲𝘀 >
•Feuille Bread - Dill Pil Pil Daikon
Feuille自家製麵包，裏面加左唔少南瓜籽 & 葵花籽🥰 但最特別一定係Dill Pil Pi醬，用上魚骨嘅膠原蛋白，再混合刁草油，質感軟滑，帶陣陣刁草清香🌿

•Snow Pea - Kombu
又係魚子醬出場嘅時候🤭 下層係用茴香醃製過嘅大根圍住荷蘭豆🫛 口感爽脆，會係嘴內爆開嘅感覺！搭配昆布湯汁，味道温和！一旁仲會配返用上主廚Joris’ grandmother食譜嘅法國傳統點心貝涅餅，食落會帶點蒜香～
*
•Portobello - Threadfin - Bay Leaf
/
•Swiss Chard - Spiny Lobster - Rosehip (+$388)

Pre Main 分別有酥皮大啡菇 以及棘刺龍蝦🦞 個人更愛後者，龍蝦處理得唔錯，口感彈嫩鮮甜，而且食材配搭都幾特別，第一次試玫瑰果Gel，帶酸酸嘅果香，又幾match~
*
•Gailan - Chicken - Blaze
主菜竟然係用上本地芥蘭 & 通菜搭配嘅雞肉🐓 份量亦係點到即止～ 雞皮做到帶焦脆感，但整體欠缺記憶點🤔
*
< 𝗙𝗹𝗼𝘄𝗲𝗿𝘀 & 𝗙𝗿𝘂𝗶𝘁𝘀 >
•Passion Fruit - Vanilla
熱情果雲呢拿撻🧡 要一讚個雲呢拿忌廉好香，而且質感軟滑，配上酸爽嘅熱情果醬作點綴，係冇乜負擔感嘅甜品～
*
< 𝗢𝗿𝗶𝗴𝗶𝗻𝘀 >
•Original Pithiviers
最後以源自法國中北部Pithivier皮蒂維耶小鎮，算是比較中世紀的小甜品，感覺就像濕潤嘅杏仁蛋糕🌱
-
Feuille (中環)
中環威靈頓街198號The Wellington5樓"
,金泰子,太子,甜品,50-100,打卡必到,七色芒果糯米飯、泰式醬爆夾心蒸麵包、泰式街頭椰子雪糕,https://www.instagram.com/p/DE4xgJmPnsc/,DE4xgJmPnsc,,"🇹🇭彩虹芒果糯米飯! 新開泰式甜品小店🥭
-
地區分類：#fca_太子
-
🔔影片聲音導航中

終於比我係香港揾到7色芒果糯米飯😭💛 仲要係之前介紹過嘅人氣MAMA麵泰菜店偷偷係隔離新開的～ 同樣由泰國人主理，店舖小小但泰式甜品可以話係一應俱全，性價比夠哂高✨ 泰式糕點一舊嘅價錢都係大概$6/件😱✨ 建議大家可以試吓雜錦口味，一次過食勻椰汁西米糕+斑蘭千層糕+椰青大菜糕+椰汁芒果糕🔥
-
七色芒果糯米飯 ($78)
神還原曼谷最強芒果糯米飯之一‼️ 由泰國姐姐親手逐粒搓，糯米飯包括原味、黑糯米、蝶豆花、菠蘿、士多啤梨、斑斕 以及香芋～ 當日咁啱新鮮蒸起口感好軟糯，芒果亦夠香甜多汁🥭
*
泰式醬爆夾心蒸麵包 ($38/4件)
一次過可以試匀4款嘅泰式爆餡蒸麵包😎 包括斑蘭、奶茶、奶油 & 辣椒膏肉鬆！斑蘭口味就食得多，原來辣椒膏肉鬆超惹味的🌶️ 每個啲餡都多到滿，一口爆漿嘅感覺+鬆軟嘅麵包真係好正!!!
*
泰式街頭椰子雪糕 ($68)
連喺泰國都好難搵到咁足料嘅椰子雪糕🥹❤️ 下層鋪滿新鮮椰肉以及粟米，喺上面放上兩大球椰子雪糕，再係上面椰子脆片、粟米 & 亞答子！二人Share剛剛好🥥
-
金泰子 (太子)
太子基隆街79號地舖"
,L’antico Gelato,中環,甜品,58-78,打卡必到,開心果、士多啤梨雪葩、焙茶、威士忌Gelato,https://www.instagram.com/p/DECWgdDvGOe/,DECWgdDvGOe,,"🍨中環新店! 奢侈品牌專用Gelato🇮🇹
-
地區分類：#fca_中環 
-
🔔影片聲音導航中

中環人真係太幸福🥹❤️ 已經係最近第五間新開嘅雪糕店！今次依間仲要係品牌專用雪糕，連Fendi & Miu Miu都有揾佢哋～ 而中環係佢哋嘅第一間實體店🍨 每日都有11款雪糕口味供應，有啲味道都算幾特別，例如威士忌 以及紅酒車厘子～ 靚仔店員親自幫你介紹，就算試晒所有口味都冇問題!!! 店內仲有位置堂食，可以慢慢食傾吓偈🤭
-
✨ 𝐓𝐢𝐧𝐲 𝐒𝐜𝐨𝐨𝐩 ($48/1 Flavour)
✨ 𝐑𝐞𝐠𝐮𝐥𝐚𝐫 ($58/2 Flavour)
✨ 𝐋𝐚𝐫𝐠𝐞 ($68/2 Flavour)

(‼️試業優惠後，價錢已更新為$58/1球，$78/2球‼️)

價位方面同中環新開幾間Gelato偏貴，但味道選擇就多d🤭 而且試哂所有味先買都唔會嬲！今次食左開心果+士多啤梨雪葩 以及 焙茶 + 威士忌🥃 開心果嘅甜到剛剛好，而且味道濃郁，配返士多啤梨雪葩好match🍓! 店員推薦焙茶口味，茶香意外突出，搭配威士忌Gelato，酒香恰到好處，會越食越上癮!!!
-
L’antico Gelato (中環)
中環鴨巴甸街19號地下"
,絲茶 (Silk.),灣仔,甜品,88,打卡必到,新春特飲- 芝麻湯圓,https://www.instagram.com/p/DE4crjav_Ks/,DE4crjav_Ks,,"🖤送限定版Labubu?! 新春芝麻湯圓特飲🤍
-
地區分類：#fca_灣仔 
-
當大家瘋搶Labubu嘅時候，原來依家就咁飲杯奶茶都有機會免費獲得Labubu😱✨ 仲要係限定珍藏版，夠哂有紀念價值!!! Silk.係今個新年除左推出新春特飲- 芝麻湯圓，仲有新春新閃活動:

🧧新春活動：Silk.限定版Labubu
抽獎日期：2025年1月20日至2025年2月9日
只要購買每杯Silk.，即可獲贈Silk.利是一封！一系列獎品，例如免費飲品、買一送一優惠等😍 當中仲包括機會贏取Silk.限定版Labubu！帶住冷帽嘅Labubu也太可愛了吧!!! 隨時飲多幾杯就可以帶佢返屋企～
*
🪭新春特飲飲品- 芝麻湯圓 ($88/2杯)*
*由27/1 - 2/2/2025 供應

農歷新年當然要團團圓圓啦👨‍👩‍👧‍👧 依杯新春限定芝麻湯圓飲品，簡直係變奏版嘅芝麻湯圓! 除左有濃厚嘅黑芝麻醬，仲有麻糬以及珍珠加強煙韌嘅口感✨ 加上招牌芝士奶蓋嘅加持，多重享受也太正了吧！每日限量發售，售完即止喔～
-
絲茶 (利東街) (灣仔)
灣仔皇后大道東200號利東街地下G39號舖
(另設中環、銅鑼灣、旺角分店)"
,Amelia Hong Kong,尖沙咀,西式,498-698,打卡必到,招牌巴斯克芝士蛋糕、令和之怪物生蠔、招牌炭燒西班牙八爪魚、A5鹿兒島和牛肉眼,https://www.instagram.com/p/DEmbiN8v9Lq/,DEmbiN8v9Lq,,"🥂最紅話題店·米芝蓮海鮮無限追加🦪
-
地區分類：#fca_尖沙咀
-
依間討論度極高嘅米芝蓮無限任食，評論可以話係好懷參半🤔 今次終於有勇氣挑戰下，順便幫大家整個私人攻略～ 餐廳主打一系列海鮮任食，包括鮑魚、虎蝦、八爪魚、帆立貝等，更加可以升級任食生蠔/炭燒皇帝蟹腳
/燒龍蝦尾🔥 
個人建議可以加生蠔任食，比起蟹腳龍蝦更易回本！主菜每人每次只可叫一份，入座立刻叫左先，等待過程再用QR CODE落單餐湯/沙律/前菜 (每次只限落4樣)🌟 
記住係得90分鐘落單，所以記得要叫定甜品 (因為巴斯克蛋糕真的很好吃!!!) 整體時間係有啲趕，限制都比較多，食嘢加要影相真係有啲攰🤣
-
🦞 𝐃𝐞𝐥𝐮𝐱𝐞 𝐔𝐧𝐥𝐢𝐦𝐢𝐭𝐞𝐝 𝐅𝐞𝐚𝐬𝐭*
*限時120 Mins
* 𝗕𝗔𝗦𝗜𝗖: $498/pp
* 𝗣𝗥𝗘𝗠𝗜𝗨𝗠: $598/pp
* 𝗣𝗥𝗜𝗠𝗘: $698/pp (費升級無限暢飲無酒精飲品)
^ Premium / Prime無限添加是日生蠔 (+$158/pp) / 無限添加炭燒珍寶阿拉斯加皇帝蟹腳+ 燒龍蝦尾 (+$238/pp)
^以上兩者+$328/pp
-
‼️攻略須知‼️
🔸 主食 & 生蠔：每人每次限叫一款一份/完成桌上食物後方可再次落單
🔸 餐湯/沙律/前菜/甜品/飲品：每10分鐘方可再次用QR CODE落單
🔸 90分鐘落單 & 120分鐘用餐

以下為𝗣𝗥𝗜𝗠𝗘菜單私人重點推介🙆🏻‍♀️
-
< 餐湯/沙律/前菜 >
•法式薯條 配黑松露醬
•巴馬火腿
•白酒煮青口/蜆

一共有14款選擇，以沙律款式比較多～ 但個人encore左3次嘅Param ham，質素唔錯，送酒一流🥂 當日白酒煮青口就比較細粒，但就幾新鮮～
*
< 𝗣𝗥𝗜𝗠𝗘主菜 >
•A5鹿兒島和牛肉眼
•炭烤四頭野生鮑魚
•招牌炭燒西班牙八爪魚
•野生北寄貝
•香煎鵝肝 配黑醋汁
•西班牙烤乳豬

因為𝗣𝗥𝗜𝗠𝗘已經包含左𝗕𝗔𝗦𝗜𝗖 & 𝗣𝗥𝗘𝗠𝗜𝗨𝗠 Items，所以主菜有成16款選擇😱❤️ A5鹿兒島和牛扒質素唔錯，油膩豐富，食肉獸可以主攻！海鮮會推薦炭燒西班牙八爪魚🐙 以及北海道野生帆立貝，食得會比較輕鬆，八爪魚嘅炭香明顯！炭烤四頭鮑魚其實都不錯，係偏硬身左啲，影響戰鬥力🤣
*
< 升級菜式 >
•令和之怪物生蠔
•炭燒珍寶阿拉斯加皇帝蟹腳
•燒龍蝦尾

個人會比較建議淨係加任食生蠔🦪 始終時間有限，拆蟹腳都要花唔少時間🤣 但蟹肉係結實帶鹹鮮！龍蝦尾亦係爽彈兼啖啖肉～ 生蠔當日係日本令和之怪物，隻隻手掌咁大，蠔肉夠肥美爽甜，入口夠哂滿足！
*
< 甜品 >
•招牌巴斯克芝士蛋糕
•提拉米蘇
•鮮製開心果意大利雪糕

記住一定要留返啲時間食甜品，因為佢哋嘅巴斯克蛋糕太正了✨ 中間仲有軟心效果，配上自家製開心果Gelato，完美!!!
-
Amelia Hong Kong (尖沙咀)
尖沙咀廣東道3-27號海港城海運大廈地下G63號舖"
,女人街食飯公司,尖沙咀,中菜,100-200,打卡必到,黑松露鮮蝦多士、屋村三鮮、鮮鳳梨咕嚕肉,https://www.instagram.com/p/DEKE8-aP6Up/,DEKE8-aP6Up,,"🥢30秒帶你睇! 80年代麻甩大排檔🇭🇰
-
地區分類：#fca_尖沙咀
-
係尖沙咀都揾到女人街?! 依間長期滿座嘅大排檔由旺角開到去尖沙咀✨ 由門口行到店內全部都係打卡位，充滿80年代香港氛圍～ 幫大家實測過，座位比旺角坐得舒服啲，等位時間相對冇咁耐 (但都係建議大家先訂位😉) 除左一系列經典大排檔小炒，當然唔少得佢哋嘅戰鬥碗，啤一啤佢咁先有feel🍺
-
屋村三鮮 ($98)
送酒必備港式滷味‼️ 一次過食匀豬生腸、鴨腎以及墨魚～ 豬生腸夠爽脆，墨魚亦夠爽口彈牙，點埋芥末咁先夠爽😎
*
黑松露鮮蝦多士 ($32/件)
人氣必點✨ 每個人食過都話正！多士炸得酥脆唔會太油膩，配上爽脆嘅蝦肉以及香濃嘅松露醬，再點埋個黑松露蛋黃醬，真係一件邊夠喉🤭!
*
椒鹽粟米 ($78)
爽甜嘅粟米，再加上炸得香脆嘅椒鹽炸蒜，亦係下酒一流🌽
*
鮮鳳梨咕嚕肉 ($118)
去大排檔冇可能唔叫嘅咕嚕肉😏❤️ 依到做得唔錯，醬汁均勻地沾上每一舊肉，外脆內嫩，送飯必備!!!
*
XO醬海鮮小炒皇 ($138)
非常足料嘅小炒皇~ 除左炒得夠乾身，裏面仲加左蝦肉、白飯魚、魷魚等配料，所以鮮味十足🔥
*
豉椒炒花甲 ($148)
正常發揮～ 花甲蜆肉QQ的，冇沙，份量都夠足
-
女人街食飯公司 (尖沙咀)
尖沙咀棉登徑8號凱譽大廈地庫A號舖"
,九龍坎麻辣火鍋,油麻地,火鍋,100-200,大班聚會,招牌四川麻辣牛油紅鍋、特辣霸王牛肉、瑞雪精品雪花肥牛、小郡肝,https://www.instagram.com/p/DEH3NNSPHqK/,DEH3NNSPHqK,,"🪭包房唱K ! 68折攻略嘆人氣麻辣火鍋🔥
-
地區分類：#fca_油麻地
-
見到咁有氣派嘅宮廷風門面，應該都知係依間近期超紅$98麻辣海鮮火鍋放題店🔥 但係原來單點都好抵玩!!! 只需要提前訂位，指定時段可享正價低至68折 (12:00-17:00 /21:30-24:00) 幫大家計過一份雪花肥牛都只係50幾蚊😱‼️ 而18:00-21:00時段都有正價78折～ 晚市仲有不限時包房唱K/打麻雀 (晚市設最低消) 唔使咁趕可以慢慢食，同朋友盡情吹水打邊爐！
-
< 火鍋湯底 >
太極鴛鴦湯底 ($138)
招牌四川麻辣牛油紅鍋 拼 豬骨濃湯🍲 嚟到必點佢哋嘅牛油紅鍋，用十多種香料製作，會越煮越辣夠晒過癮🌶️🥵
*
< 火鍋配料 >
•瑞雪精品雪花肥牛 ($76/小份)
•特辣霸王牛肉($108)
•小郡肝（$68）
•羊肉串 ($46/小份)
•黑魚片 ($68)
•稻庭烏冬 ($38)
•珍寶蟹棒 ($42)

打邊爐必備雪花肥牛🐂 就算係小份，份量都唔少，68折後都只係五十幾蚊夠抵玩～ 鍾意食辣嘅朋友仔建議挑戰特辣霸王牛肉，沾滿辣椒以及花椒，加埋麻辣湯底，真係會辣到流眼淚🥹❤️ 小郡肝都係大推，口感超爽脆，配啤酒一流！
*
< 甜品/飲品 >
•御用糖心茲粑 ($38/小份)
•百香果手打檸檬茶 ($32)

之前一直都係是佢哋嘅冰粉，原來紅糖茲粑也不錯！口感外脆內軟糯✨ 百香果手打檸檬茶就解辣一流！
-
九龍坎麻辣火鍋 (油麻地)
油麻地彌敦道469號新光商業大廈3樓"
,Jen Cafe,深水埗,Cafe,100-200,打卡必到,灸燒濃開心果巴斯克、宇治濃小山園抹茶卷蛋、情迷開心果提拉米蘇,https://www.instagram.com/p/DD4DVGhPe5h/,DD4DVGhPe5h,,"🍵神級卷蛋! 開心果3重奏Giveaway🎄
-
地區分類：#fca_深水埗
-
作為人氣卷蛋網店 @jenjen.bakerylove 嘅小粉絲，真係好佩服佢哋開到實體咖啡店🥰 好開心首次同@jencafe.hk 合作，請大家帶埋朋友試佢哋出推出嘅開心果3重奏✨ 一次過食匀開心果巴斯克+卷蛋+Tiramisu🤩❤️ 當然唔少得佢哋嘅招牌焙茶芝士奶蓋卷蛋 (超香茶味的!!!) 
快啲tag你哋嘅開心果控朋友仔，除左一齊支持本地小店，仲要試下佢哋嘅招牌卷蛋！
-
< 𝐅𝐨𝐨𝐝 >
•招牌港式叉燒滑蛋酸種包 ($118)
•食左當去左台灣之全日早餐 ($148)

終於食ADB係有驚喜！一次過食匀手抓餅、台灣腸、甜不辣、台式肉鬆炒滑蛋、沙律菜 & 自蒙製台灣芭樂yogurt杯🤩 好滿足！
*
< 𝐃𝐞𝐬𝐬𝐞𝐫𝐭 >
•宇治濃小山園抹茶卷蛋 ($68)
招牌人氣甜品點都要試🤭 蛋糕綿密鬆軟，中間嘅抹茶忌廉超軟滑，而且茶香十足帶甘香！

•灸燒濃開心果巴斯克 ($68)
•情迷開心果提拉米蘇 ($78)

尖叫!!!! 終於有機會試佢哋嘅開心果系列甜品🥹❤️ 網上爆紅嘅開心果Tiramisu，Mascarpone Cheese加入了伊朗開心果，香濃幼滑！但會建議真正嘅開心果控試灸燒濃開心果巴斯克!!!! 用上自家磨製開心果醬，濃厚程度達100%😱‼️ 中間誘人軟心效果，加上焦糖脆面，答應我一定要試！
*
< 𝐃𝐫𝐢𝐧𝐤𝐬 >
•丸久小山園青嵐 抹茶拿鐵 ($58)
對抹茶有一份執着嘅Cafe🍵 堅持每杯人手現刷，就連抹茶都有6款選擇！大家可以跟據自己對抹茶嘅濃厚喜愛程度揀返啱自己口味的🥰 要一讚佢哋嘅拉花超有心思，係可愛嘅小狗，真係會唔忍心飲㗎🐶
———————————————————————
📅遊戲日期：22-26/12/2024
 -
🥇頭獎x3:  開心果聖誕三重奏* (2人享用)*
* 灸燒濃開心果巴斯克、開心果草莓蝶豆花卷蛋、情迷開心果提拉米蘇、開心果yogurt杯、連兩杯咖啡類飲品）

🥈二獎x5: 茶道甜點Set*
* 濃抹茶拿鐵（可選小山園青嵐或福岡八女之露） +  京都焙茶芝士奶蓋卷蛋 
-
📍換領地點
Jen Cafe (深水埗)
深水埗深水埗基隆街102號地舖
-
參加方法:
1.Follow 
@jencafe.hk
@foodcafealcoholic 
2.Like依張相❤️
3.留言tag一位朋友仔👫
-
‼️依家cap埋個post上自己story並tag埋我哋2個嘅IG page 即增加10次中獎機率！🍔會mark低你哋個名再入機抽‼️
-
留言次數不限，越留得多中獎機會就越大😍 截止後會係IG story公佈結果！若中獎者必需顯示已follow 以上IG, 係通知後一日內未有回覆，將會重新抽過🙇🏽‍♂️ 
中獎名單記錄請查看IG story Highlights！
-
Foodcafealcoholic  及 @jencafe.hk 保留最終決定權"
,睡飽吃吃意式冰淇淋店,中環,甜品,78-86,打卡必到,意式冰淇淋 (開心果、鹹花生、日本南瓜、星野抹茶),https://www.instagram.com/p/DEPPvExvTxI/,DEPPvExvTxI,,"🍨年度最愛! 睡飽吃吃新開Gelato❤️
-
地區分類：#fca_中環 
-
🔔影片聲音導航中

太過份!!! 已經係中環第6間新開嘅雪糕店 (咁食法已經肥左成個圈🥹) 仲要係人氣巴斯克蛋糕店- 睡飽吃吃 @sleepwelleatmore_studio 新開嘅意式雪糕店!!! 之前想食個蛋糕都要排隊，可想而知呢間雪糕店一定之後大排長龍，所以邊個睇到依條Reel邊個贏😎 當日一共7款口味選擇，包括貓山王、開心果、鹹花生、日本南瓜、星野抹茶、橄欖油 以及東方美人茶。價錢一啲都唔平，但食咗咁多款味都係好高質🔥 (有點可惜係不設試食～)
-
🍨 意式冰淇淋 ($78/2款口味)
-
•鹹花生
•開心果 (+$8)

要一讚Gelato嘅Texture做得好好，做到應有嘅濃稠拉絲感🥰 鹹花生用上台灣新竹福源花生醬，濃郁程度貼近好似食花生醬咁，食到最後會有點偏膩🤣🥜 開心果係最近食過最濃厚，非常nutty帶點堅果鹹香，一定滿足到開心果控～ 

•日本南瓜
•星野抹茶

季節限定日本南瓜🎃 質感同其他不同，質地粉糯綿密，有啲似薯蓉嘅Texture~ 食落係香濃嘅南瓜天然香甜味！星野抹茶嘅雪糕質地做到最拉絲，茶味十足帶甘香🍵
-
睡飽吃吃意式冰淇淋店
歌賦街44號地下"
,Cinnabon,,甜品,50-100,打卡必到,招牌經典玉桂卷、一口卷曲奇、士多啤梨抹茶拿鐵,https://www.instagram.com/p/DEAH7LxvqsL/,DEAH7LxvqsL,,"✨限定抹茶系列·美國玉桂卷專門店🍵
-
終於有機會朝聖依一間係全球擁有逾1,700間分店嘅美國過江龍甜品店‼️ 主打新鮮即製玉桂卷，仲有多款口味選擇，甜品控表示心心眼😍 聖誕節開Party做甜品亦夠哂有心思！
最近仲同抹茶品牌Be My Tea合作，推出一共3抹全新抹茶飲品～採用嘅抹茶通過雨林認證，生產過程符合可持續發展🌿 凡享用Perfect Pairing滋味組合，即可免費升級飲品做任何抹茶飲品 (限量1000杯) 配返個甜甜嘅玉桂卷就最好不過～
-
🎄 𝐌𝐚𝐭𝐜𝐡𝐚 𝐌𝐚𝐠𝐢𝐜 𝐭𝐡𝐢𝐬 𝐂𝐡𝐫𝐢𝐬𝐭𝐦𝐚𝐬
-
•Iced Matcha Oatmilk Latte ($47)
•Strawberry Matcha Latte ($47)

經典玉桂迷你卷 ($33)
黑芝麻迷你卷 ($39)
黑朱古力花生醬迷你卷 ($39)
焦糖胡桃迷你卷 ($41)

估唔到試左幾隻味，最愛都係招牌經典玉桂卷，面層嘅糖霜，加上鬆軟嘅麵包，每啖都散發陣陣玉桂香🥰 如果Upgrade做Perfect Pairing滋味組合 (迷你玉桂卷+咖啡)，依加即可免費升級飲品至Be My Tea抹茶飲品❤️‍🔥 包括士多啤梨抹茶拿鐵、抹茶燕麥奶拿鐵 & 熱抹茶蜂蜜拿鐵!!! 咁就夠哂滿足～
*
一口卷曲奇 ($33)
經典玉桂鮮奶咖啡 ($44)

另一最愛組合- 玉桂相重奏🤣✨ 內藏玉桂卷嘅曲奇，加上玉桂鮮奶咖啡，啱哂玉桂嘅愛好者!!!
-
Cinnabon 分店有售"
,人生有限杯.串燒店,銅鑼灣,日本料理,100-200,深夜食堂,鹽燒荔枝卷、免治雞肉棒、咖哩牛舌菠蘿包、老油條釀墨魚滑爆芝士,https://www.instagram.com/p/DEZ4BNJyiSY/,DEZ4BNJyiSY,,"🔥CP值之選· $10 串燒の居酒屋🐓
-
地區分類：#fca_銅鑼灣
-
可以閉着眼點嘅串燒居酒屋!!! 因為最平都係$10/串，價錢大致都落係$10-$20🏮 所以就算叫多啲都唔會肉痛～ 最誇張係連日本生啤都有買一送一，折後只係$24/杯🍻 放工chill下飲返杯都唔錯！建議大家可以坐喺吧枱位，望到師傅燒串燒！
-
< $10-$20串燒區 >
•惹味燒雞腳筋 ($10/串)
•香燒牛白肉 ($15/串)
•味噌松板豬 ($15/串)
•泰式燒墨魚鬚 ($15/串)
•鹽燒荔枝卷 ($15/串)
•燒鮮雞腎 ($20/串)
•鹽燒雞皮($20/串)
•老油條釀墨魚滑爆芝士 ($20/串)

串燒低至$10就食到😱❤️ 但就至少要兩串起～ 個人私心推薦鹽燒荔枝卷，豚肉包住爆汁水嫩荔枝真係好正！燒墨魚鬚口感夠Q彈；依到嘅燒雞皮脆得嚟保留少許煙韌感～比較特別嘅有釀左墨魚滑嘅油條，中間仲要係芝心，三個層次不得了！
*
< 必食惹味小食 >
•椒鹽＋紫菜味+泰式辣醬九肚魚
送酒必備！口感外脆內軟，點上泰式辣醬好夾🇹🇭
*
< $28串燒區 >
•免治雞肉棒 ($28/串)
•鹽燒牛舌芯($28/串)
•紫蘇鹿兒島雞頸肉 ($28/串)

每次必點免治雞肉棒🐓 點上蛋汁好正！佢哋嘅鹽燒牛舌芯亦不況一試，口感爽彈帶油香！
*
< $38 串燒區>
•蒜蓉菜脯燒茄子 ($38)
鋪滿蒜蓉菜脯嘅茄子，帶點微辣好惹味🍆
*
< 沙律/主食 >
•明太子忌廉烏冬 ($58)
•咖哩牛舌菠蘿包 ($58)

見到好多人叫嘅咖哩牛舌菠蘿包! 鬆軟嘅菠蘿包，一切落去爆哂蛋汁!!!😍 加上軟腍嘅牛舌，意外地好食！相反明太子忌廉烏冬嘅明太子唔夠明顯，忌廉味重啲，但烏冬就好煙韌🥢
*
< 甜品 >
•港式蜜糖多士夾雪糕 ($48)
依到雖然得一款甜品，但就已經夠哂邪惡🤤 搽上蜜糖燒得香脆嘅多士，夾住香滑雪呢拿雪糕，無得輪🍨🍯
-
人生有限杯.串燒店 (銅鑼灣)
銅鑼灣登龍街28號永光中心15樓
(另設中環/旺角分店)"
,PLAISANCE BY MAURO COLAGRECO,中環,西式,,拍拖約會,沖繩花竹蝦意大利雲吞、長尾浜鯛二食、日本A4仙台牛柳配沖繩蔥頭,https://www.instagram.com/p/DEwuhjzPAHH/,DEwuhjzPAHH,,"🌊30秒體驗·米芝蓮三星名廚法國菜🥂
-
地區分類：#fca_中環 
-
依間由世界知名法國米芝蓮三星廚師Mauro Colagreco主理嘅餐廳，係正公司附近，由佢一開幕已經Bookmark住🤭 餐廳除左以海洋為設計靈感，菜式更係以可持續發展，以及海鮮食材為主。今次適逢與沖繩縣合作，由Executive Chef Mitsuru Konishi主理，推出期間限定6道菜Amazing Okinawa Dinner Menu✨ 裏面採用唔少沖繩時令食材，例如金目鯛、花竹蝦、長尾浜鯛等❤️ 想試嘅朋友仔絕對係入手好時候！
-
🎎 𝐀𝐦𝐚𝐳𝐢𝐧𝐠 𝐎𝐤𝐢𝐧𝐚𝐰𝐚 𝐃𝐢𝐧𝐧𝐞𝐫 𝐌𝐞𝐧𝐮
-
𝗔𝗺𝘂𝘀𝗲 𝗕𝗼𝘂𝗰𝗵𝗲
一共4款嘅精緻餐前開胃小點：檸檬慕絲撻，日本白蝦萵筍、鷹嘴豆雅枝竹脆球 以及本地黃菜頭 配榛子餅底～
*
𝗞𝗮𝗿𝗶𝘆𝘂𝘀𝗵𝗮 𝗞𝗶𝗻𝗺𝗲𝗱𝗮𝗶 & 𝗚𝗿𝗲𝗲𝗻 𝗣𝗮𝗽𝗮𝘆𝗮
沖繩金目鯛刺身，淋上橙花醬汁，搭配青檸以及洛神花啫喱，添加一份清爽嘅感覺🌿 面層放上炸木瓜絲作點綴，下面仲特意加左海葡萄，令魚肉嘅鮮味更突出! 
*
𝗞𝘂𝗿𝘂𝗺𝗮𝗲𝗯𝗶 𝗥𝗮𝘃𝗶𝗼𝗹𝗶 & 𝗟𝗲𝗺𝗼𝗻 𝗘𝗺𝘂𝗹𝘀𝗶𝗼𝗻
沖繩花竹蝦意大利雲吞。其中一道幾鐘意嘅菜式❤️ 花竹蝦口感爽彈，醬汁調配上更有驚喜!!! 加入左雲呢拿以及牛油嘅魚湯Sauce，再以檸檬泡沫作平衡，香而不膩！
*
𝗢𝗻𝗮𝗴𝗮𝗱𝗮𝗶 & 𝗖𝗮𝗿𝗿𝗼𝘁 𝗠𝗼𝘂𝘀𝘀𝗲𝗹𝗶𝗻𝗲
長尾浜鯛二食‼️ 沖繩著名的三大高級魚之一！首先係長尾浜鯛配魚湯慕絲🐟，肉質緊致而且帶彈性，幾鐘意面層輕輕炙燒過✨ 一旁亦有柚子Gel清新一下味蕾～ 另一菜式係長尾浜鯛配蘿蔔泡沫，裏面再加左青蘋果，味道上比前者更輕盈！
*
𝗦𝗲𝗻𝗱𝗮𝗶 𝗪𝗮𝗴𝘆𝘂 𝗧𝗲𝗻𝗱𝗲𝗿𝗹𝗼𝗶𝗻 & 𝗢𝗸𝗶𝗻𝗮𝘄𝗮 𝗦𝗵𝗮𝗹𝗹𝗼𝘁
日本A4仙台牛柳 配沖繩蔥頭🍴 牛肉處理得幾好，顏色粉嫩而且肉質細膩，帶豐富嘅油香🐂 上面放上沖繩蔥頭以及牛胸線，搭配炒香過嘅芋頭以及蘑菇，再點上一旁嘅西洋菜醬汁 & 淋上嘅經典Beef Jus😍 雖然有唔同elements，但整體冇乜違和感，口感亦夠豐富～ 
*
𝗦𝗵𝗶𝗸𝘂𝘄𝗮𝘀𝗮 & 𝗠𝗮𝘀𝗰𝗮𝗿𝗽𝗼𝗻𝗲
沖繩特產香檬·意大利軟芝士～ 多層Layers嘅清新派甜品！士多啤梨脆皮下面係軟滑嘅Mascarpone cheese，中間竟然係夾住酸酸甜甜嘅士多啤梨雪葩🍓 配埋下層嘅西柚、橙、士多啤梨果肉，以及入口即化嘅柚子泡沫，非常清爽解膩🤩

𝗣𝗲𝘁𝗶𝘁 𝗙𝗼𝘂𝗿
柑橘菠蘿軟糖、馬德蓮蛋糕、焦糖海草朱古力、開心果撻 & 荔枝番石榴泡芙
-
PLAISANCE BY MAURO COLAGRECO (中環)
中環都爹利街1號1樓"
,Green Waffle Diner (希慎廣場),銅鑼灣,西式,244,大班聚會,招牌窩夫配大黃醬及雪糕、焗肉醬鑊仔扁意粉、香脆雞翼,https://www.instagram.com/p/DD6qCT1v0QP/,DD6qCT1v0QP,,"✨聚會請收藏! 55折嘆美式窩夫餐廳🧇
-
地區分類：#fca_銅鑼灣
-
港島人其中一間Gathering最愛去嘅餐廳～ 更被譽為港島最愛窩夫店之一?! 依間餐廳主打一系列自家製美式菜式以及招牌Waffle✨ 更有生酮輕食選擇，所以亦受唔少女士們歡迎！今次竟然見到隱藏55折食到2/4人Set Menu‼️ 試匀佢哋嘅Pasta 以及招牌窩夫夠哂滿足🤭
-
🧇 窩夫主題嚐味二人晚餐 ($888–>$488/2位)*
*價錢已包含加一服務費
*需透過OpenRice訂座及預付方可享有優惠
*優惠時段: 2024年10月28日至 2025年1月27日 (18:00 - 21:00)
*指定日子不適用
-
< 𝗦𝗧𝗔𝗥𝗧𝗘𝗥 >
•是日餐湯 2份
•里昂沙律 半份
*
< 𝗠𝗔𝗜𝗡 >
•卡邦尼意粉
/
•焗肉醬鑊仔扁意粉

主菜5選一‼️ 如果同男仔食建議另叫一個pasta會飽肚啲～ 私心推介焗肉醬鑊仔扁意粉🍝 即叫即焗熱辣辣，面層大量拉絲芝士夠哂邪惡；另一款卡邦尼意粉都唔錯，係落忌廉Creamy個隻，加左煙肉碎增加唔少口感🥓
*
< 𝗦𝗡𝗔𝗖𝗞 >
•香脆雞翼 

有三款自家製醬汁選擇：燒烤/自家發酵蜜糖蒜蓉醬/水牛 🐓 BBQ燒烤醬就夠哂惹味，雞翼外皮仲保留點香脆嘅感覺！
*
< 𝗗𝗘𝗦𝗦𝗘𝗥𝗧 >
 •草莓自家製窩夫配大黃醬及雪糕 2份

當然要食佢哋嘅招牌窩夫🧇🍨 傳統美式Waffle味道，外脆內鬆軟✨ 雪糕可以選擇雪呢拿/朱古力，加埋楓糖漿，PERFECT!!!
*
< 𝗗𝗥𝗜𝗡𝗞𝗦 >
•套餐飲品2杯
-
Green Waffle Diner (希慎廣場) (銅鑼灣)
銅鑼灣軒尼詩道500號希慎廣場13樓1303號舖"
,弁慶 御好燒 鐵板燒,中環,日本料理,200-400,打卡必到,熱熔芝士大阪焼、免治雞肉焼,https://www.instagram.com/p/DDtxAcOPdYh/,DDtxAcOPdYh,,"🇯🇵大阪過江龍の正宗御好燒🔥
-
地區分類：#fca_中環 
-
食過一次之後，再食御好燒一定再返嚟依間餐廳! 係中環返工咁耐，依家先知你自己咁近嘅大廈樓上竟然有間來自大阪嘅御好燒x鐵板燒餐廳🤩‼️ 仲係有多位日本師傅主理，當日有一半嘅客都係日本人～ 平日七點左右都機乎坐滿哂人! 建議大家嚟到一定要坐吧枱位，見到師傅席前炮製之餘，成個氣氛中特別好添✨ 
-
🌺 < 沖繩限定 >
•沖繩早摘水雲 ($68)
•烤白子 ($94)

兩款限定前菜！用上沖繩伊是名島產水雲，口感爽脆，配上山藥以及八爪魚，清爽開胃✨ 外層烤過嘅白子，裏面好滑嫩，加上沖繩香檸，有提鮮作用！
*
< 鐵板燒 >
•燒蠔 ($98/2隻)
燒到外層金黃色，每隻都脹卜卜嘅生蠔🦪 一啖過超滿足！

•鰻魚玉子卷 ($95)
好鐘意做到仲係好水嫩嘅感覺，中間位仲保留唔少蛋汁🤭

•免治雞肉焼 ($93)
大推!!! 因為雞肉嘅關係由生燒至熟都需要啲時間～ 食落近乎平時食到嘅免治雞肉棒，但依到嘅會軟腍啲，而且幾香冬菇味🥰 沾上蛋汁超級正！
*
< 大阪御好燒 >
熱熔芝士大阪焼 ($118)
打卡一流嘅芝士大阪焼🧀 瀑布級拉絲，而且用嘅芝士唔係好膩好重味個隻，所以同大阪焼好夾，唔會蓋過蔬菜嘅味道！
*
< 飲品 >
•沖繩香檸Sour ($78)
•沖繩香檸可爾必思梳打 ($60)

兩款飲品都用上沖繩香檸，味道非常清爽醒胃，配大阪焼也很不錯🫧
-
弁慶 御好燒 鐵板燒 (中環)
中環士丹利街11號Stanley 11 6樓"
,TruffleBAKERY,銅鑼灣,Cafe,23-39,打卡必到,白松露鹽包、松露朱古力鹽包、黑松露雞蛋三文治,https://www.instagram.com/p/DDg5UN9PKlC/,DDg5UN9PKlC,,"🇯🇵20秒搶先睇! 日本話題の白松露鹽包🥖
-
地區分類：#fca_銅鑼灣
-
🔔影片聲音導航中

等到頸都長!!! 終於可以係香港都食到木村拓哉最愛嘅白松露鹽包喇🥹❤️ TruffleBAKERY 首間日本海外分店係12月15日正式登陸銅鑼灣，由日本烘焙團隊坐鎮! 除左必食人氣Top 1. 白松露鹽包外，仲有香港2款獨家限定口味，包括松露朱古力鹽包 & 桂花烏龍無花果酸種包‼️ 店內仲有由日本咖啡豆𝐀𝐥𝐥𝐩𝐫𝐞𝐬𝐬 𝐄𝐬𝐩𝐫𝐞𝐬𝐬𝐨沖製嘅咖啡，配麵包就一流！☕️
-
白松露鹽包 ($23)
終於感受到日賣二萬個嘅威力🥹✨ 用上自家製作原創松露牛油 & 松露油製作而成，再點上法國特級松露鹽，簡直係松露三重奏! 攞上手已經聞到松露嘅香味，麵包質感鬆軟，唔怪得木村拓哉喺段片係咁講すごい(厲害)
🤣
*
松露朱古力鹽包 ($27)
香港限定口味一定要試！朱古力一向同松露很MATCH💕 麵包裏面係法國 60% 黑朱古力忌廉，配上面層嘅松露鹽，味道balance得很好～
*
黑松露雞蛋三文治 ($39)
日本人氣熱賣第二位🔥 鬆軟嘅麵包夾住黑松露雞蛋沙律，做lunch係個唔錯嘅選擇！
-
TruffleBAKERY
銅鑼灣勿地臣街 11 號 The Hedon 地下"
,鴻運冰廳餅店,旺角,港式茶餐廳,$9,打卡必到,牛油蛋撻,https://www.instagram.com/p/DDZLpXYv2Yd/,DDZLpXYv2Yd,,"☕️最後回憶· 50年閣樓茶記結業🪑
-
地區分類：#fca_旺角 
-
前幾日鴻運冰廳餅店宣布係月尾結尾🥲 由1970年開始足足超過半世紀，亦成為過周星馳電影「行運一條龍」嘅取景地。香港已經好難再搵到嘅閣樓茶餐廳，每一個位都充滿著唔同人嘅回憶✨ 今次去特登想食返佢哋嘅牛油蛋撻，熟悉嘅味道，加上半流心真係好正! 經過嘅建議大家買返個返去食，因為真係唔知幾時再食到呢個味道🥹❤️
-
< 常餐 >
•沙爹牛肉麵/叉燒湯意粉
•火腿奄列
•牛油菠蘿包
•咖啡/茶
•牛油蛋撻 ($9/個)
-
鴻運冰廳餅店 (旺角)
旺角上海街726號地舖"
,燒肉 LIKE,尖沙咀,日本料理,68-168,打卡必到,薩摩黑毛和牛套餐、薩摩黑毛和牛上級肩胛肉眼芯、薩摩黑毛和牛肉眼配壽喜燒汁及溫泉玉子,https://www.instagram.com/p/DDvv2-fP2_9/,DDvv2-fP2_9,,"🇯🇵激安! $68起歎日本產薩摩黑毛和牛🔥
-
地區分類：#fca_尖沙咀
-
就算聖誕一人燒肉都可以好爽?!🤭 大家最愛嘅日本一人燒肉店，最近推出期間限定「日本產薩摩黑毛和牛」套餐及單品，最誇張嘅係竟然只係用$68起就嘆到鹿兒島直送高質和牛😱‼️想食得豐富啲，「薩摩黑毛和牛套餐」都只係$128 起，食匀薩摩黑毛和牛肩肉及赤身+美國牛五花❤️ 加埋屬於稀有部位嘅「薩摩黑毛上級肩胛肉眼芯」同埋聖誕限定嘅「薩摩黑毛和牛肉眼」，依個聖誕真係夠晒滿足！
-
薩摩黑毛和牛套餐 ($128/150G) ($168/250G)
套餐可以食齊薩摩黑毛和牛肩肉及赤身 + 美國牛五花！和牛肩肉及赤身嘅肉質嫩滑，加埋肥瘦相間而且細嫩多汁嘅美國牛五花🐂 滿足感Double Up 🔝  套餐仲會配上白飯、和風湯及泡菜或迷你沙律。
*
•薩摩黑毛和牛單品 - 和牛肩肉及赤身 ($68/50G) ($118/100G)
•薩摩黑毛和牛單品 - 上級肩胛肉眼芯 ($88/50G)
 
只係用$68起就可以追加和牛肩肉及赤身！私心大推大家一定要試埋上級肩胛肉眼芯🥰 精選薩摩黑毛和牛稀有部位，肉質軟嫩～
*
薩摩黑毛和牛肉眼配壽喜燒汁及溫泉玉子或生蛋 ($128)
 
12月24 至26日期間，可以試埋薩摩黑毛和牛肉眼✨ 油花較豐富，有明顯嘅油脂霜降，配埋壽喜燒汁同埋沾上蛋汁一齊食，口感超滑溜!!!
-
燒肉 LIKE 分店有售
 
@yakinikulikehk #燒肉LIKE香港 #yakinikulikehk #一人燒肉 #薩摩黑毛和牛 #和牛 #期間限定"
,OOULI,銅鑼灣,韓國菜,1480,拍拖約會,烤韓國頂級1++韓牛、章魚片·韓國橡子果凍配炸豆腐鱈魚籽三文治、釜山自家農田珍珠米飯·48小時鰻魚湯,https://www.instagram.com/p/DDooKrxPEpc/,DDooKrxPEpc,,"🇰🇷不一樣聖誕! 韓廚主理釜山Fine Dining🍴
-
地區分類：#fca_銅鑼灣
-
🔔影片聲音導航中

當人人都去潮聖最近超人氣Mosu餐廳，不如試下依間同樣主打韓式Fine Dining嘅餐廳✨ 而且仲食到同樣用橡子做嘅料理！餐廳由釜山大廚 @chefjimkim 坐鎮，嚟左香港11年，所以廣東話都講得唔錯🥰 除左邊食邊可以望到維港海景，食到嘅食材仲係大部分來自韓國！誇張到連用嘅米飯都係由釜山自家農田種值😱‼️ 依到用燒酒搭配菜式，絕對係另類fine dining嘅體驗!!!
-
✨ 𝐎𝐨𝐮𝐥𝐢 𝟗-𝐜𝐨𝐮𝐫𝐬𝐞𝐬 𝐭𝐚𝐬𝐭𝐢𝐧𝐠 𝐌𝐞𝐧𝐮 ($1480/pp)
-
ᴏᴏᴜʟɪ ʙᴜ ɢᴀᴋ
釜山海苔及濟洲海藻 

估唔到會以海苔打頭陣，經過紫酥油炸及三次風乾，食落酥脆！個人更愛濟洲海藻，整個味道更濃厚🥰 配以三色豆腐醬：原味/泡菜/菠菜～
*
ᴊᴀɢᴀʟ -ᴄʜɪ
韓國左口魚刺身·醬油蝦·醬油三文魚

左口魚味道清爽，所以建議食左先😌 口感有彈性；醬油蝦夠爽甜，真的很想配飯🤣
*
ᴅᴇᴜʟ ᴋᴋᴀᴇ - ᴊᴜᴋ
韓國蔬菜·韓牛·蜆肉·傳統粥

天氣凍食返碗暖笠笠嘅韓國粥也太幸福了吧❤️ 裏面加入左韓牛以及蜆肉，粥底係韓國食到嘅綿密Type，配上脆米片增加口感！
*
ʜᴀɴ - ɪᴘ
章魚片· 韓國橡子果凍 配炸豆腐鱈魚籽三文治

其中一款人氣招牌菜橡子果凍！立刻令人聯想起Mosu的橡子麵🤭 這裏的更能吃出橡子的味道，凍食口感Q彈而且味道清爽✨
*
ʙᴏ ʏᴀɴɢ - ꜱɪɢ
韓式參雞湯燴飯

韓式Risotto‼️ 面層嘅雞肉感覺係人參雞湯內煮左好耐，完美吸收湯汁嘅精華～ 食之前仲會噴上人蔘酒，令整體香味大大提升！有點可惜係燴飯嘅參雞湯味未算突出🫢
*
ᴊɪʟɪ - ᴛᴀɴɢ
海鮮清湯配烤釜山鮑魚

一道令人飲落很舒服嘅清湯🥄 完美襯托鮑魚嘅鮮味！
*
ᴊᴀɴ ᴄʜɪ
烤韓國頂級1++韓牛 (+$180)
/
36小時慢煮濟州黑毛豬五花

兩款主菜裏面，個入更推烤韓牛🐂 地位媲美A5 級和牛，肉質鮮嫩細膩，油份充足！黑毛豬五花肉配上芝麻葉以及韓式辣醬，就是韓國的風味啊🥰
*
ᴊɪɴꜱᴜ - ꜱᴜɴɢ ᴄʜᴇɴ
釜山自家農田珍珠米飯· 48小時鰻魚湯

超誇張!!! 以為普通一碗飯，但竟然係由自家農田運過嚟嘅珍珠米，再係店內進行脫殼，再用韓國蒸飯機蒸煮，口感濕潤而且好煙韌😍 搭配自家韓式小菜以及經過熬煮兩日嘅鰻魚湯，就是釜山食到嘅家庭味道❣️
*
ʜᴜ - ꜱɪɢ
糯米年糕窩夫餅配自製雪糕

最後以煙韌嘅糯米年糕窩夫作結尾～
-
OOULI (銅鑼灣)
銅鑼灣糖街25-31號Sugar+ 23樓"
,美滋鍋,旺角,火鍋,198-388,深夜食堂,膠原蛋白養顏美容鍋、澳洲M6+和牛、花膠、爆餡開心果糯米糍,https://www.instagram.com/p/DDwWqq0PwxZ/,DDwWqq0PwxZ,,"🐂平日爆場! $198起嘆火鍋+甜品放題🥢
-
地區分類：#fca_旺角
-
🔔影片聲音導航中

依間平時淨係做單點嘅新加坡過江龍火鍋店，竟然新推火鍋放題，分分鐘仲抵食過出面嘅火鍋放題店🤭 最平$198起就食到，超道120款火鍋配料及小食甜品飲品無限量供應！最誇張係宵夜放題無限時‼️😱 食到收鋪2AM好癲~ 好多人都讚佢哋嘅甜品Corner，超多款式，連最近大熱爆餡開心果糯米糍都有❤️ 近期臨近聖誕仲有聖誕小甜品添！依家冬日時間至31/1 午市都係無限時任食！
-
🥢 火鍋放題 ($198-$388/位)*
*一共5款火鍋放題套餐選擇 (A-E)
♦️E超值套餐 ($198/位): 全日供應· 定量肉類＋火鍋配料小食甜品吧
♦️D至專套餐 ($338/位- 晚市5-9:30PM): 此為影片介紹套餐，不同時段不同價錢～

✨餐目價錢 & 詳細Menu留言/ DM查詢✨
-
< 火鍋湯底 >

依到嘅火鍋湯底一向都好吸引! 而今次放題係有六款每日新鮮熬煮火鍋湯底💕 今次試左招牌膠原蛋白養顏美容鍋(+$70) 以及養生藥膳醉雞鍋！兩款湯都對女士們都好滋補，藥膳味夠突出～ 另外仲有養生香辣鍋/長生松茸野菌鍋/維他命C蕃茄玉米鍋/芫荽皮蛋鍋/特濃沙嗲/清涼解熱雪耳椰子鍋 (+$70)😱 當然仲可以加錢upgrade鴛鴦/四宮格！
*
< 特選鮮肉及海鮮 >
•美國PRIME牛下肩胛
•美國安格斯封門柳
•美國安格斯牛三角
•澳洲M6+和牛

D餐先有嘅4款牛🐂 個人建議可以主攻澳洲M6+和牛 & 美國牛下肩胛! 前者肉質軟腍，油脂會平均啲；下肩胛相對肉味濃啲，亦較有咬口❤️
*
< 火鍋自選配料 >
•新鮮肥鵝腸
•黑毛肚
•廣島蠔
•花膠
•牛舌
•鮮蝦

120多款火鍋配料任食🔥 蔬菜類要去返出面吧位自己拎，而海鮮類就要用Ipad自己點單～ 估唔到連花膠都有得Order，放入去膠原蛋白養顏美容鍋夠哂Match🤭 膠原蛋白感MAX!!!
*
< 火鍋配料小食甜品吧 >

除咗放咗火鍋配料、仲有唔少港式地道小食以及沙律菜～ 有冇人？好似我咁會食返碗碗仔翅 & 茶葉蛋🤣 另一焦點：聖誕甜品！因為當時臨近聖誕，所以有一系列聖誕造型甜品，例如泡芙聖誕樹、小雪人糯米糍、聖誕樹頭蛋糕等✨ 咁啱仲見到有爆餡開心果糯米糍 & 酥脆葡撻!!! 真係超級多款式～
*
< 飲品 >

飲品方面，除咗罐裝可樂外，係仲有啤酒、洛神花茶、竹蔗茅根馬蹄水供應🍻 咁先食得夠爽㗎嘛～
-
美滋鍋 (家樂坊) (旺角)
旺角登打士街56號家樂坊8樓803號舖"
,嫲嫲辣辣,尖沙咀,中菜,100-200,大班聚會,嫲嫲干鍋自選、砂鍋胡椒竹腸皇煮滑雞湯、砂鍋薑蔥生蠔爆脆魚片,https://www.instagram.com/p/DDjzZLMvBYa/,DDjzZLMvBYa,,"🔥冬日恩物! 瓦煲干鍋x沙鍋小菜🥢
-
地區分類：#fca_尖沙咀
-
天氣涼返啲，鐘意食辣嘅朋友推薦左依間藏於厚福街內嘅中菜✨ 差不多每枱必叫佢哋嘅自選瓦煲干鍋，40+配料選擇，特別啲有竹腸皇、鵝肚頂、豬脆骨、鴨下巴、鮑魚、豬鼻根等～ 啱哂同一班朋友Share，而且超級下飯的！
-
口水雞 ($68)
辣勁幾足夠嘅口水雞 🐓🌶️ 惹味但又唔會過於重口味，不知不覺會越食越多🤣
*
嫲嫲干鍋自選 ($128/5餸)
嚟到一定要點佢哋嘅招牌干鍋🔥 揀左鵝肚頂、竹腸皇、鮑魚、萵筍 & 牛肉！鵝肚頂即係鵝肚嘅位置，煙韌有口感🤭 竹腸皇係口感非常爽脆嘅豬腸，配上麻辣調味，香辣過癮！另外仲有孜然/醬燒/香辣選擇！所以唔食得辣嘅人都食得✨
*
•砂鍋胡椒竹腸皇煮滑雞湯 ($108)
•砂鍋薑蔥生蠔爆脆魚片 ($128)

佢哋嘅砂鍋菜式上枱夠哂熱辣辣❣️ 胡椒竹腸皇滑雞湯，湯頭充滿雞嘅精華，煲出嚟金黃色，冬天飲夠哂暖笠笠！另外薑蔥生蠔爆脆魚片收水收得幾好，醬汁沾面每塊魚片，而且魚肉都幾滑嫩🥰 份量幾多，啱哂配返碗飯🥢
-
嫲嫲辣辣 (尖沙咀)
尖沙咀厚福街9號地下J1號舖

#Mamaspicy #嫲嫲辣辣"
,ARIA,中環,意大利菜,998,拍拖約會,卡邦尼螺旋通心粉 配鵪鶉肉醬、香煎鵝肝 配紅酒煮梨、經典提拉米蘇,https://www.instagram.com/p/DD10UdlPqze/,DD10UdlPqze,,"🇮🇹聖誕攻略! 浪漫夜景意大利菜🥂
-
地區分類：#fca_中環 
-
倒數三日就到聖誕節🎄 親自公開中環區大家最愛嘅意大利菜之一！位於24層望到中環高空城市夜景✨ 仲有個户露天Area比大家飲返杯野夠哂有情調！平時仲有品嘗體驗菜單，$998/位就可以試匀5道菜！網上預訂，逢星期日至四單點A La Carte會有10% Off! 所以無論係慶祝聖誕節抑或情侶約會都咁啱！
-
< 𝐀𝐧𝐭𝐢𝐩𝐚𝐬𝐭𝐢 >
•香煎鵝肝 配紅酒煮梨 ($388)
鵝肝面層煎至焦脆，裏面仲係嫩嫩嘅感覺❤️ 配上用紅酒煮過嘅香梨 以及少量檸檬皮，有效減低整體嘅油膩感～

•油甘魚薄片 配柑橘油醋汁 ($248)
軟嫩嘅油甘魚刺身，搭配酸爽嘅柑橘汁🍊 開胃又提鮮！
*
< 𝐙𝐮𝐩𝐩𝐞 >
•香濃龍蝦湯 配鮮蝦他他、青檸 ($218)
濃厚嘅龍蝦湯，加上鮮蝦他他，鮮味Double Up 🔝 
*
< 𝐏𝐚𝐬𝐭𝐚 >
•卡邦尼螺旋通心粉 配鵪鶉肉醬 ($328)
充滿蛋香嘅卡邦尼通心粉😍 冇落忌廉，所以蛋味以及芝士味特別突出，而且掛滿每一粒通粉，口感亦煙煙韌韌的！
*
< 𝐒𝐞𝐜𝐨𝐧𝐝𝐢 >
•香烤澳洲肉眼牛扒烤大蒜 ($448)
主菜食牛扒先夠滿足🤭 靚靚嘅Grill Mark已經知燒得唔錯！顏色粉嫩，肉質偏軟腍～
*
< 𝐃𝐨𝐥𝐜𝐞 >
•經典提拉米蘇 ($98)
不能缺少嘅Tiramisu! 依到做到幾唔錯，咖啡與酒香並存，而且質感軟滑，愛了！🥄☕️
-
ARIA (中環)
中環蘭桂坊德己立街30-32號加州大廈24樓"
,Chalet des Alpes,中環,西式,,打卡必到,芝士火鍋,https://www.instagram.com/p/DDy62ypPTiL/,DDy62ypPTiL,,"🏔️ 快閃回歸! 阿爾卑斯小木屋餐廳⛄️
-
地區分類：#fca_中環 
-
事隔兩年，阿爾卑斯小木屋餐廳終於係今個聖誕快閃回歸 (16-29/12)❄️ 同以往一樣整個設計以飄滿雪山村內嘅溫暖小木屋為主題，好似去左歐洲滑雪之旅🏂 係室內暖笠笠咁食住芝士火鍋🫕 同朋友飲返杯Mulled wine~ 最後竟然仲有最徍滑雪裝束比賽!!! Book嘅時候見到唔係好多位淨，想試嘅就快手啦，如果唔係再要等下一年🫣
-
🌲 𝐂𝐡𝐚𝐥𝐞𝐭 𝐝𝐞𝐬 𝐀𝐥𝐩𝐞𝐬 𝐌𝐞𝐧𝐮
-
< 𝗘𝗡𝗧𝗥𝗘𝗘𝗦 >
•聖丹尼爾火腿·煙燻火腿·莎樂美腸·醃菜
•生菜沙律·脆煙肉·烚蛋·芥末油醋汁
•烤芝士·薯仔·醃酸瓜·醃珍珠洋蔥
*
< 𝗣𝗟𝗔𝗧 >
•芝士火鍋
*
< 𝗗𝗘𝗦𝗦𝗘𝗥𝗧 >
•朱古力撻配香緹忌廉
-
📍 𝐂𝐡𝐚𝐥𝐞𝐭 𝐝𝐞𝐬 𝐀𝐥𝐩𝐞𝐬
1F, 22 Staunton Street, SoHo"
,Lost Stars Livehouse Bar & Eatery,尖沙咀,西式,400-600,拍拖約會,黑松露薯條、日本刺身帶子雙色麵,https://www.instagram.com/p/DDeVIOlP_BF/,DDeVIOlP_BF,,"✨全港最有儀式感Livehouse餐廳🥂
-
地區分類：#fca_尖沙咀
-
之前一直有去大角咀Lost Star，好欣賞佢哋落力推廣一眾香港音樂以及創作人🥰 繼7月搬至尖沙咀，終於有時間睇一睇，支持一下 @liliforest.jpg (每次都睇佢，超好聽的🤭‼️) 逢星期五至日都有Live Music，大家可以揀啱自己曲風去聽！音樂演出日子特別容易Full，建議大家去網上Book定位先❤️
-
< 𝗦𝗡𝗔𝗖𝗞𝗦 >
•黑松露薯條 ($138)
•法式熱融蜂蜜芝士 ($168)
•海膽多士 ($108/pc)

大推一定要點黑松露薯條‼️ 新鮮炸起超香脆，面層鋪上黑松露醬，再點上靈魂巴馬臣芝士醬，送酒一絕！之前係舊店試過熱融蜂蜜芝士，但感覺冇之前咁好食了，蜂蜜嘅甜味唔太明顯🧀️🍯 雙層海膽多士，份量也太慷慨了吧，一啖過夠滿足！
*
< 𝗠𝗔𝗜𝗡 / 𝗣𝗔𝗦𝗧𝗔 >
•澳洲霜降M6和牛腹扒 ($388)
主菜和牛腹扒處理得幾唔錯，肉質軟嫩，肉味與油香並存🍴🐂 

•日本刺身帶子雙色麵 ($248)
見佢哋嘅Pasta都唔錯✨ 見最多人叫依款帶子雙色麵！三大粒刺身級鮮嫩帶子，意粉沾上滿滿嘅明太子忌廉汁，加上爽脆嘅蘆荀&蟹籽，添加唔少口感🥰
*
< 𝗗𝗘𝗦𝗦𝗘𝗥𝗧𝗦 >
•提拉米蘇 ($158)
香滑嘅Tiramisu，帶陣陣咖啡香味，個人覺得酒味再出啲就好了🤭
*
< 𝗖𝗢𝗖𝗞𝗧𝗔𝗜𝗟𝗦 >
•How long will I love you ($168)
混合新鮮菠蘿 + 紅桑子，所以飲落酸酸甜甜好Refreshing ✨ 啱哂女士們！

•No one but You ($268)
整個組合更豐富，以碟豆花Gin做Base，倒入自家製伯爵茶糖漿，飲落係清爽Type🌿
-
Lost Stars Livehouse Bar & Eatery (尖沙咀)
尖沙咀河內道18號K11購物藝術館2樓222A號舖"
,JW咖啡室,金鐘,自助餐,,打卡必到,澳洲花膠、原隻南非鮑魚、脆皮乳鴿、即切片皮鴨、MÖVENPICK焦糖燉蛋雪糕,https://www.instagram.com/p/DKrhvxQzdrR/,DKrhvxQzdrR,,"可能係全港最豪華自助餐?! 回本Pick:任食鮑魚/波士頓龍蝦/片皮鴨

被譽為最強熱葷Buffet🍽️，JW咖啡室真係名不虛傳！話佢係全港最豪華自助餐都不為過🙂‍↕️～

熱葷一向係依到嘅重頭戲🔥，有超多選擇，任食超厚身嘅澳洲花膠，入口膠原蛋白Max😯！Q彈嘅澳洲烏參、原隻南非鮑魚都係無限任食，包你食到滿足😋～燒味方面，必食脆皮乳鴿同即切片皮鴨😎，連海南雞都有驚喜，雞肉夠嫩滑之餘，雞皮下面真係有層啫喱💦，勁邪惡！

刺身方面，比較特別嘅有象拔蚌🤩，食落爽甜絕對可以encore！其餘刺身正常發揮​～凍海鮮方面都幾齊全，連少見到嘅花蟹同麵包蟹都有🦀，雪蟹腳亦可以完整地成條拎出嚟，唔會過鹹😝～

食buffet當然唔少得甜品🍨，佢哋提供接近15款自家製小甜品選擇，但一定一定要食MÖVENPICK Creme Brulee焦糖燉蛋雪糕🍦，平時好少見！真係好好食🥹～

依家去新假期必吃食店大獎網頁，可以投票支持你嘅心水餐廳之餘🗳️，仲可以攞「今餐加餸」優惠🤑～投票支持JW咖啡室，會免費送灸燒鵝肝壽司1件🍣，或者香草牛油焗大蝦1件🦐～6月15號活動就完喇，要把握機會啊🧡～

JW咖啡室 (金鐘)
地址：金鐘金鐘道88號太古廣場香港JW萬豪酒店5樓

影片來源：@foodcafealcoholic
===================
#新假期飲食 #周末逃離計劃 #假期帶你玩 #做足準備 #焦糖布甸 #新假期必吃食店大獎2025 #今餐加餸 #JW咖啡室 #金鐘 #金鐘美食 #自助餐 #鮑魚 #波士頓龍蝦 #片皮鴨 #熱葷 #甜品 #刺身 #象拔蚌 #乳鴿 #花蟹 #麵包蟹 #海南雞"
,銀座炎蔵燒肉,荔枝角,日本料理,400-600,打卡必到,夏多布利朗、和牛西冷薄切大判燒、炎藏和牛「極致」6點拼盤、厚切牛舌芯,https://www.instagram.com/p/DCoRdhVP95R/,DCoRdhVP95R,,"🇯🇵隱藏菜單! 東京過江龍の和牛燒肉店🐂
-
地區分類：#fca_荔枝角
-
🔔影片聲音導航中

嚴選九龍性價比最高燒肉店！唔使飛日本，更加唔使出港島就食到正宗日本和牛燒肉😱‼️ 依間來自東京銀座嘅燒肉店，係每次去荔枝角必食嘅寶藏餐廳，全店使用A4黑毛和牛，比係中環食同樣質素嘅燒肉價錢跟貼地✨偷偷同大家分享熟客先知嘅隱藏菜單* 更有策略食盡和牛唔同嘅稀有部位！

*Off-Menu 食物需至少早一日電話訂座要預訂
-
< 隱藏菜單 >

•夏多布利朗 (厚切牛柳) ($428/100G)
整頓飯期待已久嘅焦點🤤❤️ 平時菲力已經被譽為牛肉最嫩嘅部位，而「夏多布利朗」係取自菲力嘅中心位，即係雙倍軟嫩感!!! 中間呈誘人嘅粉紅身，油脂感唔會太重，食得好舒服！
*
•和牛西冷薄切大判燒 ($238)
每次大判燒一定最期待佢嘅火焰效果🔥 和牛西冷係後腰脊肉，近臀部位置，所以油份照樣充足而且分佈平均～ 薄切嘅關係所以輕輕一燒即可！油脂多到啲火燒得超高😱 沾上蛋汁一齊食口感非常軟嫩滑溜！

•和牛壽喜燒 ($388)
非一般嘅壽喜燒‼️ 用上只佔一隻牛5-6%嘅和牛三筋肉 (肩胛骨內側位置)，極為罕有！所以唔怪得要提前預訂🥢 油花會較少，但肉味就相對較濃，配返壽喜燒就剛好唔會過膩～

•和牛三筋肉 ($298)
上面提及過嘅三筋肉，配上袐製番茄醬，令整個牛肉口感更加水嫩多汁！亦能一減和牛嘅油膩感🐂🍅

厚切牛舌芯($138)
係完全入口非常爽彈，一啲筋位都冇嘅牛舌芯🥹✨ 中間仲保持到非常粉嫩，洗乜係出面排隊食，喺度食就可以了🤣
*
炎藏和牛「極致」6點拼盤 ($588)
另外一款長駐Menu嘅人氣拼盤，集齊多個A4和牛稀有部位，包括和牛鞍下、和牛芯芯、和牛笹身、和牛上等肋肉、和牛貝身 以及 和牛羽下✨ 講到霜降最靚嘅一定係羽下以及貝身位置，完全係入口即化，口感超柔軟😍 如果鐘意重油花嘅會建議試上等肋肉，每一啖都係滿滿嘅油香!!!
*
清酒任飲 (+$198/位)
食燒肉點可以唔飲嘢?! 仲要係加$198可以120分鐘無限暢飲5款出名嘅清酒，包括朝日鷹/鳳凰美田/大嶺三粒米/榮光富士熊/作穂乃智 (識飲清酒嘅都知唔差😎) Highball 以及日本生啤🍻 另外仲有16款無酒精飲品暢飲～
-
銀座炎蔵燒肉 (荔枝角)
荔枝角長義街9號D2 Place ONE 3樓302號舖"
,嘉多利餅屋,何文田,甜品,10-25,打卡必到,開心果麻糬布甸,https://www.instagram.com/p/DDO3nr-P2s2/,DDO3nr-P2s2,,"✨購買攻略! 嘉多娜新出麻糬布甸✨
-
地區分類：#fca_何文田
-
嘉多娜竟然推出左Mini版布甸麵包，仲要有開心果口味?!😱❤️ 私人攻略教大家點買!!! 幫大家問過暫時只有何文田/佐敦分店有售，所以唔洗去油麻地店了～ 差不多1:30PM出爐 (只會出一轉喔) 
一共4款口味，必搶開心果麻糬布甸‼️ 開心果味超濃郁，味道接近之前介紹過嘅Vission Bakery，但Size細啲更容易Handle🤭 暫時未見佢有寫限購，所以想試嘅朋友仔就快手啦～
-
開心果麻糬布甸 ($13/1, $25/2)
朱古力麻糬布甸($13/1, $25/2)
紫薯麻糬布甸($13/1, $25/2)
原味麻糬布甸 ($10/1)
-
嘉多利餅屋 (何文田)
何文田窩打老道69號地下C2號舖"
,Sundazed Matcha,中環,甜品,50-100,打卡必到,抹茶配白朱古力抹茶啫喱新地、招牌玉露焙茶配焦糖脆脆新地,https://www.instagram.com/p/DC82NSwv-z0/,DC82NSwv-z0,,"🍵茶控必訪! 新開宇治抹茶新地店✨
-
地區分類：#fca_中環 
-
天氣凍返啲即係代表又係食雪糕嘅好時候🤭 最近返工經過見到依間新開，主打抹茶新地嘅雪糕店～ 單單係新地就已經有15款選擇✨ 主要係宇治抹茶/玉露焙茶/北海道牛乳雪糕，再配搭上唔同Toppings！整體超推佢哋嘅抹茶雪糕，味道濃郁而且質感厚身，做到黏稠拉絲感覺❤️🥹 
-
•招牌北海道牛乳配草莓芝士蛋糕新地 ($56)
•招牌玉露焙茶配焦糖脆脆新地 ($56)
•抹茶配白朱古力抹茶啫喱新地 ($56)

三款新地裏面個人偏愛抹茶·白朱古力·抹茶啫喱新地，軟滑嘅抹茶雪糕再加上QQ嘅抹茶啫喱好過癮🥰 幾好嘅係白朱古力醬唔會過甜，但感覺可有可無🤣 玉露焙茶雪糕同樣幾香茶味，與焦糖脆脆意外地Match! 
*
•招牌奶蓋抹茶拿鐵 ($45)
•抹茶冰沙配抹茶新地 ($45)

另外心郁郁試埋兩杯抹茶飲品🥰 幾鐘意抹茶拿鐵上層輕盈嘅奶泡，質感幾綿密，帶抹茶清香；超邪惡嘅抹茶冰沙+抹茶新地組合🌱 雪糕同樣高質地發揮，可惜位係沙冰偏甜而且茶味欠奉🤔
-
Sundazed Matcha
100 Queen‘s Road Central, Hong Kong"
,Lobster Shack,西營盤,西式,388-500,打卡必到,龍蝦奶油芝士焗通心粉,https://www.instagram.com/p/DDElDn9Prkf/,DDElDn9Prkf,,"🦞龍蝦餐廳! 最強拉絲Mac n Cheese🧀
-
地區分類：#fca_西營盤 
-
竟然比我揾到可以挑戰世界紀錄級嘅拉絲Mac n Cheese 😱‼️ 偷偷話你知隱藏係西營盤嘅龍蝦餐廳內，除左有一系列龍蝦海鮮菜式，佢哋嘅龍蝦Mac n Cheese係個人食過嘅Top 3 ，雙重芝士+瀑布級拉絲好邪惡🥹 而且見到星期一叫第二個龍蝦菜式仲有半價優惠，性價比都唔錯～
-
🦞 𝐒𝐞𝐭 𝐃𝐢𝐧𝐧𝐞𝐫 𝐌𝐞𝐧𝐮 ($388/pp)
-
< 𝗘𝗡𝗧𝗥𝗘𝗘 𝗣𝗟𝗔𝗧𝗧𝗘𝗥 >
•新鮮生蠔·三文魚餅
當日係來自愛爾蘭嘅生蠔🦪 夠鮮甜爽嫩！三文魚餅外層酥脆，但入面偏乾身～
*
< 𝗦𝗧𝗔𝗥𝗧𝗘𝗥𝗦 >
•海陸雙拼 (+$98)
半隻烤龍蝦 拼澳洲草飼肉眼牛扒🥩🦞 咁嘅組合真係太邪惡了吧!!! 龍蝦肉質結實，肉眼牛扒煎至剛好的Medium Rare粉嫩感～ 個薯條最有驚喜，放左半個鐘都keep住好香脆🤩 另外亦有原隻龍蝦配薯條選擇！

•龍蝦奶油芝士焗通心粉
超誇張嘅拉絲Mac n Cheese 🧀 打入個人最愛Mac n Cheese之一！首先用上兩款Mozzarella cheese，有芝士嘅鹹香之餘，仲有澎湃嘅拉絲效果😍❤️ 裏面仲加左龍蝦湯以及龍蝦肉，加上煙韌嘅通心粉，絕對會為左依個再訪!!!
*
< 𝗖𝗛𝗘𝗙 𝗗𝗘𝗦𝗦𝗘𝗥𝗧 >
•香蕉拖肥批
所有甜品都係主廚自家製✨ 今次試嘅Banoffee Pie，裏面嘅拖肥竟然可以做到流心效，裏面亦有唔少新鮮香蕉🍌 整體比出面食到嘅更Light~
-
Lobster Shack (西環)
西環西營盤高街48-78號恆陞大樓地下"
,ASOK THAI GARDEN,尖沙咀,泰國菜,200-400,打卡必到,冬蔭功大頭蝦意粉、芒果糯米飯甜筒、泰北蟹肉金湯烏龍麵,https://www.instagram.com/p/DClrrBvP0Uo/,DClrrBvP0Uo,,"🇹🇭最嘆人生! 度假風新派泰國菜🌿
-
地區分類：#fca_尖沙咀
-
如果唔係朋友帶路，都唔知平時見到排晒長龍嘅餐廳原來係食泰國菜😱❤️ 裏面重要設計成泰國度假Villa咁～ 今次超搶手嘅榻榻米位就Book唔到，但其實中間嘅藤椅+太陽傘位置都唔錯🤭 一旁仲有吧枱位置，夜晚就咁飲番杯佢哋嘅泰式系列Cocktails都夠哂Chill🍹除咗環境啱晒打卡，佢哋嘅菜式都非常IGable，而且口味偏Fushion～ 想試嘅朋友仔記住一定!!!一定!!! 要book位🤣!!!
-
< 𝗔𝗣𝗣𝗘𝗧𝗜𝗭𝗘𝗥 / 𝗦𝗢𝗨𝗣 >
•冬陰功海鮮湯 ($138)
•泰式生蝦刺身 ($98)

兩款經典泰國菜❤️ 冬陰功湯有大頭蝦、菇等配料，味道就正常發揮，感覺可以再做得重味啲～ 生蝦刺身幾結實爽彈，但個靈魂泰式海鮮醬嘅酸辣感可以再加重啲🤭 咁就更開胃了！
*
< 𝗠𝗔𝗜𝗡 / 𝗣𝗔𝗦𝗧𝗔 >
•馬莎曼牛臉頰配刈包 ($218)
•冬蔭功大頭蝦意粉 ($158)
•泰北蟹肉金湯烏龍麵 ($158)

網上見最多人叫一定係依款冬蔭功大頭蝦意粉🦐 冬蔭功酸酸辣辣幾過癮，而且掛滿每一條意粉，但感覺香料味可以再突出啲~ 另外一款比較特別嘅泰北蟹肉烏龍麵，麵條QQ的非常有彈性，面層仲鋪上唔少蟹肉！用嘅泰北風味咖喱醬汁比想像中Light~
*
< 𝗗𝗘𝗦𝗦𝗘𝗥𝗧 >
•芒果糯米飯甜筒 ($68)
雪糕筒造型芒果糯米飯🥭 新鮮芒果配上煙韌糯米飯，最後再加上大大球椰子雪糕，太滿足了～

•焦糖榴蓮撻配雪糕 ($78)
自家製榴蓮撻，面層有薄薄嘅焦糖脆面，中間係榴蓮蓉內餡 (如果份量再多啲就更好🤭) 好彩仲有球榴蓮雪糕加持！
*
< 𝗖𝗢𝗖𝗞𝗧𝗔𝗜𝗟 >
•Phuket ($98)
•Pattaya ($98)

一系列以泰國為靈感嘅Cocktails✨ 唔少仲係以泰國地道名命名～ 好似依杯𝐏𝐡𝐮𝐤𝐞𝐭 布吉島，以Rum做Base，加入接骨木花以及青檸汁，酸酸甜甜，好Refreshing ！令人聯上起布吉嘅陽光活力感☀️ 另一杯𝐏𝐚𝐭𝐭𝐚𝐲𝐚 芭堤雅，好似海洋一般嘅顏色，以Tequila + 椰奶做Base，杯邊仲有爆炸糖作點綴，幾特別🌊
-
ASOK THAI GARDEN (尖沙咀)
尖沙咀亞士厘道37號地舖"
,Pepper Lunch,,日本料理,258,拍拖約會,黑毛和牛薄切牛扒配飯、黑毛和牛黑椒飯,https://www.instagram.com/p/DDPMfgOPT2_/,DDPMfgOPT2_,,"🇯🇵限定推出! 激安和牛の饗宴🐂
-
竟然唔洗三百蚊就食到二份來自日本嘅黑毛和牛😱‼️ Pepper Lunch 首度推出日本黑毛和牛系列-「和牛の饗宴」(即日起至 2025 年 1 月 5 日)，首次選用來自鹿兒島嘅黑毛和牛肩胛肉，油脂感MAX，而且柔嫩多汁～

依家會員以正價買鐵板料理套餐仲送Pepper Lunch聯乘日清食品炮製全新即食撈麵一個：黑椒牛肉配蒜香醬油味即食撈麵 / 芝士醬漢堡扒配咖喱味即食撈麵🤩 返到屋企都食到Pepper Lunch 2大經典風味！
-
🐂「和牛の饗宴」二人套餐 ($258)
•黑毛和牛薄切牛扒配飯
•黑毛和牛黑椒飯
•飲品、季節湯及雪糕(各 2 份)

二人套餐一次過試匀2款新出黑毛和牛Items‼️鹿兒島黑毛和牛薄切牛扒有驚喜，油脂感豐富而且肉質軟嫩，用鐵板可以控制返個熟度，帶返少許粉嫩感就剛剛好🤭❤ 另外黑毛和牛黑椒飯係惹味之選，飯粒充滿牛脂香氣，加上醬汁調味，輕鬆食哂成個飯! 
*
✨會員限定福利✨
於 2024 年 12 月 6 日至 19 日期間，Pepper Lunch 會員凡於指定分店以正價惠顧任何鐵板料理套餐，即可免費獲得日清聯乘 Pepper Lunch 經典鐵板料理口味即食撈麵*一個(兒童餐除外)🥳

*即食撈麵不設單售，數量有限，送完即止
-
Pepper Lunch 各分店有售

#pepperlunchhk #SizzleItYourWay #和牛の饗宴#鹿兒島 #黑毛和牛薄切牛扒 #黑毛和牛黑椒飯 #即食撈麵 #黑椒牛肉配蒜香醬油味即食撈麵 #芝士醬漢堡扒配咖喱味即食撈麵"
,Tipsy Restaurant & Bar,大坑,西式,300-500,大班聚會,$10生蠔、黑松露燒春雞、海膽意粉,https://www.instagram.com/p/DDB-hzTPQAo/,DDB-hzTPQAo,,"🍹$10生蠔! 高性價比誠意西餐廳🍴
-
地區分類：#fca_銅鑼灣
-
港島都食到$10/隻新鮮生蠔😱❤️ 依間最近人氣急升嘅西餐廳，主打創意歐陸菜～ 大家應該都係IG見過佢哋嘅招牌泡沫海膽意粉 & 雙重黑松露烤雞😍 真係超吸引！見到佢哋Happy Hour仲有做買一送一優惠，加上餐廳户外露台，幾適合同朋友Gathering~
-
< 𝗦𝗠𝗔𝗟𝗟 𝗣𝗟𝗔𝗧𝗘𝗦 >
•Freshly Shucked Oysters ($10/1Pc)
幾乎每枱都會叫$10生蠔 (每人限叫五隻)！當日來自法國🦪🇫🇷 肉質幾飽滿爽甜，依個區而言算係好抵玩～

•Truffle Toast with Param Ham & Mozzarella ($98)
黑松露巴馬火腿多士✨ 外層烘得超級香脆，裏面係鹹香嘅巴馬火腿 & 芝士，加上黑松露醬嘅加持，送酒一流!!!

•Yellowfin Tuna Tartare with Watermelon ($168)
吞拿魚他他配西瓜依個組合之前都有試過🍉 係意外地Match! 但西瓜個比例再減低返少少會更好～ 但整體幾清新開胃！
*
< 𝗠𝗔𝗜𝗡𝗦 >
•Sea Urchin Pasta ($288)
人氣Item- 海膽意粉🧡 面層放上入口即溶嘅海膽，再配上茴香泡沫、飛魚子以及海膽醬，味道比上像Light~ 如果醬汁嘅海膽味再濃啲會更開心🥳
*
< 𝗦𝗛𝗔𝗥𝗜𝗡𝗚 >
•Roasted Spring Chicken Stuffed with Black Truffle ($328)
餐廳招牌- 黑松露燒春雞‼️ 外皮烤得金黃，再用上迷迭香以及蘋果木煙燻！最特別係除左會係烤雞上面刨上黑松露，連雞皮下層都搽上黑松露醬，所以內外都散發松露嘅香氣🥰 雞肉亦做到軟嫩帶肉汁～
*
< 𝗗𝗘𝗦𝗦𝗘𝗥𝗧𝗦 >
•Pistachio Mille-feuille w/ Pistachio Ice Cream ($88)
金黃酥脆嘅千層酥，夾住香滑嘅開心果醬，再配上開心果雪糕，加上酸酸甜甜嘅紅莓醬作點綴，甜品控表示很滿意😍

•Baked Coconut Alaska with Malibu & Shredded Coconut ($98)
慶祝一流，而且充滿儀式感嘅火焰雪山🔥 裏面比較特別嘅係用上自家製椰子雪糕，所以食落比一般嘅冇咁heavy🥥
-
Tipsy Restaurant & Bar (大坑)
大坑銅鑼灣道98號1樓"
,Sepoy Mess,尖沙咀,印度菜,100-200,打卡必到,Chicken Tikka Masala (配蒜蓉Naan)、Pistachio Kulfi,https://www.instagram.com/p/DC1HzjwPjU9/,DC1HzjwPjU9,,"🇮🇳還原印度軍隊食堂! 新開英式印度菜⚔️
-
地區分類：#fca_尖沙咀
-
襯住新開好快啲去! 依間主打英式印度菜嘅餐廳，同係PMQ嘅超人氣意粉扒房PASTEAKO同一集團‼️ 整個設計靈魂來自英屬印度軍隊食堂，所以會見到唔少槍械佈置✨ 環境空間感十足，兩層高，更有Outdoor Area，天氣涼涼地坐出面夠哂Chill~ 食物質素唔錯，幾有驚喜嘅係仲有開心果甜品🤭 
-
🇮🇳 𝐋𝐮𝐧𝐜𝐡 𝐒𝐞𝐭
-
< 𝗦𝗧𝗔𝗥𝗧𝗘𝗥𝗦 >
•Aloo Tikki Chaat
印度薯仔煎餅，口感香脆，配上鷹嘴豆泥、薄荷醬以及乳酪，酸酸甜甜非常開胃✨

•Prawns 65
炸過嘅大蝦沾上滿滿嘅Kashmiri 辣椒醬🌶️ 辣勁十足，夠哂過癮～
*
< 𝗠𝗔𝗜𝗡𝗦 >
•Chicken Tikka Masala ($148)
大推瑪莎拉烤雞咖哩‼️香料味突出，用上煙燻過嘅雞腿肉，所以肉質嫩嫩的！可以選擇跟配印度烤餅Naan / Roti / 印度香米。但私心大推要試佢哋嘅蒜蓉Naan，軟熟帶蒜香！

•Crispy Chicken Burger ($188)
印度風味炸雞漢堡🐓 比較特別係炸雞用上印度香料瑪莎拉醃製，所以真係比較Fushion嘅菜式～味道上未有太大驚喜，價錢亦較進取🫢
*
< 𝗗𝗘𝗦𝗦𝗘𝗥𝗧𝗦 >
•Pistachio Kulfi ($98)
開心果印度雪條😍 口感軟滑而且幾濃開心果味！亦唔會好似一般印度甜品咁過甜過膩～ 另外仲有開心果巴斯克蛋糕，食印度菜都可以捉緊開心果熱潮🤣

•Sticky Toffee Pudding ($138)
之前係米芝蓮一星Punjab Club都食過相同甜品- 英式太妃糖布丁！只可以說沒有對比沒有傷害😂 味道其實是不錯的，正常發揮吧～
-
Sepoy Mess (尖沙咀)
尖沙咀柯士甸道西1號ELEMENTS圓方3樓R008號舖"
,唐閣,尖沙咀,中菜,,打卡必到,蜜汁餞叉燒、砵酒釀焗斑球、川貝蘋果燉雪燕,https://www.instagram.com/p/DDKFpQrPjjE/,DDKFpQrPjjE,,"🌟30秒攻略! 低至半價*食酒店米芝蓮🥢
-
朗廷酒店集團旗下酒店米芝蓮低至半價* + 人氣自助餐低至一折* 竟然冇人講😱?! 唐閣、明閣、逸東軒等米芝蓮星級餐廳都試到，簡直係摘星嘅好時候～ 大家成日去食自助餐嘅The Place、The Food Gallery、普慶餐廳都有優惠!!! 

立即登記成為會員去搶優惠！
✨用以下連結 
👉🏻 𝗵𝘁𝘁𝗽𝘀://𝗯𝗶𝘁.𝗹𝘆/𝗕𝗿𝗶𝗹𝗹𝗶𝗮𝗻𝘁𝗘𝗮𝘁𝘀𝗫𝗙𝗖𝗔
或 按Profile Bio Link，送你500迎新積分，比你憑分兌換餐飲禮券‼️ ( 逢星期五中午12時，準時開搶! ) 仲有會員限定Menu添~
**記得用以上連結登記先有迎新積分㗎！
-
🥢 朗廷卓逸會尊享午餐
-
•唐閣精選點心
•金湯蟹肉海皇羹
•砵酒釀焗斑球
•⻩耳如耳荷葉飯
•川貝蘋果燉雪燕
•濃香芝麻卷、酥皮雞蛋撻

唐閣精選點心已經可以一次過食匀：筍尖鮮蝦餃、鮮豚肉燒賣、黑松露野菌餃、原隻鮑魚花膠酥、蒜香鮮蝦春卷以及蜜汁餞叉燒✨ 
佢哋嘅招牌叉燒果然唔講得笑，鬆軟肉嫩，而且肥瘦均勻❤️🤭 
砵酒釀焗斑球亦有驚喜！外層炸得酥脆，沾上香甜砵酒汁～上層係魚肉，而下層係爽彈蝦膠，口感層次愛了～ 
甜品川貝蘋果燉雪燕好啱秋天乾燥嘅天氣🍎 蘋果仲保留到爽脆嘅口感，加上雪燕加持，非常滋潤！
-
*受條款及細則約束，詳細請查閱 朗廷卓逸會 官方網站
-
唐閣 (尖沙咀)
尖沙咀北京道8號香港朗廷酒店

#BrilliantbyLangham #BrilliantEats #BrilliantFriday #會員狂饗全城開搶 #自助餐 #酒店自助餐 #下午茶 #星級中菜 #唐閣 #明閣 #逸東軒 #米芝蓮"
,三和敘,九龍城,日本料理,1290,拍拖約會,澳洲黑邊鮑魚,https://www.instagram.com/p/DDRx-OBvmkh/,DDRx-OBvmkh,,"🇯🇵滿足度MAX! 巨大化鮑魚の鐵板燒🔥
-
地區分類：#fca_九龍城
-
去九龍城唔係食泰國菜，而係食該區少有高質日本菜✨ 二訪依間佔地三層嘅日本料理餐廳，集齊壽司+鐵板燒+爐端燒!!! 今次帶媽媽衝住佢哋嘅黑邊鮑魚鐵板燒而來，除左食足十品，仲係有大過手掌嘅生猛黑邊鮑魚😱 仲有一系列海鮮，例如馬友 & 北海道帶子。Overall整體質素不錯，坐得亦夠舒服！
-
鐵板燒一品
𝐓𝐞𝐩𝐩𝐚𝐧𝐲𝐚𝐤𝐢- 𝐒𝐡𝐢𝐧𝐚 ($1290/pp)
-
煙燻珍味前菜
首先以蘋果木煙燻過嘅鮑魚以及黑梅貝打頭陣，加上酸甜嘅漬物，用作開胃之用✨
*
黑魚子醬蒸蛋
水嫩蒸蛋，配上海帶醬以及黑魚子～
*
澳洲黑邊鮑魚（* 必須二人起）
去左個殼都大過成隻手掌嘅鮑魚✋🏻😱 而且仲要超生猛!!! 鮑魚切成薄片，用鮑魚肝醬煎香，口感意外地爽彈❤️ 簡直係全晚嘅Highlight位～
*
馬友配松露海膽醬
馬友嘅魚皮煎至薯片咁薄脆，魚肉結實，配上加左黑松露嘅海膽醬，有提鮮嘅作用🐟
*
北海道帶子配摩利菌汁
兩面煎得均勻，口感Q彈，配上海膽，鮮上加鮮🥰
*
有機野菜沙律
*
美國安格斯 (厚燒/薄燒)
一向個人比較鐘意厚燒😎 更能食得出牛肉嘅軟嫩感！一旁仲配上多款調味，味道上可以有更多變化～ 另外仲可以Upgrade至和牛熊本牛柳/和牛佐賀西冷！
*
黑松露和牛炒飯
*
季節清湯
*
甜品
當日為抹茶奶凍🍵
-
三和敘 (九龍城)
九龍城福佬村道46號地舖"
,咖啡廊 / The Patio Bar,紅磡,Cafe,160-200,打卡必到,川寧金秋馥郁茶韻下午茶、香橙仕女伯爵紅茶蛋糕、熱情果芒果香橙紅茶果撻,https://www.instagram.com/p/DCTFi-_PfJr/,DCTFi-_PfJr,,"🍃茶品入饌! 聯乘TWININGS下午茶🫖
-
地區分類：#fca_紅磡
-
折後人均$160就可以坐係酒店，望住維港海景嘆英國皇家御用茶葉下午茶?!😍❤️ 最近都會海逸酒店聯乘TWININGS，推出秋冬限定3層下午茶～
-
6款甜品全部用上一系列TWININGS醇香茶品入饌✨ 仲有兩款打卡一流嘅Twinings茶品特調特飲！隨時仲有機會拎埋Twinings小茶盒返屋企添🤭
-
🫖 川寧金秋馥郁茶韻下午茶 ($398/2位)*
•⁠ ⁠供應日期: 即日起至12月31日 (公眾假期除外)
•⁠ ⁠供應時間: 週一至週五 下午3時至5時
•⁠ ⁠於都會海逸酒店eShop預訂可享8折優惠/惠顧第二套下午茶可享5折優惠 (共四位用) 。每天首5套惠顧可Twinings小茶盒乙份^
-
< 甜點 >
•茉莉綠茶朱古力慕絲蛋糕
•伯爵茶芝士蛋糕
•白桃蜜桃紅茶拿破崙
•薄荷花茶青蘋果慕絲蛋糕
•香橙仕女伯爵紅茶蛋糕
•熱情果，芒果，香橙紅茶果撻
•英式鬆餅

6款小甜點分別用上唔同TWININGS茶品入饌✨ 個人最愛香橙仕女伯爵紅茶蛋糕，蛋糕以Twinings伯爵茶粉製成，頂層再以Twinings香橙仕女伯爵紅茶果凍作點綴，茶香突出🥰 另外熱情果搭配芒果嘅香橙紅茶果撻意外地清新，酸酸甜甜，裏面仲食到茶香寒天～
*
< 鹹點 >
•吞拿魚腩茸青瓜杯
•巴馬火腿多士

巴馬火腿配上酥脆嘅吐司一齊食，再配返啖茶剛剛好☺️ 用青瓜杯裝住嘅吞拿魚腩茸，添加左唔少口感～
*
< 飲品 >
•Fruits Candy
•Autumn Garden

幾鐘意飲品選擇夠多！除左3款精選Twinings鉑金茶飲、氣泡酒、多款即磨咖啡，仲有2款限定Twinings特飲😍 Fruits Candy係以士多啤梨香芒花草茶，配搭草莓果蓉調製嘅Mocktail；而Autumn Garden混合了蘋果檸檬汁 & Gin調製嘅Cocktail，兩者味道都係酸酸甜甜，非常清新✨
-
咖啡廊/ The Patio Bar (紅磡)
紅磡都會道7號都會海逸酒店7樓

訂座及查詢詳情: (電話) 𝟑𝟏𝟔𝟎 𝟔𝟖𝟖𝟎 (電郵) fnb.hpme@harbour-plaza.com
*價目需另設加一服務費
^禮品數量有限，送完即止

#Twiningshk #都會海逸酒店 #下午茶
@twiningshk @harbour_plaza_metropolis"
,Tea WG / THE MATCHA TOKYO / 春水堂,太古,Cafe,42-148,打卡必到,抹茶特濃咖啡鮮奶、焙香麵茶珍珠鮮奶茶、冷熱香茗配馬卡龍,https://www.instagram.com/p/DB8ex09v-Qq/,DB8ex09v-Qq,,"🍁 秋日滋味賞· 暢飲太古城中心 🧡
-
地區分類：#fca_太古
-
秋天除左天氣轉涼左，原來食嘢都會變平左？😏 太古城中心係10月至11月期間舉行嘅「秋日滋味賞」，大家食完嘢賺取會員積分後，可以轉為LIVE+ Dollar，再係場內參與商戶當現金咁用，即係越食就越抵✨ 今次帶大家橫掃太古城中心，飲匀英式茶、抹茶 & 台式珍珠奶茶🧋！
-
🍁 太古城中心「秋日滋味賞」
🍂推廣日期: 10 月 14 日至 11 月 10 日
-
🫖 𝐓𝐞𝐚 𝐖𝐆
世界奢華茶葉品牌Tea WG，除了有茶葉、茶具買之外，仲有100+款冷熱香茗外帶飲料！由店員專業地以特別嘅沖泡方法製作醇香茗茶，並且有冷熱選擇，每杯HK$48/450ml ✨ 另外仲可以加配6件裝馬卡龍/茶香糕點做個Combo Set，價錢由$148起💛
-
Tea WG Boutique
太古城中心2樓257號舖
*
🍵 𝐓𝐡𝐞 𝐌𝐚𝐭𝐜𝐡𝐚 𝐓𝐨𝐤𝐲𝐨
抹茶控最愛嘅日本抹茶品牌THE MATCHA TOKYO🍃年輕茶師駐場，仲可以體驗日本茶文化和儀式！ 主打一系列有機特濃抹茶製品，其中包括抹茶飲料、雪糕、芭菲、croffle等甜品！個人最愛佢哋嘅抹茶特濃咖啡鮮奶 ($48)，茶香以及咖啡香味並存🥰 人氣Top 1 嘅抹茶鮮奶 ($42) + 抹茶特濃咖啡啫喱芭菲 ($68) 簡直係完美組合，茶香突出，互相balance返個甜味～ 惠顧任何飲品可以優惠價追加新出嘅開心果牛角包窩夫 (+$48)
-
THE MATCHA TOKYO
太古城中心3樓308號舖
*
🥢 𝐂𝐡𝐮𝐧 𝐒𝐡𝐮𝐢 𝐓𝐚𝐧𝐠 春水堂
被譽為台灣珍珠奶茶始祖嘅春水堂，係 7月份以「阿嬤的古早味」為主題推出一系列限定菜式 🇹🇼 其中包括2款全新飲品：焙香麵茶黑糖豆花鮮奶茶 & 焙香麵茶珍珠鮮奶茶！以傳統工法炒製嘅麵茶粉與醇厚鐵觀音茶湯結合，帶陣陣米焙香及茶香❤️ 上個月仲有4款新口味便當推出，配返杯珍珠奶茶就最好不過！
-
春水堂
太古城中心1樓102號舖
-
🍁 賺取 LIVE+ Dollar方法
•登記成為LIVE+會員
•於推廣期間到太古城中心、太古城及太古坊指定餐飲商戶以單一電子貨幣消費滿指定金額，即可獲指定LIVE+積分
•LIVE+積分可以換領禮品或當作LIVE+ Dollar使用
•每一 LIVE+ Dollar 可於指定商戶內當作$1現金享用
‼️ 使用 DBS Eminent Card 簽賬，更可獨家獲得雙倍積分

#CityplazaHK #LIVEHAPPY快樂識放
#秋日滋味賞 #太古滋達人 @cityplazahk"
,天御,銅鑼灣,日本料理,458-798,拍拖約會,鹿兒島地蛤天婦羅、天丼、半熟柿乾,https://www.instagram.com/p/DCd7atCvSVP/,DCd7atCvSVP,,"🇯🇵一位難求! CP值 Top 1 天婦羅店🍤
-
地區分類：#fca_銅鑼灣
-
🔔影片聲音導航中

全靠人Carry先有機會二訪依一間天婦羅店🥹 由前岩浪師傅主理，主打日式傳統天婦羅～ 13品嘅Lunch Menu都只係人均四百幾，食足8款天婦羅，最後仲有天丼/茶漬飯做結尾✨ 今次試嘅Dinner Menu，比出面嘅正宗天婦羅店平一半，用嘅海鮮食材比午市多啲 & 矜貴啲～ 所以由六月新開至今，無論係午市/晚市都係經常Full Booking‼️
-
𝐋𝐔𝐍𝐂𝐇 𝐎𝐌𝐀𝐊𝐀𝐒𝐄 ($458/pp)
𝐃𝐈𝐍𝐍𝐄𝐑 𝐎𝐌𝐀𝐊𝐀𝐒𝐄 ($798/pp)
-
< 季節の先付 >
•白麵豉·四季豆·墨魚
爽脆嘅四季豆以及滑嫩嘅墨魚，加上甜甜嘅白麵豉，幾開胃🤤
*
< 特選天婦羅八件 >
•沖繩 花竹蝦 
•北海道海膽
•靜岡 石川小芋
•北海道 秋刀魚卷
•山口 真名鰹 鷹倉魚
•北海道 筋子
•鹿兒島 地蛤
•熊本 栗子

今次試到秋季當造嘅秋刀魚，魚肉卷住紫蘇葉，外層再炸得香脆🤤 當然仲有秋季必食嘅粟子，入口非常香甜🍂 另外第一次試嘅鷹倉魚，魚身厚實而且魚味香濃，食落油份豐富！用紫菜包住嘅筋子再脆炸，外層灑上柚子皮，添加一份清香感！但講到個人最愛都係鹿兒島地蛤，一口爆汁🥹❤️ 每口腔都係蜆肉嘅鹹鮮～
*
< 天婦羅の追加 >
•台灣烏魚子
•半熟柿乾 ($25)

唔少得招牌追加環節😎 20+食材追加，幾鐘意時令半熟柿乾，外脆內煙韌嘅口感，香甜軟糯🥰 見到仲有白子、生蠔、鮑魚、瀨尿蝦等海鮮可以追加，超吸引但當時已經幾飽下～
*
< 冷品 >
•愛知 無花果 配豆腐醬
*
< 天丼 /天茶漬飯/天バラ >
識揀嘅一定揀天丼🤭 半熟蛋嘅蛋汁拌飯真係不得了！份量亦預得剛剛好～
*
< 赤味噌湯 >
*
< 甜點 >
•日本柿子
-
天御 (銅鑼灣)
銅鑼灣駱克道487-489號駱克駅11樓"
,Auor X The Laksa Club,灣仔,西式,980-1180,拍拖約會,煙燻炭燒鴿子、D24榴槤雪糕,https://www.instagram.com/p/DCjGNdGPLfk/,DCjGNdGPLfk,,"✨新加坡廚主理! 亞洲x法式6道菜餐單🥂
-
地區分類：#fca_灣仔 
-
Fine Dining 原來都可以夠抵食! 依間由新加坡廚主理嘅新派法國菜餐廳，主打揉合亞洲風味嘅法國料理🌟 冬日新推以時間流逝、生命循環為靈感嘅「六環」The Six Rounds 6道菜嚐味餐單～ 當中仲食到餐廳招牌煙燻炭燒鴿子❤️ 更加有D24榴槤雪糕作結尾!!! 4道菜Menu都只係$980/位！依家11月仲有買三送一優惠 + 免開瓶費！絕對係入手好時間！
-
🥂 𝐓𝐡𝐞 𝐒𝐢𝐱 𝐑𝐨𝐮𝐧𝐝𝐬 ($1180/pp)*
*三人同行一人免費 + 免開瓶費
* 預先訂檯方可享用以上優惠
-
< 𝗔𝗪𝗔𝗞𝗘𝗡𝗜𝗡𝗚 >
•西西里紅蝦·四川風味雪葩·鮭魚籽·萵筍·野米
鮮甜嘅西西里紅蝦，配上三文魚籽，混合以酸菜魚為靈感嘅雪葩，酸酸辣辣又幾過癮😍 味道清爽開胃！
*
< 𝗥𝗔𝗜𝗡 >
•焗澳洲青蟹·馬達加斯加白胡椒粒·鹹蛋·脆魚皮
香脆嘅鹹蛋魚皮下面，係滿滿嘅焗澳洲青蟹肉🦀 加入了馬達加斯加白胡椒粒調味，感覺就像吃新加坡胡椒蟹一樣，帶點微辣，幾惹味！
*
西瓜蔬菜雪葩
*
< 𝗖𝗢𝗟𝗢𝗨𝗥𝗦 >
•馬友魚·香辣梅菜
馬友魚經過醃漬後，風乾三日處理，外皮做到好似玻璃咁薄而香脆，魚肉亦夠水嫩🐟 配上香辣梅菜一齊食，味道立刻昇華不少。
*
< 𝗗𝗜𝗩𝗘𝗥𝗦𝗜𝗧𝗬 >
•五香豬柳·覆盆子醋·西班牙辣肉腸·糯米飯
冬天唔少得暖笠笠嘅糯米飯，加上五香豬肉丸 以及西班牙辣肉腸，面層再灑上炸櫻花蝦🥢 有點平時食臘味飯嘅感覺🤭
*
< 𝗦𝗢𝗨𝗟 >
•鴿子·福花·黑蒜·花雕酒
餐廳其中一道招牌菜- 煙燻炭燒鴿子。先用中式香料醃製再風乾兩日，然後再經香煎、焗 & 炭燒處理🔥 外皮充滿八角、丁香等香料味，食落肉質亦非常軟嫩！
*
< 𝗠𝗘𝗠𝗢𝗥𝗬 >
•香梨湯圓·中式杏仁·D24 榴槤雪糕
超期待嘅D24 榴槤雪糕果然冇失望，味道濃郁而且口感幼滑🥰 配上煙韌嘅香梨湯圓、中式杏仁茶 以及下層爽脆嘅香梨肉，中和返榴槤濃烈嘅味道，整體Balance得唔錯～

最後仲有petit Four作結尾，包括香桃清酒啫喱、香蕉芝士蛋糕 以及斑斕木薯蛋糕✨
-
Auor X The Laksa Club (灣仔)
灣仔告士打道88號其昌中心4樓"
,Pizza Maru,尖沙咀,西式,150-250,打卡必到,韓國烤肉芝加哥薄餅、鬥魂海鮮麻花捲粉、蒜香甜辣炸雞,https://www.instagram.com/p/DCBoagWPfTc/,DCBoagWPfTc,,"🇰🇷瀑布式拉絲! 韓國過江龍薄餅炸雞店🍕
-
地區分類：#fca_尖沙咀
-
🔔影片聲音導航中

自黑白主廚播出熱潮好似冇停過～ 今次教大家免飛韓國攻略，係香港都食到韓意Fusion 菜😎 依間韓國過江龍薄餅炸雞店，一向都好受歡迎，但咁多間分店，建議大家一定要去尖沙咀店！因為大家應該冇諗到食Pizza都可以望住個海景🌊✨ 餐廳主打加入韓國地道風味，創作一系列韓意新派料理～ 所以無論係薄餅、炸雞定意粉，都係幾有驚喜！
-
< 薄餅 >
•韓國烤肉芝加哥 ($223)
第一次試佢哋嘅芝加哥系列Pizza，真係超級邪惡🥹❤️ 瀑布級拉絲，薄餅中間全部都係馬蘇里拉芝士，批邊亦做到好鬆軟!!! 加上牛小排 以及辣肉腸嘅加持，大推！

•韓醬五花腩薄餅 ($213/13”)
今個月全新口味‼️ 平時五花腩配泡菜一齊就食得多，放係Pizza上一齊食又試過未？五花腩香烤過，外皮帶煙韌感～ 搭配泡菜、蔥絲 以及韓式辣椒蛋黃醬，好惹味! 
*
< 炸雞 >
•蒜香甜辣炸雞配炸蓮藕片 ($139/6Pc)
炸雞有成8款口味選擇，仲可以揀半半炸雞～ 但個人而言都係最愛甜辣口味🤭 唔會太辣，甜口為主，而且好香蒜味！炸雞亦炸得夠香脆，係韓國食到嘅味道～
*
< 意粉/意大利飯 >
•元祖奶奶燒腩意粉 ($148)
•鬥魂海鮮麻花捲粉 ($197)
•魚香紫菜薏米意大利飯 ($118)
•鮑魚肝醬海螺意大利飯 ($188)

大推海鮮麻花捲粉🥰 有大家最愛嘅鮮蝦 & 蠔，彈牙嘅麻花捲粉掛上特製香辣醬汁，幾match! 另外Risotto方面，加左鮑魚肝醬嘅意大利飯，再配上海螺，鮮味Double Up! 至於元祖奶奶燒腩意粉，用上韓式大豆醬，加上帶焦脆感嘅豬腩肉，會令人一口接一口🐖
-
Pizza Maru (海運大廈) (尖沙咀)
尖沙咀廣東道3-27號海港城海運大廈3樓LCX 34號舖"
,鍋心八鮮蒸鍋,太子,火鍋,228-298,大班聚會,龍蝦+肉蟹蒸鍋套餐、八寶蒸飯（陳皮牛肉餅、秘製雞腿肉）,https://www.instagram.com/p/DC3tHcePAvL/,DC3tHcePAvL,,"🦞龍蝦x肉蟹! 全港最抵食海鮮蒸鍋?!🦀
-
地區分類：#fca_太子
-
🔔影片聲音導航中

真係好後悔咁遲先至依間咁抵食嘅海鮮蒸氣火鍋！當日平日夜晚兩層爆曬場🔥 大部份人都係食海鮮蒸鍋x 八寶蒸飯套餐! 最平抵至$228/位，就已經可以食匀8款海鮮配料 + 自選八寶蒸飯～ 仲要送埋足料湯水+糖水！加多$70/位已經可以升級食龍蝦+肉蟹!!! 這價錢也是醉了🥹❤️ 媽媽食完表示很可以～
-
🦞 龍蝦+肉蟹蒸鍋套餐 ($298/位)*
*包含10款任選6款海鮮/配料
*包含自選配料八寶蒸飯
*附送是日靚湯+糖水
-
< 海鮮/配料 >
•龍蝦
•肉蟹
•鮑魚
•多寶魚
•海蝦
•天鵝貝
•蝦膠釀秋葵
•蒸自家製手打蝦丸

咁嘅價錢可以食足6款海鮮 + 2款自家配料真係好抵玩，而且海鮮質素仲好新鮮，每款都有唔同醬料選擇🥰 龍蝦竟然有膏，肉質爽彈，揀蒜蓉蒸一定唔會輸🦞 肉蟹好鮮甜，啖啖肉好滿足！
另外自選左4款海鮮：鮑魚揀果皮蒸真係絕配，蒸得剛剛好夠彈牙！多寶魚一向都夠滑溜，揀左豉汁蒸唔會太搶味🐟 天鵝貝大大隻好厚肉，就咁清蒸就已經好夠鮮✨
*
< 八寶蒸飯 >
•秘製雞腿肉
•蝦醬豬頸肉
•自家製陳皮牛肉餅
•萵筍
•粟米粒
•芋頭
•招牌滷水牛舌片
•招牌滷水豬肚絲

一共23配料選擇嘅超震撼八寶飯🤤❤️ 越多人食就越大盆！當日揀左唔少推介配料，必點陳皮牛肉餅 (好似牛肉球嘅口感✨)；雞腿肉好滑嫩；蝦醬豬頸肉以及滷水豬肚絲夠惹味，送飯一流！另外亦可加錢升級至鮮蝦/生蠔海鮮飯～
-
鍋心八鮮蒸鍋 (太子)
太子花園街207-209號地舖"
,Grand Hyatt Steakhouse,灣仔,西式,400-1000,拍拖約會,厚切煙肉、法式洋蔥湯、美國封門柳、招牌Cheesecake,https://www.instagram.com/p/DB3p5A0PWai/,DB3p5A0PWai,,"🍴任食蒜茸包! $4xx嘆港島五星扒房🥩
-
地區分類：#fca_灣仔 
-
🔔影片聲音導航中

之前去試 @GrandHyattHongKong 新開酒吧LIPS嘅時候，見到一旁嘅扒房就已經想試～ 位於酒店側門要搭專屬電梯上去夠哂神秘✨ 餐廳行經典扒房路線，菜式Classic之餘，質素水準仲有保證，有唔少名人都到訪過🍴 今次難得襯11月美酒佳餚巡禮「品味香港Chill E.A.T」活動，經 DiningCity訂位有優惠！三道菜午市Menu都只係四百幾❤️ 餐廳比較少做優惠，所以見到都即刻book左先～

另外活動仲有超過300間餐廳參加，低至6折精選套餐優惠！之前介紹過同一間酒店嘅Grissini都有優惠～
-
🥂 𝐂𝐇𝐈𝐋𝐋 𝐄.𝐀.𝐓 𝐃𝐢𝐧𝐧𝐞𝐫 𝐒𝐞𝐭 ($988/pp)
-
< 𝗔𝗣𝗣𝗘𝗧𝗜𝗦𝗘𝗥 >
•Thick Cut Bacon
•Yellowtail Tartare 

想講佢哋嘅厚切煙肉真係好好食🥹🥓 面層沾上帶有波本威士忌嘅楓糖醬，香烤過後食落香甜帶油香，肉質亦非常有彈性！油甘魚他他，配上下層嘅牛油果蓉以及洋蔥粒，味道清爽！
*
< 𝗦𝗢𝗨𝗣 >
•Lobster Bisque
•French Onion

一定要試佢哋嘅法式洋蔥湯🧅🥄 超正宗的! 面層鋪滿芝士，下層嘅麵包吸收哂洋蔥湯嘅精華～ 裏面嘅洋蔥絲炒香過，煮出嚟嘅湯甜甜的！另外，龍蝦湯亦非常香滑，忌廉比例亦剛好🦞
*
< 𝗠𝗔𝗜𝗡 𝗖𝗢𝗨𝗥𝗦𝗘 >
•10 Oz Hanging Tender USDA
•10 Oz M5 Striploin Rangers Valley (+$128)

雖然有智利海鱸 & 黑毛豬扒選擇，但嚟到依度唔係唔食牛扒掛？🤭🥩 今次試匀美國封門柳 以及 澳洲M5西冷牛扒! 前者肉質鬆軟，而且牛味濃郁，裏面超粉嫩的！西冷嘅油香就較突出，入口有韌性~ 另外值得一提係芥末選擇超多的!!!
*
< 𝗦𝗜𝗗𝗘𝗦 >
•Broccolini 
•Smashed Potatos
*
< 𝗗𝗘𝗦𝗦𝗘𝗥𝗧 >
•Signature Cheesecake
•72% Chocolate Brownie

最後甜品一定要揀佢哋嘅招牌Cheesecake❤️ 口感非常軟滑，而且味道就算食到最後都唔會過膩～ 72%朱古力Brownie冇得輸，濃厚朱古力味，再加上櫻桃 以及香滑雲呢拿雪糕，不得了 🍒🍫
-
Grand Hyatt Steakhouse (灣仔)
灣仔港灣道1號君悅酒店大堂"
,Lady M,,甜品,89-308,打卡必到,軟心黑朱古力千層蛋糕,https://www.instagram.com/p/DCRZ0gJP5lG/,DCRZ0gJP5lG,,"🇫🇷首度聯乘·名牌黑朱古力千層蛋糕 🍫
-
聽到Lady M @ladymhk 竟然同自己最愛嘅
法國朱古力品牌 La Maison du
Chocolat合作，真係感動流淚🥹❤️ 仲要一口氣推出兩款甜品: 軟心黑朱古力千層蛋糕 & 朱古力棉花餅！最重要係依隻牌子嘅朱古力一小盒已經二百起跳，今次聯乘版千層蛋糕嘅價錢竟然係同上次開心果千層一樣‼️ 可以不用猶豫，衝去買就對了～
-
🤎 Lady M 軟心黑朱古力千層蛋糕 ($89/件 & $580/ 6” & $860/ 9”)
用上法國70% Valrhona 黑朱古力，所以Overall嘅朱古力好濃郁～ 面層係軟心朱古力鏡面✨ 中間多層嘅朱古力手工班戟皮，夾住冧酒杏仁鮮忌廉，層次口感一貫地好～ 最重要係裏面多左偏厚實嘅黑朱古力軟心，令整個朱古力味Double UP 🔝 但食多還是會偏膩 🤣
*
🤎 朱古力棉花餅 ($308/盒)
鬆脆嘅朱古力棉花餅，包住濃厚朱古力夾心 & 軟心焦糖，就是很邪惡的小零食🤤
-
Lady M 分店有售"
,弥泩,天后,日本料理,580-2080,拍拖約會,龍太卷、松葉蟹鐵鍋飯、巴馬火腿白子天婦羅、魚鮫位拖羅,https://www.instagram.com/p/DB55jP-PBYW/,DB55jP-PBYW,,"🍣 年度推介! 私藏慶生寶藏鮨店✨
-
地區分類：#fca_天后
-
🔔影片聲音導航中

之前一位難求嘅omakase店，今個秋季咁都比我試到!!!! 之前係其他餐廳一直想試龍師傅手勢，今次等佢自立門戶終於有機會一試～15品午市壽司Menu只係$580/位，已經可以食足11貫手握寿司🤩 夜晚就當然精彩啲，食匀多款秋季時令食材，數過差唔多食左21品‼️
-
🥢 𝗗𝗜𝗡𝗡𝗘𝗥 𝗠𝗘𝗡𝗨 ($2080/位)
-
< 先付け >
•北海道淺利蜆冷素麵
•巴馬火腿白子天婦羅

白子當造，刺身就食得多，今次終於有返啲新意，白子天婦羅再加上火炙過嘅巴馬火腿😍 口感外脆內水嫩，火腿嘅鹹香作品綴，意外地Wow!
*
< 刺身 >
•北海道鰹魚 配吞拿魚木魚絲
•秋刀魚 配肝醬
•沙甸魚磯邊卷

一開始就已經用3款秋季當造刺身打頭陣‼️ 鰹魚特別軟嫩，油脂更豐富，配上吞拿魚木魚絲，帶陣陣煙燻香味！秋刀魚夠肥美，搭配甘香嘅肝醬，鮮味更突出了～
*
< 握り寿司 >
•新魷魚
•北寄貝
•池魚
•醬油漬赤身
•魚鮫位拖羅
•剝皮魚·魚肝
•赤鯥魚
•車海老
•馬糞海膽
•龍太卷
•玉子燒

一共10貫手握寿司，全部都係水準之上！舍利方便handle得幾好～ 個人最愛走唔甩醬油漬赤身 以及拖羅🤭 兩款都係來自青森大間，拖羅近魚鮫位，油脂感豐富，接近入口即化❤️ 佢哋嘅馬糞海膽好癲，女士們係可以雙倍份量!!!! 最後嘅招牌龍太卷份量亦係多到得人驚，裏面有成7+配料，一口過勁滿足！
-
< 和食 >
•喜之次立鱗燒 
•松葉蟹鐵鍋飯

最後期待左好耐嘅松葉蟹鐵鍋飯，每一啖都係滿滿嘅蟹肉，仲有香脆嘅飯焦，就算好飽都每人食左兩碗🤣🦀
*
< 茶碗蒸し >
•松茸茶碗蒸
*
< 味噌汁 > 
*
< テザート >
•抹茶牛乳奶凍
-
弥泩 (天后)
天后永興街27號永興新樓地舖"
,添好運點心專門店,尖沙咀,中菜,100-200,打卡必到,酥皮焗叉燒包、蜜汁叉燒、晶瑩鮮蝦餃、話梅冰釀水晶糕,https://www.instagram.com/p/DCT-PghvqOQ/,DCT-PghvqOQ,,"🥢全新享受! 米芝蓮點心新概念店✨
-
地區分類：#fca_尖沙咀
-
依家添好運竟然可以食埋燒味 & 小炒?!😱❤️被譽為全球其中一間最平民米芝蓮推薦餐廳，佢哋出品嘅酥皮焗叉燒包真係個人心目中嘅Top 1! 最近香港首間全新主題概念店登陸尖沙咀K11 Art Mall✨ 空間感十足，坐得舒服咗，設計大雅～ 除咗招牌點心，新店新增一系列燒味、小炒、海鮮菜式 以及創意甜品，試到正宗香港美食外，仲加入左唔少新穎元素，感覺男女老少都啱～
-
< 點心蒸點 >
•酥皮焗叉燒包 ($40)
食過咁多間嘅雪山叉燒包，始終依到都係個人TOP 1 👑 特別酥軟嘅外層，裏面包住香甜惹味嘅叉燒內餡，依個組合世一！

•晶瑩鮮蝦餃 ($50)
堅持11褶手工褶皺嘅蝦餃，每隻都脹卜卜好豐滿🤤 外皮雪白帶彈性，蒸得剛剛好！蝦肉亦夠爽彈～
*
 < 招牌港式燒味 >
•蜜汁叉燒 ($188)
香港人對叉燒一向高要求😎 今次試到嘅叉燒半肥瘦，用上「蜜燶」燒法燒製，超誘人嘅燶邊效果，立刻想叫碗飯嚟食!!!
*
 < 港式小菜 >
•添好運小炒王 ($168)
好足料嘅小炒王‼️ 放左唔少小魷魚乾、魚乾、蝦乾 & 腰果一齊炒香，爽脆嘅韭菜花吸收哂海鮮嘅鹹香～

•甜酸咕嚕肉粒 ($138)
幾鐘意依到嘅咕嚕肉偏瘦，配返酸酸甜甜嘅醬汁以及蜜桃 & 醃紫薑， 標榜還原正宗港式味道，整個油膩感冇哂✨
*
< 海鮮 >
•芝士焗蟹蓋 ($168)
面層焗得金黃焦香嘅蟹蓋🦀 裏面食到唔少蟹肉絲，加上芝士加持夠哂滿足～
*
< 甜品/飲品 >
•話梅冰釀水晶糕($88)
新店其中一款打卡必備甜品！估唔到有乾冰效果咁有氣派🤣❤️ 用上本地話梅製作而成，配上鮮果，酸爽解膩！

•忌廉杏仁奶茶 ($30/凍）
*
添好運點心專門店 (尖沙咀)
尖沙咀河內道18號K11購物藝術館1樓119號舖

#添好運 #添好運全新概念店 #添好運點心專門店 #點心 #粵菜 #香港點心 #匯聚匠心工藝之道"
,三原 (Cubus),銅鑼灣,日本料理,2080,拍拖約會,斑馬瀨尿蝦、A4宮崎和牛壽喜燒薄燒、大閘蟹土鍋西班牙海鮮飯,https://www.instagram.com/p/DB_DJnyPuVq/,DB_DJnyPuVq,,"🇯🇵二訪! 限定の大閘蟹鐵板燒🔥
-
地區分類：#fca_銅鑼灣
-
🔔影片聲音導航中

二訪個人其中一間最愛嘅鐵板燒店✨ 好鐘意依到全部都係日本師傅主理，就算遇唔到主廚三原先生，都係由日本廚親身上場! 菜式偏向新派，就算二訪都照舊充滿驚喜🥳 食完仲可以過隔離嘅日本雞尾酒吧飲返兩杯～ 今次衝住限定一個月嘅大閘蟹Menu而來，除左有多道大閘蟹菜式，仲可以食到A4宮崎和牛！加上賣力地chok嘅日本師傅，又係值哂回票價嘅一餐!!!
-
🦀 𝐇𝐀𝐈𝐑𝐘 𝐂𝐑𝐀𝐁 𝐒𝐄𝐀𝐒𝐎𝐍𝐀𝐋 𝐌𝐄𝐍𝐔
限定大閘蟹季節菜單 ($2080起/PP)*
*供應日期：由即日起至10/11/2024
-
< 𝗦𝗔𝗦𝗛𝗜𝗠𝗜 >
•大閘蟹肉帶子凍湯啫喱
以大閘蟹肉、蟹膏、帶子刺身以及粟米芯製作而成嘅凍湯啫喱✨ 口感爽脆，充分喚醒味蕾～
*
< 𝗦𝗢𝗨𝗣 >
•海鰻丸子松茸湯
顏色非常清澈，但帶充分鮮味嘅松茸湯🥄 裏面加咗唔少蔬菜，飲落去好舒服～
*
< 𝗘𝗡𝗧𝗥𝗘𝗘 >
•魚翅伴慢煮花膠雞湯
飲落去會黏口嘅超濃厚雞湯‼️ 慢煮超過8小時，感覺就是滿滿的精華！
*
< 𝗦𝗘𝗔𝗙𝗢𝗢𝗗 >
•甘鯛立鱗燒
•三文魚子味噌忌廉大閘蟹餅
•斑馬瀨尿蝦
•日本青森鮑魚配海膽

4款海鮮裏面，個人最愛燒斑馬瀨尿蝦！每一隻都係爆膏，仲要係夠厚肉😍 搭配返檸檬牛油豉油汁，帶返個鮮味出嚟；另外青森鮑魚再配日本海膽一齊食，依個組合也太滿足了吧😱❤️
*
< 𝗠𝗔𝗜𝗡 >
•A4宮崎和牛壽喜燒薄燒
•A4宮崎和牛西冷厚燒 (+$100)

幾鐘意依到嘅薄燒係用壽喜燒嘅方式，唔係出面卷住脆蒜個隻，感覺更能食得出肉香🐂 沾上蛋汁口感更滑嫩！另外Upgrade左西冷厚燒，顏色超粉嫩，油脂豐富～
*
< 𝗥𝗜𝗖𝗘 >
•大閘蟹土鍋西班牙海鮮飯 (+$200/pp)

今季限定- 大閘蟹土鍋飯🤩 見到真係放左唔少大閘蟹肉以及蟹膏一齊煮～ 食落亦有飯焦脆脆的口感！如果唔想另外加錢嘅可以選擇秋刀魚/鵝肝/三文魚子鱈場蟹土鍋飯~
*
< 𝗠𝗜𝗦𝗢 𝗦𝗢𝗨𝗣 & 𝗣𝗜𝗖𝗞𝗟𝗘𝗦 >
•味噌湯 & 漬物
*
< 𝗗𝗘𝗦𝗦𝗘𝗥𝗧 >
•香印提子啫喱奶凍
•士多啤梨熱湯 配自家製香草雪糕

佢哋嘅甜品亦都非常有誠意！今次特登試上次唔試到嘅士多啤梨湯，本身感覺好奇怪，但意外地同自家製雲呢拿雪糕Match🍓
-
三原 (Cubus) (銅鑼灣)
銅鑼灣開平道1號Cubus 3樓C號舖"
,慢煮屋,觀塘,日本料理,80-100,打卡必到,慢煮牛腹丼、蜜脆活鰻魚丼、澳洲和牛M8丼,https://www.instagram.com/p/DCEN0Rav9lH/,DCEN0Rav9lH,,"🐂低溫慢煮! 工廈の日式丼飯小店🥢
-
地區分類：#fca_觀塘
-
觀塘做Gym朋友誠心介紹，依間主打慢煮丼飯嘅小店～ 因為menu上主要為牛肉、豚肉、雞肉及三文魚丼飯，另外仲有慢煮雞胸沙律選擇✨ 感覺就是低卡兼滿滿的Protein啊～ 而且所有丼飯都經慢煮烹調，由其係慢煮牛腹丼幾推薦的~
-
•澳洲和牛M8丼 ($88)
•慢煮牛腹丼 ($80)

嚟到當然要試佢哋招牌慢煮牛腹丼！經過54度低溫慢煮，牛肉望落非常粉嫩，食落幾重肉味，偏向有咬口，加上温泉蛋嘅蛋汁一齊食夠哂正🥰 另外M8 澳洲和牛丼嘅牛肉會更軟嫩一啲，睇下大家偏向鐘意咩口感多啲✨所有主食送時令水果/蔬菜，另外+$7可以加配飲品，例如今次試左凍百香果茶 & 烏龍茶都幾解膩～
*
蜜脆活鰻魚丼 ($98)
絕對不會比牛丼輸蝕嘅鰻魚丼‼️ 用上新鮮活鰻，食得出肉質特別結實帶彈性！外層炸至金黃酥脆，再沾上甜甜嘅蜜糖醬汁，非常下飯！
*
燒三文魚骨 (+$12)
三文魚骨幾脆口，而且食得出側邊嘅魚肉幾新鮮，作為小食非常過到口癮🐟🤤
-
慢煮屋 (觀塘)
觀塘開源道60號駱駝漆大廈第三座4樓U01室"
,SAEMAEUL,尖沙咀,韓國菜,100-200,打卡必到,辣味炭火烤肉、7分鐘豬肉泡菜、芝士雞蛋羹,https://www.instagram.com/p/DDMTnUvPbl8/,DDMTnUvPbl8,,"🇰🇷即日實測! 白種元炭火燒肉店🔥
-
地區分類：#fca_尖沙咀
-
Mosu大家食唔到唔緊要，因為白種元開嘅韓式燒肉店喺尋日終於開業啦🤭❤️ $119就歎到招牌炭火烤肉，更低嘅價錢就可以滿足大家「黑白大廚」熱潮～ 
今次襯Lunch Time去試，因為餐廳幾大所以唔洗排隊。店員大多韓國人，用Tablet自助點夠方便✨ 可惜可能剛開業Run得未夠熟，等足35分鐘先上菜🥲 食完成身都係好大浸味～ 建議大家放lunch去食嘅話預番多少少時間🤣 (餐廳更新由4PM開始營業)
-
芝士雞蛋羹 ($49)
大家去開嘅田蒲食肉都要$98，依到嘅價錢算係幾抵玩😍 口感幾水嫩，有拉絲效果！
*
7分鐘豬肉泡菜 ($79)
其中一款招牌菜! 將豬肉加入韓式辣椒醬煮7分鐘，味道就係韓國食得到嘅味道🤤 加埋紫菜再拌飯，超正！
*
辣味炭火烤肉 ($119)
醬油炭火烤肉 ($119)

對比起兩款，個人更愛辣味炭火烤肉🌶️ 好惹味而且辣度剛好！一定要配返佢哋自家蒜味蛋黃醬，再加少少泡菜，用生菜wrap住，完美組合!!! 
-
SAEMAEUL (尖沙咀)
尖沙咀寶勒巷3-7A號萬事昌廣場1樓1A號舖"
,蠔埕,尖沙咀,日本料理,825-888,打卡必到,黃金瀑布炙燒紅酒鵝肝丼、炭燒大閘蟹、任食日本牡蠣、鹿兒島A5黑毛和牛,https://www.instagram.com/p/DBqdJKjvyUE/,DBqdJKjvyUE,,"🦀限時回歸! 任食生蠔 x 大閘蟹半放題🦪
-
地區分類：#fca_尖沙咀
-
之前試過依間餐廳嘅任食生蠔x和牛火鍋半放題已經覺得好誇張，今次仲有限定大閘蟹主題✨ 除左一如既往2小時無限追加日本生蠔+食匀A5和牛Shabu Shabu + 招牌炭燒串燒 + 無限酒精暢飲，今次仲多左蟹粉菜式以及3款口味大閘蟹😍‼️覺得仲未夠喉可以加錢Upgrade任食大閘蟹，當日每隻都爆哂膏，絕對輕鬆實現大閘蟹自由！
-
🦀 黃金蟹粉大閘蟹宴*
* WhatsApp訂座優惠: 85折
🔸 星期一至四（最晚入座21:00: $868–> $825/位，連正價加一）
🔸 星期五至六（最晚入座21:30: $888–> $844/位，連正價加一）
* 已包含120分鐘任食日本牡蠣 + 暢飲Sapporo生啤 & 清酒 & 黑糖薑茶
-
< 大閘蟹菜式 >
•大閘蟹甲羅燒配多士
•黃金瀑布炙燒紅酒鵝肝丼
•凍花雕大閘蟹海鮮拼盤
•清蒸大閘蟹（5兩)
•炭燒大閘蟹(5兩)

一開始已經比個蟹黃瀑布丼嚇親‼️ 爆多蟹黃醬倒落去，真係連個鵝肝同飯都見唔到，每啖超滿足!!! 而今次大閘蟹宴可以試匀凍花雕、清蒸以及炭燒口味～ 當日三隻都係蟹乸，而每一隻都係爆晒膏🥰🩷 用炭燒嘅大閘蟹就多左陣炭香，食落啲膏更香了～
*
< 炭燒項目 & 其他 >
•炭燒串燒拼盤（廚師發辦)

由廚師發辦嘅即燒炭燒串燒，席前望住師傅燒真係越望越想食😎 當日為阿波尾雞翼、汁燒五花腩、鹽燒雞頸肉以及粟米。
*
< 涮涮鍋 >
•鹿兒島A5黑毛和牛
•雜菜盛盒

每次壓續出場嘅A5和牛火鍋🐂✨ 食完生蠔真係特別想食返啲熱嘢暖下個胃！和牛嘅質素都keep到，肉質粉嫩帶油香～ 
*
< 無限追加 >
•大閘蟹 (+$198/位)
•日本牡蠣
•Sapporo 生啤/清酒 
•黑糖薑茶/汽水
-
📍換領地點
蠔埕 (尖沙咀)
尖沙咀彌敦道176號The Nate2樓A號舖"
,Cruise Restaurant & Bar,北角,亞洲菜,598,打卡必到,清蒸花蟹、花雕酒、米粉、鎮江醋薑蒸公大閘蟹,https://www.instagram.com/p/DB0wZSivfRl/,DB0wZSivfRl,,"🥢海景露台! 限定大閘蟹主題晚宴🦀
-
地區分類：#fca_北角
-
位於Hyatt Centric 頂樓空中餐廳Cruise，今個月又搞搞新意思😎 繼上次介紹任食M5和牛Menu，今次係Seasonal嘅大閘蟹宴!!! 除左每人可以食到原隻大閘蟹外，仲有蟹粉以及亞洲風味菜式❤️ 加上270度海景以及户外勁chill嘅露台，真係食大閘蟹都可以好Fancy✨
-
🦀 𝐇𝐀𝐈𝐑𝐘 𝐂𝐑𝐀𝐁 𝐅𝐄𝐄𝐃 𝐌𝐄 𝐌𝐄𝐍𝐔 ($598/pp)*
* 18 October - 30 November
-
•冷木耳沙拉
•黃咖哩蟹湯

一開始嘅冷木耳沙拉幾開胃，加左萵苣口感爽脆，加上辣椒、脆乾蔥 & 檸檬葉調味，有點東南亞風味～ 黃咖哩蟹湯加入椰奶，質感香滑，仲揾到唔少蟹肉🤭
*
•大閘蟹小籠包
•鎮江醋薑蒸公大閘蟹

每人一隻蒸大閘蟹，兩隻拆開都係爆膏‼️ 可惜白膏偏少左啲，但勝在可以過下癮～ 大閘蟹小籠包內外都係蟹粉😍 但外皮有點太粉太黏糯。
*
清蒸花蟹、花雕酒、米粉
幾有驚喜嘅花蟹蒸蛋，下層吸收哂花蟹嘅鮮味，質感超滑溜，而且仲好香花雕味🥰 
*
燉煮和牛牛柳
用水煮牛嘅方法烹調和牛牛柳，辣勁十足🐂🌶️ 仲有唔少配料，例如蒟蒻、芽菜、木耳以及萵筍，十分下飯～
*
•燴小白菜
•白飯
*
•生薑奶凍
面層鋪滿新鮮芒果，生薑奶凍再配上紅糖漿，甜甜的卻不會太膩🥄
-
Cruise Restaurant & Bar (北角)
北角北角邨里1號香港維港凱悅尚萃酒店西座23樓"
,PECORINO,上環,西式,150-250,打卡必到,Truffle White Ragu (黑松露肉醬手工意粉),https://www.instagram.com/p/DBGaMiBPIdN/,DBGaMiBPIdN,,"‼️火速爆紅! 韓國班底打造手工意粉店🍕
-
地區分類：#fca_上環
-
🔔影片聲音導航中

繼黑白大廚意粉爆紅後，係上環竟然開左間由韓國人主理嘅Pasta Bar，依幾日Soft Opening已經日日Full House🤯🔥 店內空間感極高，坐得夠舒服～ 無論係Pasta抑或Pizza都係由Oppa們親自手工製，怕你見唔到仲會係門口位置即場製係Pasta✨ 大家亦可以係Open Kitchen睇到整個薄餅嘅製作過程！當日一開門11AM已經滿左一半，大家最好預留返充足嘅時間🫢
-
Truffle White Ragu ($150)
必點! 黑松露肉醬手工意粉🍴 Menu上唔係所有都係手工pasta，但依款就一定係～ 意粉質感做到彈牙，可能某啲位偏硬左啲🤔 醬汁充滿黑松露味，上層仲刨上滿滿嘅芝士🧀️
*
Ricotta Ravioli ($148)
同樣係手工製嘅芝士意大利雲吞❤️ 裏面係Ricotta Cheese~ 幾鐘意佢哋落左檸檬汁、開心果碎以及合桃碎，令整體冇咁膩，口感更豐富～ 但Ravioli嘅邊位略嫌偏厚身左啲。
*
Salsiccia ($208)
由Oppa即製嘅意大利豬肉腸薄餅🍕 上面放左水牛芝士、豬肉腸、番茄 & 橄欖。批邊焗得幾有空氣感，但感覺上可以再焗耐多少少會再香啲～ Pizza一共有7款口味，以Classic為主！
*
Caffè Latte ($45)
-
PECORINO (上環)
上環文咸東街35-45B號文華大廈地下B號舖"
,Wolfgang's Steakhouse Hong Kong,中環,西式,690,拍拖約會,龍蝦芝士通粉 (Mac n Cheese)、自家乾式熟成Porterhouse Steak、沃夫崗蟹餅,https://www.instagram.com/p/DBtB5czvxOH/,DBtB5czvxOH,,"🍴紐約扒房·嘆自家乾式熟成T Bone🥩
-
地區分類：#fca_中環 
-
🔔影片聲音導航中

唔係講笑，今次竟然係依間美式扒房揾到人生食過最正嘅Mac n Cheese 🤣 其實依間紐約過江龍扒房大有來頭，連總統Donald Trump都食過！香港係佢哋第17間分店～ 今趟其實係衝住招牌自家乾式熟成Porterhouse Steak而來，發現有個5道菜Course Menu性價比唔錯✨ 貴少少嘅仲可以試埋招牌海鮮拼盤、龍蝦湯以及必食Porterhouse Steak! 節日慶祝仲會有即影即有添🌹
-
🍷 𝐂𝐞𝐧𝐭𝐫𝐚𝐥 𝐂𝐨𝐮𝐫𝐬𝐞 𝐌𝐞𝐧𝐮 ($690/pp)*
* 2 Hrs Wine Free Flow (+$380/pp)
-
< 𝗔𝗣𝗣𝗘𝗧𝗜𝗭𝗘𝗥 >
•沃夫崗蟹餅
•凱撒沙律配烤煙肉
•海鮮拼盤 (+$420)

招牌之一嘅蟹餅外脆內軟，裏面係滿滿嘅蟹肉絲，就咁落啲檸檬汁已經足夠🦀 另外加嘅海鮮拼盤有齊龍蝦、大蝦以及蟹肉，質素一正常發揮，叫唔叫都冇乜所謂🤣
*
< 𝗦𝗢𝗨𝗣 > 
•精選餐湯
椰菜花濃湯
*
< 𝗠𝗔𝗜𝗡 >
•美國安格斯乾式熟成大里脊牛排 (+$280/pp)

嚟到點都要試下佢哋招牌Porterhouse Steak‼️ 經過自家28日乾式熟成，保留肉汁並且提升肉味！上枱個陣成隻碟熱到滋滋聲，店員會將牛油淋上，入口油香肉味並存，愛了🥹❤️另外如果唔加錢Upgrade可以選擇肉質極佳牛柳/香煎海鱸魚～
*
< 𝗦𝗜𝗗𝗘𝗦 >
•薯蓉
•奶油菠菜
•龍蝦芝士通粉 (+$188)

一定要講佢哋嘅龍蝦Mac n Cheese 🧀  真係食過數一數二好食!!!! 外層係焗至焦香嘅芝士，而裏面係掛滿芝士嘅通粉，拉絲冇難道，最重要係通粉保留到煙韌嘅口感，而且整體唔會太膩🥰 加埋龍蝦肉加持，我比💯
*
< 𝗗𝗘𝗦𝗦𝗘𝗥𝗧 >
•精選甜品

當日係自家製Tiramisu ☕️ 份量以外地大份，仲要幾好食!!! 咖啡味突出，而且口感軟滑～ 節日慶祝除左有蠟燭外，仲會送返張即影即有留念，咁就更加Sweet啦💕
*
< 𝗖𝗢𝗙𝗙𝗘𝗘 𝗼𝗿 𝗧𝗘𝗔 > 
•咖啡或茶
-
Wolfgang’s Steakhouse Hong Kong (中環)
中環都爹利街6號印刷行1樓"
,星薈,尖沙咀,中菜,529-588,打卡必到,大閘蟹、蟹粉蒜茸包、鮮拆蟹粉小籠包,https://www.instagram.com/p/DBOIyqDIEPi/,DBOIyqDIEPi,,"🦀維港海景! 爆膏江蘇大閘蟹宴 🌊
-
地區分類：#fca_尖沙咀
-
🔔影片聲音導航中

竟然揾到間可以一次過每人食3隻江蘇大閘蟹+ 蟹粉菜式嘅大閘蟹宴，仲要可以邊嘆住個維港夜景😱?! 依間中菜廳一向係唔少人食大閘蟹嘅地方，因為可以揾到正宗來自江蘇嘅大閘蟹！今次個set每人食足2皇1后，公蟹仲要5兩重‼️ 咁計返出面淨係買蟹都要四百幾，依家加埋一系列蟹粉菜式，一共8道菜都係人均$5xx，夠哂抵玩🤩 仲要當晚拆左6隻，每隻都爆膏上陣!!! 
-
🦀 大閘蟹一人晚餐 ($588/位)*
🦀 大閘蟹一人午餐 ($529/位)*
*六人享用「一人大閘蟹餐」，可享買五送一優惠
-
•蟹粉蒜茸包
•鮮拆蟹粉小籠包
•蟹粉蝦球窩巴
•花膠雞絲羹
•大閘蟹(2皇1后)
•綠悠襌蔬
•禿黃油伴飯
•薑茶湯丸
•紅酒或橙汁

8道菜裏面一共有4款蟹粉菜式，個人最愛蟹粉蒜茸包🤭 香濃嘅蟹粉醬沾滿酥脆嘅蒜茸包，好惹味！小籠包更有一口飽汁嘅效果，中間充滿陣陣蟹粉鮮味🧡 大家最關心嘅大閘蟹，每人3隻 (2皇1后，公每隻約5兩，乸每隻約3兩）來自江蘇，每隻都爆哂膏~ 公蟹仲食到黏糯嘅白色蟹膏😎 完全滿足到大家食大閘蟹嘅欲望！

另外大閘蟹四人餐，除左以上菜式都食到，仲會多左蟹粉翡翠蝦球 & 紅燒乳鴿2隻✨ 6人餐更加可以試埋降霜黑醋肉！佢係炸得外酥內嫩，而且肉質非常爽彈，外層嘅醬汁做到拉絲效果，酸酸甜甜非常開胃❤️
-
星薈 (尖沙咀)
尖沙咀天文臺道8號21樓"
,Angelini意大利餐廳,尖沙咀,西式,458,拍拖約會,自家製意大利扁麵條、自家製蟹肉意大利雲吞、招牌自家製意大利芝士餅,https://www.instagram.com/p/DBYbxe8PaDo/,DBYbxe8PaDo,,"🇮🇹五星級水準! 嘆正宗意大利菜🍷
-
地區分類：#fca_尖沙咀
-
一直介紹左唔少手工意粉，今次特別啲帶大家到五星級酒店內食handmade Pasta✨ 餐廳由意大利主廚坐鎮，主打一系列經典意大利菜！午市三道菜Menu $458起就食到～ 最近餐廳換左新Menu，有唔少新菜式，當然亦多左啲Pasta款式啦🥰❤️ 
-
意大利普利亞水牛芝士 ($278)
見過擺盤最靚嘅Burrata cheese✨ 配上唔同顏色嘅西西里櫻桃茄，再淋上羅勒香草醬，食落好清新🌿
*
香煎北海道帶子 ($388)
配甘筍蓉、香橙及三文魚籽
*
自家製蟹肉意大利雲吞 ($298)
手工Ravioli，仲要裏面係滿滿嘅蟹肉🦀‼️ 雲吞皮厚薄適中，帶彈性～ 加上三文魚籽令整體鮮味Double Up! 搭配藏紅花香檳忌廉汁，味道輕盈唔會蓋過海鮮嘅鮮味！
*
自家製意大利扁麵條 ($418)
大推！用上偏幼身嘅手工扁麵，表面沾滿芝士忌廉汁，加上面層嘅鮮刨黑松露，超香黑松露味！整體味道濃郁但唔會過膩🫶🏻 如果可以係食客面前刨黑松露會更有睇頭～
*
香煎牛柳及鴨肝 ($688)
係到竟然揾到1.5KG嘅和牛斧頭扒！但當日得兩個人所以揀左啱啱好嘅煎牛柳🤭 剛好嘅medium Rare好軟嫩！配上甘香嘅鴨肝以及黑松露嘅點綴，好滿足🐂！
*
招牌自家製意大利芝士餅 ($118)
係經典意大利菜餐廳嘅Tiramisu永遠唔會出錯❤️ 依到嘅mascarpone cheese好軟滑，同時帶陣陣咖啡香味！加埋開心果雪糕 ($88) 一齊食，超邪惡!!! 
-
Angelini意大利餐廳 (尖沙咀)
尖沙咀麼地道64號九龍香格里拉大酒店閣樓"
,板神鉄板燒日本料理 (信和廣場),銅鑼灣,日本料理,555-805,拍拖約會,和牛A5厚燒、西班牙紅蝦伴天使麵沙律、焦糖多士,https://www.instagram.com/p/DBTmT-SvERT/,DBTmT-SvERT,,"🇯🇵五週年限定! 日本師傅席前鉄板燒🔥
-
地區分類：#fca_銅鑼灣
-
隔咗一段時間再返嚟呢一間鉄板燒店！除左見到門口位置化身左Cocktail Bar，今次仲見到佢哋近排推出嘅五週年鉄板燒套餐！一次過食匀西班牙紅蝦、南非鮑魚、季節魚以及和牛🥰❤️ 價錢最平$555起～ 講埋個攻略俾大家食平啲，食完飯記住用$100購買$500現金券，而個$100可以即時扣減，$400現金券可以下次使用‼️ 詳情可以睇返餐廳IG~
-
🪭 五週年鉄板燒套餐
-
•沙律
*
•西班牙紅蝦伴天使麵沙律
蝦腳位置煎至香脆，蝦身用了蝦頭膏煎香，配上下層嘅天使麵一齊食，幾特別❤️
*
•南非鮑魚
簡單用上鹽作調味，食返鮑魚原有嘅鹹鮮味，口感亦非常彈牙！
*
•季節魚
當日為白鱈魚，肉質結實，油份充足，充滿香草牛油味🧈
*
•澳洲和牛薄燒 ($655)
/
•和牛A5 厚燒 ($805)
個人更愛和牛厚燒🤭 油脂豐富，做到和牛入口即化嘅感覺！薄燒裏面包住香蔥 & 蒜片，肉味更濃更惹味🐂
*
•季節野菜
*
•炒飯·湯·漬物·甜品
每次都好期待佢哋嘅焦糖多士，好邪惡🥰 另外仲有抹茶椰子奶凍作結尾～
-
另外仲加配左火焰北寄貝 (+$155) & 刺身五點 (+$175)！北寄貝幾爽彈，而當日刺身食匀真鯛、一線鯛、間白、吞拿魚赤身以及赤蝦✨ 因為餐廳有做omakase，所以刺身質素有保證～
-
板神鉄板燒日本料理 (信和廣場) (銅鑼灣)
銅鑼灣告士打道255-257號信和廣場1樓103號舖"
,Tozzo,中環,甜品,50-65,打卡必到,紫薯Gelato,https://www.instagram.com/p/DBQtWRXvK1Z/,DBQtWRXvK1Z,,"🇮🇹 意廚坐鎮! 新開手工Gelato x 咖啡店✨
-
地區分類：#fca_中環 
-
中環又多一間Gelato店‼️ 睇嚟Gelato嘅競爭越來越大了～ 依間開係原先Between Cafe大館嘅位置，所以除左提供招牌意大利忌廉夾心包 & 手工Gelato外，佢哋仲會有一系列咖啡以及輕食供應🥰 甜品由意大利廚Fabio Bardi主理，喺2024年Tatler攞到最佳甜品師獎項，所以今次對佢哋嘅gelato幾有期望～
-
🍨 𝐏𝐈𝐂𝐂𝐎𝐋𝐎 ($50/2款口味)
🍨 𝐆𝐑𝐀𝐍𝐃𝐄 ($65/3款口味)

•牛奶朱古力脆片
•黑芝麻
•開心果
•紫薯
•朱古力
•鴛鴦

口味以Classic為主，試哂咁多隻味都冇乜記憶點🤔 黑芝麻 & 鴛鴦味道怪怪的；大家最愛嘅開心果口味係幾濃郁嘅，但就偏甜，甜到有點膩嘅感覺😢 紫薯反而幾特別，香得嚟個texture幾綿密！另外當日仲有士多啤梨 & 柑橘冰沙選擇~
當然要比較下中環嘅Gelato啦～ Snackbaby $58/3款口味，論口味以及價錢已經贏左🤣✨ Messina就唔洗講，超過40款口味揀，每次食都有驚喜～ 

總結！依間唔洗專登走過去食～
-
Tozzo (中環)
中環荷李活道10號大館賽馬會藝方2樓"
,牛站(駅)麻辣火鍋放題,銅鑼灣,火鍋,218-348,大班聚會,招牌秘製麻辣鍋、特上牛小排、任食鮑魚及生蠔、脆皮乳鴿,https://www.instagram.com/p/DBdlO8SPhPR/,DBdlO8SPhPR,,"🔥30秒實測! 港島最強火鍋放題🥢
-
地區分類：#fca_銅鑼灣
-
係港島食晚市放題最平只係$218起?! 依間係見過最誇張嘅火鍋放題，火鍋配料多到數唔哂，除左任食高質牛肉，仲有超過10款海鮮 (鮑魚 & 生蠔都係任食!!!) Häagen-Dazs任食是常識吧！ 依家仲多左無限追加脆皮乳鴿🥳❤️ 最癲係有十幾款酒精暢飲，啱哂一眾港島打工仔！
-
🐂「特上牛小排」120分鐘晚市放題*
* 星期一至四 $338
* 星期一至四 $298 (19:30前離座)
* 星期一至四 $318 (21:30後入座)
* 星期五至日 $348
* 星期五至日 $308 (19:30前離座)
* 星期五至日 $328 (21:30後入座)
-
< 火鍋湯底 >
一共10款湯底選擇，但信我一定要試佢哋嘅招牌秘製麻辣鍋，就算叫小辣都辣得超過癮🌶️
*
< 火鍋海鮮配料 >
鍾意食海鮮嘅話一定要揀呢個套餐，因為超誇張係可以任食鮑魚、本地超脹卜卜嘅生蠔、海蝦、沙白、水魷、海參、花膠、帆立貝、魚肚以及田雞腿等😱❤️ 
*
< 火鍋配料 >
牛肉選擇幾高質，個人不斷encore特上牛小排，另外仲有SRF美國極黑和牛片、澳洲M5和牛選擇😍 除左雞腸、手打蝦滑、黑毛肚、鴨血等人氣火鍋配料，竟然仲搵到有雞子🤣 大家隨時可以挑戰一下～
*
< 酒精放題 >
呢度嘅酒精飲品係見過最誇張‼️任飲清酒、梅酒、韓國真露燒酒、白酒、一系列啤酒 (大家最愛Asahi & Sapporo都有) 🍻 當然仲有啱哂女士們嘅水果酒～
*
< 甜品區 >
除左多款口味Häagen-Dazs選擇 (有最愛嘅焦糖脆餅🤩)，仲可以玩埋自家製雪糕機，當日係蜜瓜味，之後再自行加一系列配料🍈 
-
牛站(駅)麻辣火鍋放題 (銅鑼灣)
銅鑼灣駱克道463-483號銅鑼灣廣場二期11樓"
,櫻月,筲箕灣,日本料理,200-400,深夜食堂,沖繩豬手拉麵、日本軍雞雞翼、海膽甜蝦牛油果海膽豆腐、軍雞雞腎,https://www.instagram.com/p/DA8G60DvOlw/,DA8G60DvOlw,,"🏮30秒睇你有冇緣! 本地の拉麵居酒屋🍜
-
地區分類：#fca_筲箕灣
-
🔔影片聲音導航中

食啲咩同埋有冇位完全係靠緣份嘅居酒屋?! 依間由香港情侶主理嘅拉麵居酒屋，菜式取決於當日嘅時令食材，所以好多都係menu上搵唔到🫢‼️ 加上店內只有9個座位，所以食唔食到真係好靠緣份🤣 最勁嘅係師傅可以一個人做哂串燒、炸物，日本料理以及拉麵，連cocktails都係自己整，仲會有時間同食客吹水，真係鐵人般嘅存在🔥 店內嘅拉麵最受歡迎，有近10款選擇，而Lunch time 拉麵介乎$70-$100，幾抵玩！大家不況支持一下本地小店～
-
< 前菜 >
•海膽甜蝦牛油果海膽豆腐 ($248)
足足4層嘅組合‼️ 鮮甜嘅北海道海膽，配上甜蝦刺身、牛油果肉以及加入了海膽製成嘅豆腐，一啖過4重口感！

•腦天 ($208)
腦天即係吞拿魚頭部嘅肉，而每條吞拿魚只有2塊😍 油脂感極高，魚味濃厚，質感軟滑，可惜當日有幾舊有筋位～
*
< 串燒 >
•日本銀杏 ($48)
•軍雞雞腎 ($32)
•日本軍雞雞翼 ($40)

去居酒屋當然要食返啲串燒🔥 超愛軍雞雞腎，脹卜卜非常爽脆，燒得剛剛好，唔會乾身～ 雞翼亦係必點！外皮燒得金黃焦脆，裏面保留唔少肉汁🐓 串燒會放係喜馬拉雅鹽板上，吸引天然嘅鹽份～
*
 < 燒物/炸物 >
•鹽燒沙甸魚 ($138)
燒原條沙甸魚🐟 秋天亦係當造嘅季節，魚皮燒得脆脆的，而裏面嘅魚肉柔軟，簡單用鹽&檸檬汁調味就足夠，充分保留魚嘅鮮味～
*
•水牛芝士紫蘇卷 ($98)
會拉絲嘅水牛芝士夠哂邪惡🧀️ 幾特別嘅係外層炸粉加左紫蘇葉，上層亦灑上木魚絲，整個味道更日系了～

•朴葉焗廣島生蠔 ($158)
用朴葉包裹住生蠔一齊焗，做法貼近日本的鄉土料理～ 一打開已經聞到朴葉嘅清香，香氣亦滲透落生蠔裏面，粒粒飽滿🦪 
*
< 主食 >
•沖繩豬手拉麵 ($168)
當日差不多有十款拉麵選擇，而且款式幾特別，例如鮭魚白子鹽湯拉麵、仙鳳趾生蠔拉麵、夢之和牛拉麵、京都水鴨拉麵等🍜 今次靠緣份食到嘅豬手拉麵，豬手燒過嚟，食落口感QQ的，很爽彈！糖心蛋亦做到流心效果，整體係一碗幾高質嘅拉麵😍

•博多雞肉炒飯 ($168)
真係要食啲碳水先夠滿足🤭 依款炒飯放咗雞肉、粟米、蔥花、沙律醬以及燒汁，幾惹味，如果放埋牛蒡、香菇得配料成個味道會更豐富～
*
< 雞尾酒/清酒 >
•The moon ($128)
•Cuban Seashore ($128)
•清酒Set ($188/3杯)

兩款雞尾酒都係酸酸甜甜，偏容易入口嘅味道🍹 個人會比較推介大家試吓依到嘅清酒，款式比較多，而且會根據返食物而度身訂造返清酒Set～
-
Ps. 影片中$460的緣份MAX其實係魚生拼盤喔～
-
櫻月 (筲箕灣)
筲箕灣筲箕灣道269A號地下D及E號舖"
,金泰子泰國餐廳,太子,泰國菜,100-200,大班聚會,冬陰公海鮮麵鍋、咖喱軟殼蟹大包、海蝦刺身,https://www.instagram.com/p/DBn22Tiv5yx/,DBn22Tiv5yx,,"🇹🇭夠誇張! 米芝蓮同款冬陰公海鮮麵🦀
-
地區分類：#fca_太子
-
經過太子無意中咁都搵到係泰國上次食唔到嘅冬陰公海鮮麵?!😍❤️ 係曼谷Jeh O Chula嘅冬陰功海鮮麵紅到攞米芝蓮推介，唔排隊真係唔洗旨意食到～ 賣點係Size多大，海鮮配料夠多，最重要就係個冬陰功湯底✨ 今次依間泰菜小店唔止冬陰公麵夠大，其他菜式都夠大份，店員廚師都係泰國人，味道幾正宗，啱哂同一班朋友一齊食🤭
-
海蝦刺身 ($98)
每次食泰國菜都一定要叫嘅泰式生蝦‼️ 呢度嘅口感結實爽彈，點埋個泰式青辣醬，夠哂過癮！
*
冬陰公海鮮麵鍋 ($168)
衝住依個冬陰公海鮮MAMA麵而來，果然冇失望😍 個湯底夠濃郁，而且海鮮配料超足，有齊鮮蝦、魷魚、帶子、墨魚、蜆等，仲有兩粒豬肉丸～ 麵條吸收晒湯底嘅精華，真係不得了😎
*
咖喱軟殼蟹大包 ($198)
比想睇中更「巨」!!! 煙韌嘅農夫包裏面係滿滿炸得酥脆嘅軟殼蟹🦀 再倒入海量嘅咖哩汁，好邪惡！
*
炒飛天通菜 ($60)
泰式炒豬頸肉金邊粉 ($77)

其餘兩款經典泰國菜都做得唔錯！炒Pad Thai仲可以選擇蟹肉/蝦/豬頸肉/豬扒🤩 可惜當日嘅麵條比較散碎～
-
金泰子泰國餐廳 (太子)
太子柏樹街17A號地舖"
,捌加廿陸天婦羅居酒屋,旺角,日本料理,100-200,打卡必到,原隻活龍蝦天婦羅、軟殼蟹天丼、自選天婦羅丼（半熟蛋、穴子、黑虎蝦）,https://www.instagram.com/p/DAxxz6TvGtI/,DAxxz6TvGtI,,"🦞30秒睇! 人氣の巨型活龍蝦天婦羅🍤
-
地區分類：#fca_旺角 
-
🔔影片聲音導航中

真係估唔到連原隻龍蝦都可以做到天婦羅‼️ 仲係最平$68就食到?! 依個出自長期人龍嘅天婦羅店，主打車仔麵式自選天婦羅丼，由$30起跳就食到，27款天婦羅自行組合，吸引到唔少人潮聖～ 而最近新出嘅活龍蝦天婦羅再次引起熱潮，唔洗$100就食到，分分鐘抵過自己出去買😱🔥 依家佢哋仲開埋尖沙咀分店，大家去食就更方便了！
-
軟殼蟹天丼 ($108)
衝住依款近期新出嘅軟殼蟹天丼🤭 大大隻超酥脆，而且幾厚身，食落去唔會得陣風，果然冇失望✨🦀 同時仲會有蟹籽、半熟蛋、茄子、露荀、紫菜 & 蟹棒，很滿足就對了！
*
原隻活龍蝦天婦羅 ($128/大)
其實最平$68已經食到原隻龍蝦天婦羅😱❤️ 活龍蝦$88，如果XL Size就再少少$128，但其實已經好抵玩!!! 舊肉差唔多手掌咁長，肉質爽彈，加上薄薄嘅炸粉，比一般嘅龍蝦口感更正了！
*
自選天婦羅丼 
$30起就已經食到，仲要差不多有27款人婦羅選擇😍 主食亦有7款揀，個人每次都會叫
鰹魚湯烏冬，口感煙韌彈牙～ 私心推介必叫穴子、鮮帶子、黑虎蝦 以及半熟蛋！就選唔鐘意海鮮都要點半熟蛋，流心蛋汁配上白飯不得了！
*
沙冰麒麟啤酒 ($88)
今次去竟然見到沙冰版麒麟啤酒🍻❄️ 飲落超冰凍，配天婦羅亦夠哂爽！
-
捌加廿陸天婦羅居酒屋 (旺角)
旺角窩打老道31-39號翠園大廈一期地下33A號舖

捌加廿陸天婦羅居酒屋 (尖沙咀)
尖沙咀緬甸臺8號凱譽地下17號舖"
,露營生活,銅鑼灣,日本料理,988,打卡必到,廚師發辦 Omakase、炭燒近江牛肉眼、櫻花海老炒飯,https://www.instagram.com/p/DAsqSApvvD_/,DAsqSApvvD_,,"🏕️日本師傅主理! 入Camp食Omakase🥢
-
地區分類：#fca_銅鑼灣
-
依間主打露營️風嘅日式燒肉店，一向都好受歡迎️⛺❤ 比大家可以體驗一邊露營一邊燒肉嘅休閒感覺～ 而最近竟然新請有成40年經驗，曾任職於香格里拉酒店嘅日本師傅坐鎮，打造日式omakase，加上露營️風佈置，又有另一番風味🤭 菜式比較接近會席料理，非平時接觸嘅壽司omakase，所以會以割烹料理為主！當中可以試到師傅席前炭燒日本和牛以及炒飯～ 比較可惜嘅係bar位比較高，未能睇到師傅嘅全部嘅製作過程。
-
🥢 廚師發辦 Omakase ($988/pp)
-
 < 前菜 >
•紅蟹膏·紅松葉蟹肉
•甜栗
•薩摩芋甘煮·明太子豆腐漬·大根三文魚醬油

一開始以紅松葉蟹打頭陣🦀 配上蟹膏，鹹鮮味突出～ 而開始當造嘅栗子原粒上，食返栗子最原本嘅甜味🌰 
* < 刺身 > •赤身·秋刀魚
踏入秋天開始肥美嘅秋刀魚！整體處理得幾好，肉質帶彈性，建議搭配薑蓉食🥢
* < 椀物 > •北海道帆立貝真丈湯
真丈即係類似丸子咁，割烹料理成日會出現嘅菜式✨ 質感蓬鬆，帶帆立貝以及魚肉嘅鮮味～
* < 燒物 > •炭燒近江牛肉眼
由師傅席前炭燒🐂🔥 用上有「日本三大和牛」之一嘅近江牛，油脂分布平均，可以清楚品嚐到肉嘅油香與鮮味！
* < 酢物 > •鰻魚、胡瓜
蒲燒鰻魚配上酸酸甜甜嘅青瓜，有助一解和牛嘅油膩感😌
* < 主食 > •櫻花海老炒飯
連炒飯都係由日藉師傅操刀！從佢不斷拋鑊姿勢就知炒飯食落粒粒分明，而且每粒飯都充滿櫻花蝦以及蟹肉嘅鮮味🍚❤️ 果然最簡單嘅嘢越唔可以睇少！
* < 甘味 > •日本水果
-
露營生活 (銅鑼灣)
銅鑼灣軒尼詩道502號黃金廣場4樓"
,1908bc British Chinese,上環,中菜,400-800,打卡必到,蝦多士配甜辣醬、香酥鴨跟薄餅、六兩大閘蟹、燒牛肋骨,https://www.instagram.com/p/DCRE4FJPUvO/,DCRE4FJPUvO,,"🥢留學回憶殺! 香港首間英式中菜館🫖
-
地區分類：#fca_上環 
-
唐人街相信係每個係外國嘅華人都會去一轉嘅地方～ 而係香港竟然都隱藏一間還原唐人街風味嘅英式唐餐館😱✨ 餐廳由英藉華人主理，命名為1908BC原來係指1908年英國第一間中菜館誕生! 店內除左有唔少英式中菜，仲有點心供應～ 最近大閘蟹季節仲可以試埋大閘蟹🤤 餐廳户外仲有露天位置飲返兩杯添！
-
六兩大閘蟹 (時價)
媽媽要求想食大閘蟹，細嘅當然要做嘢🤣 依到原來要提早三日預訂，餐廳先會攞貨，保證新鮮 & 正貨陽澄湖！上手夠哂足秤，兩隻都係公蟹，爆膏兼有唔少白膏🦀 食一兩隻過下口癮都唔錯！
*
時日中式湯 ($60)
當日為五指毛桃雞腳湯，非常足料，飲得出係原汁原味，好似返左屋企飲媽媽靚湯咁❤️
*
香酥鴨跟薄餅 ($200)
變奏版嘅西式片皮鴨🤭 用焗得外層酥脆嘅鴨腿代替平時嘅片皮鴨～ 配搭返大蔥、青瓜、甜醬 以及餅皮一齊食，又幾有趣！感覺比平時的肉味更濃，連鴨皮一齊食就更脆口 🦆
*
蝦多士配甜辣醬 ($160)
不得不說，依到嘅炸蝦多士拍得住出面嘅中菜廳，超高質的‼️ 外層沾滿芝麻好香口，再放上大大隻爽彈嘅蝦肉；多士中間夾住一層蝦膠～ 最重要係炸完都keep住乾爽唔滲油，勁 😎👍🏼
*
燒牛肋骨 ($480)
港式懷舊鐵板嘅燒牛肋骨，淋上醬汁個刻好似係舊式扒房咁～ 夠哂熱辣辣🔥 肉質意外地軟腍，但同時保留返應有嘅口感！牛味濃郁帶油香🐂 配返泡菜一齊食有解膩嘅作用！
*
宮保蝦球 ($320)
醬汁偏甜酸口，有點像糖醋汁，而每個蝦球都好大隻而且沾滿醬汁，很下飯🤤
*
招牌炸魚薯條跟咖哩汁 ($230)
成塊面咁大嘅炸魚薯條🐟🤣 外層炸得金黃香脆，炸粉比例恰到好處，很Classic地配上青豆蓉 (冇乜青味，唔鍾意青豆嘅人都可以試吓😏) 用咖哩汁取替一貫嘅他他Sauce，但卻有點遮蓋到魚嘅鮮味～
*
Pu Erh Old Fashioned ($125)
店內亦有唔少Cocktails選擇~ 比較特別嘅推薦依杯用上普洱infused Bourbon做Base嘅Old Fashion，飲落真係有淡淡茶嘅清香🍂
-
1908bc British Chinese (上環)
上環文咸東街22-26號柏廷坊5樓"
,霜瀛,尖沙咀,日本料理,1680,大班聚會,大拖羅壽司、新鮮帆立貝、金目鯛、慢煮鮑魚配鮑肝醬,https://www.instagram.com/p/DAqFSyxvaEZ/,DAqFSyxvaEZ,,"🇯🇵免費追加壽司の最強Omakase🥢
-
地區分類：#fca_尖沙咀
-
🔔影片聲音導航中

人生第一次體驗「壽司馬拉松」! 食足25品廚師發辦，仲可以免費追加11款手握壽司😱‼️ 當中嘅大拖羅壽司一樣可以無限任食！聽師傅講最高紀錄竟然可以追加48件壽司!!! (個人感覺其實食多幾件拖羅壽司已經回到本🤭) 依家仲有第二、三位可享50% OFF，拉多幾個朋友去，CP值拉滿！
-
🪭 瀛Menu ($1680/位)*
*第二、三位可享半價優惠
-
< 先付三品 >
•三文魚子蟹膏豆腐
•湯葉
•白粟米
*
< 蒸蛋 >
•松葉蟹肉海膽茶碗蒸
*
< 日本生蠔 >
•赤穗蠔 
•水晶蠔 
•厚岸蠔

一口氣試匀3款日本生蠔🦪 每款都有唔同嘅配搭！赤穗蠔簡單地配上酸汁；水晶蠔配白酒啫喱，帶返蠔肉嘅鮮味；而厚岸蠔則配上青檸啫喱以及 沖繩海葡萄～
*
< 時令刺身3款 >
•金蝦·魚子醬
•沙甸魚·薑蔥豉油
•櫻花木煙燻鰹魚
*
< 季節料理 > 
•慢煮鮑魚配鮑肝醬
通常出面食都係比幾片，但依到係原隻😍 口感軟腍帶彈性，配上濃厚嘅鮑肝醬。
*
< 手握壽司12貫 >
•粒子壽司·三星漬
•蜜柑鯛
•魴鮄魚·柚子胡椒
•金目鯛
•深海池魚·白松露
•金線鯛·烏魚子
•新鮮帆立貝
•活赤貝
•梳子魚·芥末漬
•西京銀鱈魚·麵豉醬
•大拖羅·淡雪鹽
•北海道馬糞海膽

一共12款壽司，當中除左海膽壽司，其他一律可以無限追加直至last order ♾️️🍣 私心推薦新鮮帆立貝以及金目鯛，比較light啲，食多幾件都冇問題！鐘意油脂感豐富啲嘅可以試火炙梳子魚，配上芥末漬剛剛好～西京銀鱈魚搭配甜甜嘅麵豉醬，又意外地不錯！回本位大拖羅，一定要食多幾件啦🤭
*
< 吸物 >
•日本舞茸菇清湯
*
< 甜品拼盤 >
•日本蜜瓜·最中餅雪糕
-
霜瀛 (尖沙咀)
尖沙咀金馬倫道33號The Cameron 1樓102號舖"
,伍佰私廚•海鮮火鍋,尖沙咀,中菜,500,大班聚會,金湯脆米海斑、新加坡胡椒焗花竹蝦、椒汁聖子皇,https://www.instagram.com/p/DBBk-aIopsE/,DBBk-aIopsE,,"🥢海鮮控出動! 你要知道的高質私房菜✨
-
地區分類：#fca_尖沙咀
-
🔔影片聲音導航中

由尖沙咀返工嘅朋友介紹果然唔會錯🤭 依間未係太多人知嘅私房菜x海鮮火鍋店，係四月份開業～ 去到叫海鮮一定冇錯，問爆DM嘅金湯脆米海斑更係招牌之一❤️ 鐘意打邊爐嘅朋友仲可以包廂！網上發現鑊氣小菜依家仲有78折‼️ 當日4個人去食，計返差不多人均五百左右，可以比大家參考下～
-
椒汁聖子皇
好香花椒味嘅涼拌聖子皇！辣度剛好，而且椒麻味突出，幾過口癮😍 最重要係聖子皇好爽彈，配上爽脆嘅雲耳，不知不覺好快食哂！
*
新加坡胡椒焗花竹蝦
胡椒蟹就食得多，原來胡椒蝦都咁好食🫢❤️ 用上砂鍋焗嘅方法，令花竹蝦充滿白胡椒嘅香味！所以食嘅時候記住啜下個蝦殼先～ 蝦肉亦夠新鮮結實！
*
金湯脆米海斑
超多人問嘅金湯脆米海斑🐟✨ 當日係花鷹斑，肉質爽實鮮甜，上面再淋上由魚湯+南瓜熬製而成嘅金湯～ 記住要快啲食，脆米淋哂會影響口感～
*
蔥爆日本海參
非常Q彈而且滑嘟嘟，對女士們夠哂滋補🥰 最鐘意係佢哋個醬汁，意外地惹味！
*
生炒糯米飯
秋冬暖身之選～ 依度嘅糯米飯炒得唔錯，乾濕程度剛剛好，飯粒煙韌，而且充滿臘味嘅香味🥢
*
•紅棗糕 
•薑茶湯圓

最後用兩款甜品再結尾～ 兩者正常發揮，係紅棗糕唔夠軟糯煙韌🫢
-
伍佰私廚•海鮮火鍋 (尖沙咀)
尖沙咀天文臺道8號3樓2號舖"
,LucAle,西營盤,西式,400-600,拍拖約會,紙包海鮮手切幼麵、米蘭式炸豬扒、24個月巴馬火腿配水牛芝士、Tropical egg,https://www.instagram.com/p/DA5iIaJPPcc/,DA5iIaJPPcc,,"🇮🇹30秒帶你睇! 米芝蓮推介小巷意菜🍴
-
地區分類：#fca_西營盤 
-
🔔影片聲音導航中

真係後悔咁遲先知道依間意大利菜！餐廳位於小巷中間，行過都幾容易錯過，無意中喺IG上見到佢哋handmade pasta嘅片先發現到🫢 餐廳由兩位酒店級意大利主廚坐鎮，主打家鄉風味意大利菜！尤其係佢哋新鮮手工製意大利粉最受歡迎🔥(就是意大利會食到的味道❤️) 餐廳仲喺今年攞埋米芝蓮推介，實屬喺今年值得一訪嘅意菜！
-
< 𝗡𝗢𝗥𝗖𝗜𝗡𝗘𝗥𝗜𝗔 >
•Burrata “Deliziosa” & 24 Month Aged Parma Ham ($178/HALF)
基本上每枱都會叫嘅前菜❤️ 即叫即切，而且份量毫不手軟嘅24個月巴馬火腿，配上軟心水牛芝士，完全組合，就算半份都夠2-3人share!
*
< 𝗛𝗢𝗠𝗘𝗠𝗔𝗗𝗘 𝗣𝗔𝗦𝗧𝗔 >
Homemade Black Truffle Spaghetti ($218)
手工黑松露意粉，雖然黑松露份量唔算多，但就好香✨ 加左合桃麵包碎增加口感！
*
Tagliolini Pasta in Paper Box ($298)
紙包海鮮手切幼麵 🍴 餐廳嘅招牌之一！意粉同樣係手工製，所以粗幼有點不一，而口感充滿彈性，掛滿新鮮嘅番茄醬🥰 配料亦都唔少，有龍蝦、蝦肉以及帶子。
*
 < 𝗦𝗘𝗖𝗢𝗡𝗗𝗜 >
Pork Chop Milanese Style ($348) 
米蘭式炸豬扒🐖 之前係其他餐廳試過炸小牛扒，食次嘅米蘭炸豬扒亦有驚喜！外層炸得金黃酥脆，肉質意外地軟嫩，保留唔少肉汁，好少餐廳做到咁高質😍
*
< 𝗗𝗢𝗟𝗖𝗘 >
LucAle’s Style Tiramisù ($108)
佢哋嘅Tiramisu比較厚身，口感未算輕盈軟滑，有啲貼近薯蓉嘅質感，個人而言比較一般🫢 但中間加左榛子果仁，增加不少口感🥄
*
Tropical egg ($108)
對比起Tiramisu，今次更推薦依款會熱情果椰子慕絲朱古力蛋，味道酸爽解膩，下層仲有混合熱情果醬嘅椰子肉🥥🧡
-
LucAle (西環)
西環西營盤第三街100號地下A號舖"
,Bibigo Bapsang,中環,韓國料理,50-100,打卡必到,韓式烤牛肉雜菜炒粉絲、韓式甜辣炸雞,https://www.instagram.com/p/DA3RaorIaIt/,DA3RaorIaIt,,"🇰🇷20秒搶先睇! bibigo首間實體店登港✨
-地區分類：#fca_中環 -
🔔影片聲音導航中

韓國過江龍bibigo bapsang登陸中環，仲要係全球第一間門店😱❤️ 餐廳提供一系列韓國料理，其中包括大家最愛嘅烤牛肉粉絲、韓式拌飯、韓式炸雞等～ 最重要係三道菜嘅套餐最平只係$49起，包含主菜+伴菜+飲品，係中環而言真係夠晒貼地！

‼️ bibigo bapsang將於10月10日至12日，係中環店派發1000張優惠券！食客憑每張優惠券，於開業首三天内，可免費兌換一件炸餃子+兩件韓式甜辣炸雞！
-
< 𝗖𝗢𝗠𝗕𝗢 >
🌟1 MAIN + 1 SIDE + 1 BEVERAGE

•辣炒年糕味炒麵 ($49)
•泡菜豬肉湯麵 ($56)
•韓式烤牛肉雜菜炒粉絲 ($56)

個人最鍾意烤牛肉雜菜炒粉絲🤭 粉絲質感Q彈，配上韓式烤牛肉，作為一個lunch嘅份量剛剛好！而辣炒年糕味炒麵成個set只係$49，辣度係大眾都接受到嘅程度，如果想辣啲可以同店員講🥢 唔食辣嘅可以選擇芝士口味～
*
< 𝗦𝗜𝗗𝗘 >
•MICHO 果醋醃蘿蔔
•卜卜脆紫菜

私心推薦果醋醃蘿蔔，酸爽開胃🥰 另外仲有泡菜選擇！
*
< 𝗔𝗗𝗗 𝗢𝗡 >
•韓式甜辣炸雞 ($42/中)
•炸豬肉泡菜餃子 ($18/2隻)

想整個套餐更豐富，可以另加一系列韓式小食🤤 幾推薦韓式甜辣炸雞，醬汁非常惹味！而豬肉泡菜餃子外皮亦炸至香脆🥟
*
< 𝗕𝗘𝗩𝗘𝗥𝗔𝗚𝗘 >
•石榴果醋蘇打
•菠蘿果醋蘇打
-
‼️bibigo bapsang將會在Instagram舉行抽獎，並挑選三位幸運兒，每人送出兩頓免費套餐！快啲follow @bibigo_bapsang 留意最新資訊！
-
Bibigo Bapsang (中環)
中環閣麟街32-34號美輪樓地下B號舖

#livedeliciousonthego #bibigobapsang"
,Wintage Fusion,灣仔,西式,1088,大班聚會,魚子醬 白蝦 魷魚 煙燻奶油 蒔蘿油,https://www.instagram.com/p/DAaoqxrPoYp/,DAaoqxrPoYp,,"🍷邊食邊唱K?! 新開創意Fusion菜🍴
-
地區分類：#fca_灣仔 
-
估唔到食Fine Dining都可以咁盡興?! 依間係灣仔新開嘅西餐廳，主打糅合法國、日本及其他亞洲國家元素嘅創新料理✨ 剛剛新開兩個月，已經發現有唔少明星捧場！皆因一班朋友去可以包房兼唱K，私隱度高，冇咗食Fine Dining嘅壓迫感🥰 而選擇坐喺出邊吧枱位置，夠輕鬆之餘仲可以飲返兩杯Cocktails～
-
🥂 Wintage Dinner Set ($1088/pp)
-
印度麵包·紅椒醬
*
秘製上特臘肉|薯仔泡沫
一個bite size嘅開胃前菜，竟然藏有3款唔同形態嘅薯仔，包括鹽焗、泡沫及低溫脆炸薯絲🫢 一口食落帶絲滑嘅嘅薯仔泡沫之餘，同時帶薯絲嘅酥脆口感！
*
魚子醬| 白蝦| 魷魚 | 煙燻奶油| 蒔蘿油
其中一道招牌菜，以慷慨嘅魚子醬打頭陣😎 下層放上富山灣白蝦 以及本地熟成大墨魚，配以備長炭煙燻奶油，突顯到海鮮嘅鮮味，同時幾有層次❤️
*
•魚子醬 |藍蟹|有機藜麥| 芒果及百香果
成個presentation夠哂搶眼！魚子醬蟹肉沙律，裏面加左青蘋果以及有機藜麥，連埋面層嘅青檸啫喱 & 芒果、熱情果、椰子果蓉🌴 整個組合幾清新輕盈！
*
•法國鵝肝 | 球芽甘藍丨法國黑巧克力 | 15年意大利陳醋
牛扒配朱古力醬就試過，估唔到配鵝肝又幾match🥰 最主要係用上黑朱古力嘅關係，甘苦中帶意大利陳醋嘅酸爽，搭配返濃郁嘅鵝肝又幾有衝擊感，亦有效減低油膩感✨
*
雪蟹|自家製XO醬
主菜為港式風味XO醬意粉，之前都試過咁嘅配搭🍴 食落幾惹味，但又唔會太heavy~ 但可能會蓋過雪蟹肉嘅鮮味。
*
•日本士多啤梨 | 自家製吉士醬
以士多啤梨吉士撻作結尾🍓 上面放上開心果碎作點綴～ 正常發揮，略為覺得有點保守，冇乜驚喜感。
-
Wintage Fusion (灣仔)
灣仔軒尼詩道318號永倫立方1樓B號舖"
,肉肉大米,沙田,日本料理,95-110,打卡必到,和牛漢堡x和牛芝士漢堡扒套餐、和牛蟹肉漢堡扒,https://www.instagram.com/p/DAn0u66yVoo/,DAn0u66yVoo,,"🇯🇵30秒搶先睇! 日式席前漢堡扒店✨
-
地區分類：#fca_沙田 
-
未開到嚟香港已經充滿話題性嘅依間漢堡扒專門店，10月3日終於正式登陸香港‼️究竟同大家成日講起嘅挽肉と米又有咩大分別呢？
係到最平$95就已經可以食到「和牛漢堡排2 個」套餐！而返有套餐除左包日本米飯任食，連麵豉湯 & 西蘭花都係無限追加😎 另外，除左經典和牛漢堡扒，依到仲有雙重芝士漢堡扒 以及十月限定- 和牛蟹肉漢堡扒，口味選擇更多了～ 雖然餐廳於內地設多間分店，但其實來自日本品牌，大家又buy唔buy呢？🤭
-
和牛漢堡x和牛芝士漢堡扒套餐 ($110)
最classic嘅和牛漢堡，一定要配返日本生雞蛋先夠正！仲有成8款醬汁自行調味✨而芝士漢堡扒更誇張，先放車打芝士片，再刨上車打芝士🧀️ 夠哂邪惡！
*
和牛蟹肉x和牛漢堡扒套餐 ($110)
十月限定和牛蟹肉漢堡扒🦀 加上柚子柚、青檸汁以及紫蘇葉，減低左油膩感～
-
肉肉大米 (沙田)
沙田沙田正街18-19號新城市廣場一期1樓108號舖"